{
    "providers": [
        {
            "type": "bitmap",
            "file": "minecraft:font/cooldown/mini_bar/chest.png",
            "ascent": -46,
            "height": 6,
            "chars": [
                "a",
                "b",
                "c",
                "d",
                "e",
                "f",
                "g",
                "h",
                "i",
                "j",
                "k",
                "l",
                "m",
                "n",
                "o",
                "p",
                "q",
                "ε"
            ]
        }
    ]
}