{
    "credit": "Made with Blockbench",
    "texture_size": [
        64,
        64
    ],
    "textures": {
        "0": "item/mob/stick/20015/texture2",
        "particle": "item/mob/stick/20015/texture2"
    },
    "elements": [
        {
            "from": [
                8.68629,
                4.5,
                -1.65685
            ],
            "to": [
                14.34315,
                10,
                4
            ],
            "rotation": {
                "angle": -45,
                "axis": "y",
                "origin": [
                    6.34315,
                    4,
                    -1.65685
                ]
            },
            "faces": {
                "north": {
                    "uv": [
                        1.25,
                        5.25,
                        2.5,
                        6.5
                    ],
                    "texture": "#0"
                },
                "east": {
                    "uv": [
                        0,
                        5.25,
                        1.25,
                        6.5
                    ],
                    "texture": "#0"
                },
                "south": {
                    "uv": [
                        3.75,
                        5.25,
                        5,
                        6.5
                    ],
                    "texture": "#0"
                },
                "west": {
                    "uv": [
                        2.5,
                        5.25,
                        3.75,
                        6.5
                    ],
                    "texture": "#0"
                },
                "up": {
                    "uv": [
                        2.5,
                        5.25,
                        1.25,
                        4
                    ],
                    "texture": "#0"
                },
                "down": {
                    "uv": [
                        3.75,
                        4,
                        2.5,
                        5.25
                    ],
                    "texture": "#0"
                }
            }
        },
        {
            "from": [
                4,
                4,
                4
            ],
            "to": [
                12,
                12,
                12
            ],
            "rotation": {
                "angle": 0,
                "axis": "y",
                "origin": [
                    4,
                    4,
                    4
                ]
            },
            "faces": {
                "north": {
                    "uv": [
                        2,
                        2,
                        4,
                        4
                    ],
                    "texture": "#0"
                },
                "east": {
                    "uv": [
                        0,
                        2,
                        2,
                        4
                    ],
                    "texture": "#0"
                },
                "south": {
                    "uv": [
                        6,
                        2,
                        8,
                        4
                    ],
                    "texture": "#0"
                },
                "west": {
                    "uv": [
                        4,
                        2,
                        6,
                        4
                    ],
                    "texture": "#0"
                },
                "up": {
                    "uv": [
                        4,
                        2,
                        2,
                        0
                    ],
                    "texture": "#0"
                },
                "down": {
                    "uv": [
                        6,
                        0,
                        4,
                        2
                    ],
                    "texture": "#0"
                }
            }
        },
        {
            "from": [
                -1,
                10,
                6.5
            ],
            "to": [
                5,
                13,
                9.5
            ],
            "rotation": {
                "angle": -22.5,
                "axis": "z",
                "origin": [
                    1,
                    10.5,
                    8
                ]
            },
            "faces": {
                "north": {
                    "uv": [
                        5.75,
                        6.25,
                        7.25,
                        7
                    ],
                    "texture": "#0"
                },
                "east": {
                    "uv": [
                        5,
                        6.25,
                        5.75,
                        7
                    ],
                    "texture": "#0"
                },
                "south": {
                    "uv": [
                        8,
                        6.25,
                        9.5,
                        7
                    ],
                    "texture": "#0"
                },
                "west": {
                    "uv": [
                        7.25,
                        6.25,
                        8,
                        7
                    ],
                    "texture": "#0"
                },
                "up": {
                    "uv": [
                        7.25,
                        6.25,
                        5.75,
                        5.5
                    ],
                    "texture": "#0"
                },
                "down": {
                    "uv": [
                        8.75,
                        5.5,
                        7.25,
                        6.25
                    ],
                    "texture": "#0"
                }
            }
        },
        {
            "from": [
                -1.0341,
                10.84343,
                6.515
            ],
            "to": [
                1.9359,
                16.78343,
                9.485
            ],
            "rotation": {
                "angle": 0,
                "axis": "z",
                "origin": [
                    -0.5391,
                    14.80343,
                    8
                ]
            },
            "faces": {
                "north": {
                    "uv": [
                        6.5,
                        0.5,
                        7,
                        1.75
                    ],
                    "texture": "#0"
                },
                "east": {
                    "uv": [
                        6,
                        0.5,
                        6.5,
                        1.75
                    ],
                    "texture": "#0"
                },
                "south": {
                    "uv": [
                        7.5,
                        0.5,
                        8,
                        1.75
                    ],
                    "texture": "#0"
                },
                "west": {
                    "uv": [
                        7,
                        0.5,
                        7.5,
                        1.75
                    ],
                    "texture": "#0"
                },
                "up": {
                    "uv": [
                        7,
                        0.5,
                        6.5,
                        0
                    ],
                    "texture": "#0"
                },
                "down": {
                    "uv": [
                        7.5,
                        0,
                        7,
                        0.5
                    ],
                    "texture": "#0"
                }
            }
        },
        {
            "from": [
                14.0641,
                10.84343,
                6.515
            ],
            "to": [
                17.0341,
                16.78343,
                9.485
            ],
            "rotation": {
                "angle": 0,
                "axis": "z",
                "origin": [
                    16.5391,
                    14.80343,
                    8
                ]
            },
            "faces": {
                "north": {
                    "uv": [
                        0.5,
                        0.5,
                        1,
                        1.75
                    ],
                    "texture": "#0"
                },
                "east": {
                    "uv": [
                        0,
                        0.5,
                        0.5,
                        1.75
                    ],
                    "texture": "#0"
                },
                "south": {
                    "uv": [
                        1.5,
                        0.5,
                        2,
                        1.75
                    ],
                    "texture": "#0"
                },
                "west": {
                    "uv": [
                        1,
                        0.5,
                        1.5,
                        1.75
                    ],
                    "texture": "#0"
                },
                "up": {
                    "uv": [
                        1,
                        0.5,
                        0.5,
                        0
                    ],
                    "texture": "#0"
                },
                "down": {
                    "uv": [
                        1.5,
                        0,
                        1,
                        0.5
                    ],
                    "texture": "#0"
                }
            }
        },
        {
            "from": [
                11,
                10,
                6.5
            ],
            "to": [
                17,
                13,
                9.5
            ],
            "rotation": {
                "angle": 22.5,
                "axis": "z",
                "origin": [
                    15,
                    10.5,
                    8
                ]
            },
            "faces": {
                "north": {
                    "uv": [
                        5.75,
                        4.75,
                        7.25,
                        5.5
                    ],
                    "texture": "#0"
                },
                "east": {
                    "uv": [
                        5,
                        4.75,
                        5.75,
                        5.5
                    ],
                    "texture": "#0"
                },
                "south": {
                    "uv": [
                        8,
                        4.75,
                        9.5,
                        5.5
                    ],
                    "texture": "#0"
                },
                "west": {
                    "uv": [
                        7.25,
                        4.75,
                        8,
                        5.5
                    ],
                    "texture": "#0"
                },
                "up": {
                    "uv": [
                        7.25,
                        4.75,
                        5.75,
                        4
                    ],
                    "texture": "#0"
                },
                "down": {
                    "uv": [
                        8.75,
                        4,
                        7.25,
                        4.75
                    ],
                    "texture": "#0"
                }
            }
        }
    ],
    "display": {
        "thirdperson_righthand": {
            "rotation": [
                0,
                0,
                -39
            ],
            "translation": [
                7.75,
                0,
                0
            ],
            "scale": [
                1.32,
                1.32,
                1.32
            ]
        },
        "thirdperson_lefthand": {
            "rotation": [
                0,
                0,
                -39
            ],
            "translation": [
                7.75,
                0,
                0
            ],
            "scale": [
                1.32,
                1.32,
                1.32
            ]
        },
        "head": {
            "scale": [
                2.24,
                2.24,
                2.24
            ]
        }
    }
}