{
    "credit": "Made with Blockbench",
    "texture_size": [
        32,
        32
    ],
    "textures": {
        "0": "item/mob/stick/20013/texture",
        "particle": "item/mob/stick/20013/texture"
    },
    "elements": [
        {
            "from": [
                4,
                5.5,
                6
            ],
            "to": [
                11,
                9.5,
                11
            ],
            "rotation": {
                "angle": 0,
                "axis": "y",
                "origin": [
                    3,
                    7.5,
                    5
                ]
            },
            "faces": {
                "north": {
                    "uv": [
                        2.5,
                        2.5,
                        6,
                        4.5
                    ],
                    "texture": "#0"
                },
                "east": {
                    "uv": [
                        0,
                        2.5,
                        2.5,
                        4.5
                    ],
                    "texture": "#0"
                },
                "south": {
                    "uv": [
                        8.5,
                        2.5,
                        12,
                        4.5
                    ],
                    "texture": "#0"
                },
                "west": {
                    "uv": [
                        6,
                        2.5,
                        8.5,
                        4.5
                    ],
                    "texture": "#0"
                },
                "up": {
                    "uv": [
                        6,
                        2.5,
                        2.5,
                        0
                    ],
                    "texture": "#0"
                },
                "down": {
                    "uv": [
                        9.5,
                        0,
                        6,
                        2.5
                    ],
                    "texture": "#0"
                }
            }
        },
        {
            "from": [
                7,
                3.5,
                6
            ],
            "to": [
                11,
                5.5,
                11
            ],
            "rotation": {
                "angle": 0,
                "axis": "y",
                "origin": [
                    3,
                    7.5,
                    5
                ]
            },
            "faces": {
                "north": {
                    "uv": [
                        2.5,
                        7,
                        4.5,
                        8
                    ],
                    "texture": "#0"
                },
                "east": {
                    "uv": [
                        0,
                        7,
                        2.5,
                        8
                    ],
                    "texture": "#0"
                },
                "south": {
                    "uv": [
                        7,
                        7,
                        9,
                        8
                    ],
                    "texture": "#0"
                },
                "west": {
                    "uv": [
                        4.5,
                        7,
                        7,
                        8
                    ],
                    "texture": "#0"
                },
                "up": {
                    "uv": [
                        4.5,
                        7,
                        2.5,
                        4.5
                    ],
                    "texture": "#0"
                },
                "down": {
                    "uv": [
                        6.5,
                        4.5,
                        4.5,
                        7
                    ],
                    "texture": "#0"
                }
            }
        },
        {
            "from": [
                4,
                3.5,
                7
            ],
            "to": [
                7,
                5.5,
                11
            ],
            "rotation": {
                "angle": 0,
                "axis": "y",
                "origin": [
                    3,
                    7.5,
                    5
                ]
            },
            "faces": {
                "north": {
                    "uv": [
                        9,
                        8,
                        10.5,
                        9
                    ],
                    "texture": "#0"
                },
                "east": {
                    "uv": [
                        7,
                        8,
                        9,
                        9
                    ],
                    "texture": "#0"
                },
                "south": {
                    "uv": [
                        12.5,
                        8,
                        14,
                        9
                    ],
                    "texture": "#0"
                },
                "west": {
                    "uv": [
                        10.5,
                        8,
                        12.5,
                        9
                    ],
                    "texture": "#0"
                },
                "up": {
                    "uv": [
                        10.5,
                        8,
                        9,
                        6
                    ],
                    "texture": "#0"
                },
                "down": {
                    "uv": [
                        12,
                        6,
                        10.5,
                        8
                    ],
                    "texture": "#0"
                }
            }
        },
        {
            "from": [
                5,
                3.5,
                11
            ],
            "to": [
                11,
                8.5,
                13
            ],
            "rotation": {
                "angle": 0,
                "axis": "y",
                "origin": [
                    3,
                    7.5,
                    5
                ]
            },
            "faces": {
                "north": {
                    "uv": [
                        1,
                        9,
                        4,
                        11.5
                    ],
                    "texture": "#0"
                },
                "east": {
                    "uv": [
                        0,
                        9,
                        1,
                        11.5
                    ],
                    "texture": "#0"
                },
                "south": {
                    "uv": [
                        5,
                        9,
                        8,
                        11.5
                    ],
                    "texture": "#0"
                },
                "west": {
                    "uv": [
                        4,
                        9,
                        5,
                        11.5
                    ],
                    "texture": "#0"
                },
                "up": {
                    "uv": [
                        4,
                        9,
                        1,
                        8
                    ],
                    "texture": "#0"
                },
                "down": {
                    "uv": [
                        7,
                        8,
                        4,
                        9
                    ],
                    "texture": "#0"
                }
            }
        },
        {
            "from": [
                7.65,
                9.53858,
                3.69396
            ],
            "to": [
                9.65,
                10.53858,
                7.69396
            ],
            "rotation": {
                "angle": 22.5,
                "axis": "x",
                "origin": [
                    8.65,
                    9.86627,
                    4.32769
                ]
            },
            "faces": {
                "north": {
                    "uv": [
                        2,
                        13.5,
                        3,
                        14
                    ],
                    "texture": "#0"
                },
                "east": {
                    "uv": [
                        0,
                        13.5,
                        2,
                        14
                    ],
                    "texture": "#0"
                },
                "south": {
                    "uv": [
                        5,
                        13.5,
                        6,
                        14
                    ],
                    "texture": "#0"
                },
                "west": {
                    "uv": [
                        3,
                        13.5,
                        5,
                        14
                    ],
                    "texture": "#0"
                },
                "up": {
                    "uv": [
                        3,
                        13.5,
                        2,
                        11.5
                    ],
                    "texture": "#0"
                },
                "down": {
                    "uv": [
                        4,
                        11.5,
                        3,
                        13.5
                    ],
                    "texture": "#0"
                }
            }
        },
        {
            "from": [
                7.65,
                9.72992,
                1.99948
            ],
            "to": [
                9.65,
                10.72992,
                3.99948
            ],
            "rotation": {
                "angle": 0,
                "axis": "x",
                "origin": [
                    8.65,
                    9.86627,
                    4.32769
                ]
            },
            "faces": {
                "north": {
                    "uv": [
                        13,
                        7.5,
                        14,
                        8
                    ],
                    "texture": "#0"
                },
                "east": {
                    "uv": [
                        12,
                        7.5,
                        13,
                        8
                    ],
                    "texture": "#0"
                },
                "south": {
                    "uv": [
                        15,
                        7.5,
                        16,
                        8
                    ],
                    "texture": "#0"
                },
                "west": {
                    "uv": [
                        14,
                        7.5,
                        15,
                        8
                    ],
                    "texture": "#0"
                },
                "up": {
                    "uv": [
                        14,
                        7.5,
                        13,
                        6.5
                    ],
                    "texture": "#0"
                },
                "down": {
                    "uv": [
                        15,
                        6.5,
                        14,
                        7.5
                    ],
                    "texture": "#0"
                }
            }
        },
        {
            "from": [
                10,
                8.53858,
                1.69396
            ],
            "to": [
                12,
                9.53858,
                5.69396
            ],
            "rotation": {
                "angle": -22.5,
                "axis": "y",
                "origin": [
                    8,
                    9.86627,
                    4.32769
                ]
            },
            "faces": {
                "north": {
                    "uv": [
                        11.5,
                        2,
                        12.5,
                        2.5
                    ],
                    "texture": "#0"
                },
                "east": {
                    "uv": [
                        9.5,
                        2,
                        11.5,
                        2.5
                    ],
                    "texture": "#0"
                },
                "south": {
                    "uv": [
                        14.5,
                        2,
                        15.5,
                        2.5
                    ],
                    "texture": "#0"
                },
                "west": {
                    "uv": [
                        12.5,
                        2,
                        14.5,
                        2.5
                    ],
                    "texture": "#0"
                },
                "up": {
                    "uv": [
                        12.5,
                        2,
                        11.5,
                        0
                    ],
                    "texture": "#0"
                },
                "down": {
                    "uv": [
                        13.5,
                        0,
                        12.5,
                        2
                    ],
                    "texture": "#0"
                }
            }
        },
        {
            "from": [
                10.7034,
                7.97792,
                1.07162
            ],
            "to": [
                12.7034,
                8.97792,
                4.07162
            ],
            "rotation": {
                "angle": -45,
                "axis": "x",
                "origin": [
                    11.7034,
                    8.47792,
                    3.07162
                ]
            },
            "faces": {
                "north": {
                    "uv": [
                        5.5,
                        13,
                        6.5,
                        13.5
                    ],
                    "texture": "#0"
                },
                "east": {
                    "uv": [
                        4,
                        13,
                        5.5,
                        13.5
                    ],
                    "texture": "#0"
                },
                "south": {
                    "uv": [
                        8,
                        13,
                        9,
                        13.5
                    ],
                    "texture": "#0"
                },
                "west": {
                    "uv": [
                        6.5,
                        13,
                        8,
                        13.5
                    ],
                    "texture": "#0"
                },
                "up": {
                    "uv": [
                        6.5,
                        13,
                        5.5,
                        11.5
                    ],
                    "texture": "#0"
                },
                "down": {
                    "uv": [
                        7.5,
                        11.5,
                        6.5,
                        13
                    ],
                    "texture": "#0"
                }
            }
        },
        {
            "from": [
                6.52274,
                2.60942,
                4
            ],
            "to": [
                8.52274,
                3.60942,
                6
            ],
            "rotation": {
                "angle": 22.5,
                "axis": "z",
                "origin": [
                    7.52274,
                    9.28173,
                    4.63373
                ]
            },
            "faces": {
                "north": {
                    "uv": [
                        8.5,
                        12.5,
                        9.5,
                        13
                    ],
                    "texture": "#0"
                },
                "east": {
                    "uv": [
                        7.5,
                        12.5,
                        8.5,
                        13
                    ],
                    "texture": "#0"
                },
                "south": {
                    "uv": [
                        10.5,
                        12.5,
                        11.5,
                        13
                    ],
                    "texture": "#0"
                },
                "west": {
                    "uv": [
                        9.5,
                        12.5,
                        10.5,
                        13
                    ],
                    "texture": "#0"
                },
                "up": {
                    "uv": [
                        9.5,
                        12.5,
                        8.5,
                        11.5
                    ],
                    "texture": "#0"
                },
                "down": {
                    "uv": [
                        10.5,
                        11.5,
                        9.5,
                        12.5
                    ],
                    "texture": "#0"
                }
            }
        },
        {
            "from": [
                7.58579,
                2.5,
                3
            ],
            "to": [
                10.58579,
                4.5,
                4
            ],
            "rotation": {
                "angle": -45,
                "axis": "z",
                "origin": [
                    9.58579,
                    3.5,
                    3.5
                ]
            },
            "faces": {
                "north": {
                    "uv": [
                        12,
                        12,
                        13.5,
                        13
                    ],
                    "texture": "#0"
                },
                "east": {
                    "uv": [
                        11.5,
                        12,
                        12,
                        13
                    ],
                    "texture": "#0"
                },
                "south": {
                    "uv": [
                        14,
                        12,
                        15.5,
                        13
                    ],
                    "texture": "#0"
                },
                "west": {
                    "uv": [
                        13.5,
                        12,
                        14,
                        13
                    ],
                    "texture": "#0"
                },
                "up": {
                    "uv": [
                        13.5,
                        12,
                        12,
                        11.5
                    ],
                    "texture": "#0"
                },
                "down": {
                    "uv": [
                        15,
                        11.5,
                        13.5,
                        12
                    ],
                    "texture": "#0"
                }
            }
        },
        {
            "from": [
                5.175,
                9.53858,
                3.69396
            ],
            "to": [
                7.175,
                10.53858,
                7.69396
            ],
            "rotation": {
                "angle": 22.5,
                "axis": "x",
                "origin": [
                    6.175,
                    9.86627,
                    4.32769
                ]
            },
            "faces": {
                "north": {
                    "uv": [
                        12,
                        4.5,
                        13,
                        5
                    ],
                    "texture": "#0"
                },
                "east": {
                    "uv": [
                        10,
                        4.5,
                        12,
                        5
                    ],
                    "texture": "#0"
                },
                "south": {
                    "uv": [
                        15,
                        4.5,
                        16,
                        5
                    ],
                    "texture": "#0"
                },
                "west": {
                    "uv": [
                        13,
                        4.5,
                        15,
                        5
                    ],
                    "texture": "#0"
                },
                "up": {
                    "uv": [
                        13,
                        4.5,
                        12,
                        2.5
                    ],
                    "texture": "#0"
                },
                "down": {
                    "uv": [
                        14,
                        2.5,
                        13,
                        4.5
                    ],
                    "texture": "#0"
                }
            }
        },
        {
            "from": [
                5.175,
                9.72992,
                1.99948
            ],
            "to": [
                7.175,
                10.72992,
                3.99948
            ],
            "rotation": {
                "angle": 0,
                "axis": "x",
                "origin": [
                    6.175,
                    9.86627,
                    4.32769
                ]
            },
            "faces": {
                "north": {
                    "uv": [
                        13,
                        6,
                        14,
                        6.5
                    ],
                    "texture": "#0"
                },
                "east": {
                    "uv": [
                        12,
                        6,
                        13,
                        6.5
                    ],
                    "texture": "#0"
                },
                "south": {
                    "uv": [
                        15,
                        6,
                        16,
                        6.5
                    ],
                    "texture": "#0"
                },
                "west": {
                    "uv": [
                        14,
                        6,
                        15,
                        6.5
                    ],
                    "texture": "#0"
                },
                "up": {
                    "uv": [
                        14,
                        6,
                        13,
                        5
                    ],
                    "texture": "#0"
                },
                "down": {
                    "uv": [
                        15,
                        5,
                        14,
                        6
                    ],
                    "texture": "#0"
                }
            }
        },
        {
            "from": [
                0.9,
                6.52992,
                1.99948
            ],
            "to": [
                2.9,
                7.52992,
                3.99948
            ],
            "rotation": {
                "angle": 45,
                "axis": "z",
                "origin": [
                    2,
                    9.86627,
                    4.32769
                ]
            },
            "faces": {
                "north": {
                    "uv": [
                        7.5,
                        5.5,
                        8.5,
                        6
                    ],
                    "texture": "#0"
                },
                "east": {
                    "uv": [
                        6.5,
                        5.5,
                        7.5,
                        6
                    ],
                    "texture": "#0"
                },
                "south": {
                    "uv": [
                        9.5,
                        5.5,
                        10.5,
                        6
                    ],
                    "texture": "#0"
                },
                "west": {
                    "uv": [
                        8.5,
                        5.5,
                        9.5,
                        6
                    ],
                    "texture": "#0"
                },
                "up": {
                    "uv": [
                        8.5,
                        5.5,
                        7.5,
                        4.5
                    ],
                    "texture": "#0"
                },
                "down": {
                    "uv": [
                        9.5,
                        4.5,
                        8.5,
                        5.5
                    ],
                    "texture": "#0"
                }
            }
        },
        {
            "from": [
                0.9,
                6.33858,
                3.69396
            ],
            "to": [
                2.9,
                7.33858,
                7.69396
            ],
            "rotation": {
                "angle": 45,
                "axis": "z",
                "origin": [
                    2,
                    9.86627,
                    4.32769
                ]
            },
            "faces": {
                "north": {
                    "uv": [
                        10,
                        11,
                        11,
                        11.5
                    ],
                    "texture": "#0"
                },
                "east": {
                    "uv": [
                        8,
                        11,
                        10,
                        11.5
                    ],
                    "texture": "#0"
                },
                "south": {
                    "uv": [
                        13,
                        11,
                        14,
                        11.5
                    ],
                    "texture": "#0"
                },
                "west": {
                    "uv": [
                        11,
                        11,
                        13,
                        11.5
                    ],
                    "texture": "#0"
                },
                "up": {
                    "uv": [
                        11,
                        11,
                        10,
                        9
                    ],
                    "texture": "#0"
                },
                "down": {
                    "uv": [
                        12,
                        9,
                        11,
                        11
                    ],
                    "texture": "#0"
                }
            }
        }
    ],
    "display": {
        "thirdperson_righthand": {
            "rotation": [
                0,
                0,
                -39
            ],
            "translation": [
                7.75,
                0,
                0
            ],
            "scale": [
                1.32,
                1.32,
                1.32
            ]
        }
    }
}