{
	"credit": "Made with Blockbench",
	"texture_size": [32, 32],
    "textures": {
        "0": "item/mob/stick/20014/texture",
        "particle": "item/mob/stick/20014/texture"
    },
	"elements": [
		{
			"from": [5, 5.5, 6],
			"to": [12, 9.5, 11],
			"rotation": {"angle": 0, "axis": "y", "origin": [13, 7.5, 5]},
			"faces": {
				"north": {"uv": [6, 2.5, 2.5, 4.5], "texture": "#0"},
				"east": {"uv": [8.5, 2.5, 6, 4.5], "texture": "#0"},
				"south": {"uv": [12, 2.5, 8.5, 4.5], "texture": "#0"},
				"west": {"uv": [2.5, 2.5, 0, 4.5], "texture": "#0"},
				"up": {"uv": [2.5, 2.5, 6, 0], "texture": "#0"},
				"down": {"uv": [6, 0, 9.5, 2.5], "texture": "#0"}
			}
		},
		{
			"from": [5, 3.5, 6],
			"to": [9, 5.5, 11],
			"rotation": {"angle": 0, "axis": "y", "origin": [13, 7.5, 5]},
			"faces": {
				"north": {"uv": [4.5, 7, 2.5, 8], "texture": "#0"},
				"east": {"uv": [7, 7, 4.5, 8], "texture": "#0"},
				"south": {"uv": [9, 7, 7, 8], "texture": "#0"},
				"west": {"uv": [2.5, 7, 0, 8], "texture": "#0"},
				"up": {"uv": [2.5, 7, 4.5, 4.5], "texture": "#0"},
				"down": {"uv": [4.5, 4.5, 6.5, 7], "texture": "#0"}
			}
		},
		{
			"from": [9, 3.5, 7],
			"to": [12, 5.5, 11],
			"rotation": {"angle": 0, "axis": "y", "origin": [13, 7.5, 5]},
			"faces": {
				"north": {"uv": [10.5, 8, 9, 9], "texture": "#0"},
				"east": {"uv": [12.5, 8, 10.5, 9], "texture": "#0"},
				"south": {"uv": [14, 8, 12.5, 9], "texture": "#0"},
				"west": {"uv": [9, 8, 7, 9], "texture": "#0"},
				"up": {"uv": [9, 8, 10.5, 6], "texture": "#0"},
				"down": {"uv": [10.5, 6, 12, 8], "texture": "#0"}
			}
		},
		{
			"from": [5, 3.5, 11],
			"to": [11, 8.5, 13],
			"rotation": {"angle": 0, "axis": "y", "origin": [13, 7.5, 5]},
			"faces": {
				"north": {"uv": [4, 9, 1, 11.5], "texture": "#0"},
				"east": {"uv": [5, 9, 4, 11.5], "texture": "#0"},
				"south": {"uv": [8, 9, 5, 11.5], "texture": "#0"},
				"west": {"uv": [1, 9, 0, 11.5], "texture": "#0"},
				"up": {"uv": [1, 9, 4, 8], "texture": "#0"},
				"down": {"uv": [4, 8, 7, 9], "texture": "#0"}
			}
		},
		{
			"from": [6.35, 9.53858, 3.69396],
			"to": [8.35, 10.53858, 7.69396],
			"rotation": {"angle": 22.5, "axis": "x", "origin": [7.35, 9.86627, 4.32769]},
			"faces": {
				"north": {"uv": [3, 13.5, 2, 14], "texture": "#0"},
				"east": {"uv": [5, 13.5, 3, 14], "texture": "#0"},
				"south": {"uv": [6, 13.5, 5, 14], "texture": "#0"},
				"west": {"uv": [2, 13.5, 0, 14], "texture": "#0"},
				"up": {"uv": [2, 13.5, 3, 11.5], "texture": "#0"},
				"down": {"uv": [3, 11.5, 4, 13.5], "texture": "#0"}
			}
		},
		{
			"from": [6.35, 9.72992, 1.99948],
			"to": [8.35, 10.72992, 3.99948],
			"rotation": {"angle": 0, "axis": "x", "origin": [7.35, 9.86627, 4.32769]},
			"faces": {
				"north": {"uv": [14, 7.5, 13, 8], "texture": "#0"},
				"east": {"uv": [15, 7.5, 14, 8], "texture": "#0"},
				"south": {"uv": [16, 7.5, 15, 8], "texture": "#0"},
				"west": {"uv": [13, 7.5, 12, 8], "texture": "#0"},
				"up": {"uv": [13, 7.5, 14, 6.5], "texture": "#0"},
				"down": {"uv": [14, 6.5, 15, 7.5], "texture": "#0"}
			}
		},
		{
			"from": [4, 8.53858, 1.69396],
			"to": [6, 9.53858, 5.69396],
			"rotation": {"angle": 22.5, "axis": "y", "origin": [8, 9.86627, 4.32769]},
			"faces": {
				"north": {"uv": [12.5, 2, 11.5, 2.5], "texture": "#0"},
				"east": {"uv": [14.5, 2, 12.5, 2.5], "texture": "#0"},
				"south": {"uv": [15.5, 2, 14.5, 2.5], "texture": "#0"},
				"west": {"uv": [11.5, 2, 9.5, 2.5], "texture": "#0"},
				"up": {"uv": [11.5, 2, 12.5, 0], "texture": "#0"},
				"down": {"uv": [12.5, 0, 13.5, 2], "texture": "#0"}
			}
		},
		{
			"from": [3.2966, 7.97792, 1.07162],
			"to": [5.2966, 8.97792, 4.07162],
			"rotation": {"angle": -45, "axis": "x", "origin": [4.2966, 8.47792, 3.07162]},
			"faces": {
				"north": {"uv": [6.5, 13, 5.5, 13.5], "texture": "#0"},
				"east": {"uv": [8, 13, 6.5, 13.5], "texture": "#0"},
				"south": {"uv": [9, 13, 8, 13.5], "texture": "#0"},
				"west": {"uv": [5.5, 13, 4, 13.5], "texture": "#0"},
				"up": {"uv": [5.5, 13, 6.5, 11.5], "texture": "#0"},
				"down": {"uv": [6.5, 11.5, 7.5, 13], "texture": "#0"}
			}
		},
		{
			"from": [7.47726, 2.60942, 4],
			"to": [9.47726, 3.60942, 6],
			"rotation": {"angle": -22.5, "axis": "z", "origin": [8.47726, 9.28173, 4.63373]},
			"faces": {
				"north": {"uv": [9.5, 12.5, 8.5, 13], "texture": "#0"},
				"east": {"uv": [10.5, 12.5, 9.5, 13], "texture": "#0"},
				"south": {"uv": [11.5, 12.5, 10.5, 13], "texture": "#0"},
				"west": {"uv": [8.5, 12.5, 7.5, 13], "texture": "#0"},
				"up": {"uv": [8.5, 12.5, 9.5, 11.5], "texture": "#0"},
				"down": {"uv": [9.5, 11.5, 10.5, 12.5], "texture": "#0"}
			}
		},
		{
			"from": [5.41421, 2.5, 3],
			"to": [8.41421, 4.5, 4],
			"rotation": {"angle": 45, "axis": "z", "origin": [6.41421, 3.5, 3.5]},
			"faces": {
				"north": {"uv": [13.5, 12, 12, 13], "texture": "#0"},
				"east": {"uv": [14, 12, 13.5, 13], "texture": "#0"},
				"south": {"uv": [15.5, 12, 14, 13], "texture": "#0"},
				"west": {"uv": [12, 12, 11.5, 13], "texture": "#0"},
				"up": {"uv": [12, 12, 13.5, 11.5], "texture": "#0"},
				"down": {"uv": [13.5, 11.5, 15, 12], "texture": "#0"}
			}
		},
		{
			"from": [8.825, 9.53858, 3.69396],
			"to": [10.825, 10.53858, 7.69396],
			"rotation": {"angle": 22.5, "axis": "x", "origin": [9.825, 9.86627, 4.32769]},
			"faces": {
				"north": {"uv": [13, 4.5, 12, 5], "texture": "#0"},
				"east": {"uv": [15, 4.5, 13, 5], "texture": "#0"},
				"south": {"uv": [16, 4.5, 15, 5], "texture": "#0"},
				"west": {"uv": [12, 4.5, 10, 5], "texture": "#0"},
				"up": {"uv": [12, 4.5, 13, 2.5], "texture": "#0"},
				"down": {"uv": [13, 2.5, 14, 4.5], "texture": "#0"}
			}
		},
		{
			"from": [8.825, 9.72992, 1.99948],
			"to": [10.825, 10.72992, 3.99948],
			"rotation": {"angle": 0, "axis": "x", "origin": [9.825, 9.86627, 4.32769]},
			"faces": {
				"north": {"uv": [14, 6, 13, 6.5], "texture": "#0"},
				"east": {"uv": [15, 6, 14, 6.5], "texture": "#0"},
				"south": {"uv": [16, 6, 15, 6.5], "texture": "#0"},
				"west": {"uv": [13, 6, 12, 6.5], "texture": "#0"},
				"up": {"uv": [13, 6, 14, 5], "texture": "#0"},
				"down": {"uv": [14, 5, 15, 6], "texture": "#0"}
			}
		},
		{
			"from": [13.1, 6.52992, 1.99948],
			"to": [15.1, 7.52992, 3.99948],
			"rotation": {"angle": -45, "axis": "z", "origin": [14, 9.86627, 4.32769]},
			"faces": {
				"north": {"uv": [8.5, 5.5, 7.5, 6], "texture": "#0"},
				"east": {"uv": [9.5, 5.5, 8.5, 6], "texture": "#0"},
				"south": {"uv": [10.5, 5.5, 9.5, 6], "texture": "#0"},
				"west": {"uv": [7.5, 5.5, 6.5, 6], "texture": "#0"},
				"up": {"uv": [7.5, 5.5, 8.5, 4.5], "texture": "#0"},
				"down": {"uv": [8.5, 4.5, 9.5, 5.5], "texture": "#0"}
			}
		},
		{
			"from": [13.1, 6.33858, 3.69396],
			"to": [15.1, 7.33858, 7.69396],
			"rotation": {"angle": -45, "axis": "z", "origin": [14, 9.86627, 4.32769]},
			"faces": {
				"north": {"uv": [11, 11, 10, 11.5], "texture": "#0"},
				"east": {"uv": [13, 11, 11, 11.5], "texture": "#0"},
				"south": {"uv": [14, 11, 13, 11.5], "texture": "#0"},
				"west": {"uv": [10, 11, 8, 11.5], "texture": "#0"},
				"up": {"uv": [10, 11, 11, 9], "texture": "#0"},
				"down": {"uv": [11, 9, 12, 11], "texture": "#0"}
			}
		}
	],
	"display": {
		"thirdperson_righthand": {
			"rotation": [0, 0, -39],
			"translation": [7.75, 0, 0],
			"scale": [1.32, 1.32, 1.32]
		},
		"thirdperson_lefthand": {
			"rotation": [0, 0, -39],
			"translation": [7.75, 0, 0],
			"scale": [1.32, 1.32, 1.32]
		}
	}
}