{
	"credit": "Made with Blockbench",
	"texture_size": [128, 128],
	"textures": {
        "2": "item/mob/stick/20020/clock"
	},
	"elements": [
		{
			"from": [0, -16, 0],
			"to": [15, -14, 15],
			"rotation": {"angle": 0, "axis": "y", "origin": [0, -9, 0]},
			"faces": {
				"north": {"uv": [8.375, 0.625, 10.25, 0.875], "texture": "#2"},
				"east": {"uv": [8.375, 0.875, 10.25, 1.125], "texture": "#2"},
				"south": {"uv": [8.5, 8.375, 10.375, 8.625], "texture": "#2"},
				"west": {"uv": [7.25, 8.625, 9.125, 8.875], "texture": "#2"},
				"up": {"uv": [1.875, 1.875, 0, 0], "texture": "#2"},
				"down": {"uv": [1.875, 1.875, 0, 3.75], "texture": "#2"}
			}
		},
		{
			"from": [1, -14, 3],
			"to": [14, -9, 14],
			"rotation": {"angle": 0, "axis": "y", "origin": [0, -9, 0]},
			"faces": {
				"north": {"uv": [8, 6.25, 9.625, 6.875], "texture": "#2"},
				"east": {"uv": [2.75, 8.125, 4.125, 8.75], "texture": "#2"},
				"south": {"uv": [1.125, 8.125, 2.75, 8.75], "texture": "#2"},
				"west": {"uv": [8.375, 0, 9.75, 0.625], "texture": "#2"},
				"up": {"uv": [7, 1.375, 5.375, 0], "texture": "#2"},
				"down": {"uv": [8, 1.375, 6.375, 2.75], "texture": "#2"}
			}
		},
		{
			"from": [1, -14, 1],
			"to": [2, -9, 3],
			"rotation": {"angle": 0, "axis": "y", "origin": [0, -9, 0]},
			"faces": {
				"north": {"uv": [2.875, 7.5, 3, 8.125], "texture": "#2"},
				"east": {"uv": [1.125, 5.875, 1.375, 6.5], "texture": "#2"},
				"south": {"uv": [4.75, 9.25, 4.875, 9.875], "texture": "#2"},
				"west": {"uv": [6.375, 2.75, 6.625, 3.375], "texture": "#2"},
				"up": {"uv": [4.875, 8.875, 4.75, 8.625], "texture": "#2"},
				"down": {"uv": [5.875, 9.5, 5.75, 9.75], "texture": "#2"}
			}
		},
		{
			"from": [13, -14, 1],
			"to": [14, -9, 3],
			"rotation": {"angle": 0, "axis": "y", "origin": [0, -9, 0]},
			"faces": {
				"north": {"uv": [4.875, 9.25, 5, 9.875], "texture": "#2"},
				"east": {"uv": [2.5, 6.875, 2.75, 7.5], "texture": "#2"},
				"south": {"uv": [5, 9.25, 5.125, 9.875], "texture": "#2"},
				"west": {"uv": [2.75, 6.875, 3, 7.5], "texture": "#2"},
				"up": {"uv": [6, 9.75, 5.875, 9.5], "texture": "#2"},
				"down": {"uv": [1.375, 9.625, 1.25, 9.875], "texture": "#2"}
			}
		},
		{
			"from": [2, -14, 1],
			"to": [13, -13, 3],
			"rotation": {"angle": 0, "axis": "y", "origin": [0, -9, 0]},
			"faces": {
				"north": {"uv": [9.125, 4.5, 10.5, 4.625], "texture": "#2"},
				"east": {"uv": [6.375, 3.75, 6.625, 3.875], "texture": "#2"},
				"south": {"uv": [9.125, 4.625, 10.5, 4.75], "texture": "#2"},
				"west": {"uv": [9.5, 9.25, 9.75, 9.375], "texture": "#2"},
				"up": {"uv": [2.5, 9, 1.125, 8.75], "texture": "#2"},
				"down": {"uv": [3.875, 8.75, 2.5, 9], "texture": "#2"}
			}
		},
		{
			"from": [2, -10, 1],
			"to": [13, -9, 3],
			"rotation": {"angle": 0, "axis": "y", "origin": [0, -9, 0]},
			"faces": {
				"north": {"uv": [4.75, 9.125, 6.125, 9.25], "texture": "#2"},
				"east": {"uv": [1.375, 9.625, 1.625, 9.75], "texture": "#2"},
				"south": {"uv": [9.125, 4.75, 10.5, 4.875], "texture": "#2"},
				"west": {"uv": [1.625, 9.625, 1.875, 9.75], "texture": "#2"},
				"up": {"uv": [5.25, 9.125, 3.875, 8.875], "texture": "#2"},
				"down": {"uv": [6.625, 8.875, 5.25, 9.125], "texture": "#2"}
			}
		},
		{
			"from": [2, -8, 2],
			"to": [3, 9, 13],
			"rotation": {"angle": 0, "axis": "y", "origin": [0, -9, 0]},
			"faces": {
				"north": {"uv": [6.625, 8.875, 6.75, 11], "texture": "#2"},
				"east": {"uv": [3.625, 1.75, 5, 3.875], "texture": "#2"},
				"south": {"uv": [6.75, 8.875, 6.875, 11], "texture": "#2"},
				"west": {"uv": [0, 3.75, 1.375, 5.875], "texture": "#2"},
				"up": {"uv": [1.5, 5.125, 1.375, 3.75], "texture": "#2"},
				"down": {"uv": [1.625, 3.75, 1.5, 5.125], "texture": "#2"}
			}
		},
		{
			"from": [12, -8, 2],
			"to": [13, 9, 13],
			"rotation": {"angle": 0, "axis": "y", "origin": [0, -9, 0]},
			"faces": {
				"north": {"uv": [6.875, 8.875, 7, 11], "texture": "#2"},
				"east": {"uv": [3.625, 3.875, 5, 6], "texture": "#2"},
				"south": {"uv": [7, 8.875, 7.125, 11], "texture": "#2"},
				"west": {"uv": [5, 1.75, 6.375, 3.875], "texture": "#2"},
				"up": {"uv": [1.75, 5.125, 1.625, 3.75], "texture": "#2"},
				"down": {"uv": [1.875, 3.75, 1.75, 5.125], "texture": "#2"}
			}
		},
		{
			"from": [3, -8, 7],
			"to": [12, 9, 13],
			"rotation": {"angle": 0, "axis": "y", "origin": [0, -9, 0]},
			"faces": {
				"north": {"uv": [5, 5.5, 6.125, 7.625], "texture": "#2"},
				"east": {"uv": [4.125, 6, 4.875, 8.125], "texture": "#2"},
				"south": {"uv": [0, 5.875, 1.125, 8], "texture": "#2"},
				"west": {"uv": [7.25, 5.25, 8, 7.375], "texture": "#2"},
				"up": {"uv": [9.625, 7.625, 8.5, 6.875], "texture": "#2"},
				"down": {"uv": [9.625, 7.625, 8.5, 8.375], "texture": "#2"}
			}
		},
		{
			"from": [3, -8, 3],
			"to": [12, 9, 3],
			"rotation": {"angle": 0, "axis": "y", "origin": [0, -9, 0]},
			"faces": {
				"north": {"uv": [3, 6, 4.125, 8.125], "texture": "#2"},
				"east": {"uv": [0, 0, 0, 2.125], "texture": "#2"},
				"south": {"uv": [6.125, 5.5, 7.25, 7.625], "texture": "#2"},
				"west": {"uv": [0, 0, 0, 2.125], "texture": "#2"},
				"up": {"uv": [1.125, 0, 0, 0], "texture": "#2"},
				"down": {"uv": [1.125, 0, 0, 0], "texture": "#2"}
			}
		},
		{
			"from": [3, 10, 3],
			"to": [12, 20, 3],
			"rotation": {"angle": 0, "axis": "y", "origin": [0, -9, 0]},
			"faces": {
				"north": {"uv": [6.125, 7.625, 7.25, 8.875], "texture": "#2"},
				"east": {"uv": [0, 0, 0, 1.25], "texture": "#2"},
				"south": {"uv": [0, 8, 1.125, 9.25], "texture": "#2"},
				"west": {"uv": [0, 0, 0, 1.25], "texture": "#2"},
				"up": {"uv": [1.125, 0, 0, 0], "texture": "#2"},
				"down": {"uv": [1.125, 0, 0, 0], "texture": "#2"}
			}
		},
		{
			"from": [12, 10, 2],
			"to": [13, 20, 12],
			"rotation": {"angle": 0, "axis": "y", "origin": [0, -9, -1]},
			"faces": {
				"north": {"uv": [4.875, 6, 5, 7.25], "texture": "#2"},
				"east": {"uv": [7.25, 7.375, 8.5, 8.625], "texture": "#2"},
				"south": {"uv": [6.125, 9.125, 6.25, 10.375], "texture": "#2"},
				"west": {"uv": [4.875, 7.625, 6.125, 8.875], "texture": "#2"},
				"up": {"uv": [6.375, 10.375, 6.25, 9.125], "texture": "#2"},
				"down": {"uv": [6.5, 9.125, 6.375, 10.375], "texture": "#2"}
			}
		},
		{
			"from": [2, 10, 2],
			"to": [3, 20, 12],
			"rotation": {"angle": 0, "axis": "y", "origin": [0, -9, -1]},
			"faces": {
				"north": {"uv": [6.5, 9.125, 6.625, 10.375], "texture": "#2"},
				"east": {"uv": [8, 1.25, 9.25, 2.5], "texture": "#2"},
				"south": {"uv": [9, 9.125, 9.125, 10.375], "texture": "#2"},
				"west": {"uv": [8, 2.5, 9.25, 3.75], "texture": "#2"},
				"up": {"uv": [9.25, 10.375, 9.125, 9.125], "texture": "#2"},
				"down": {"uv": [0.125, 9.25, 0, 10.5], "texture": "#2"}
			}
		},
		{
			"from": [2, 10, 12],
			"to": [13, 20, 13],
			"rotation": {"angle": 0, "axis": "y", "origin": [0, -9, -1]},
			"faces": {
				"north": {"uv": [6.625, 2.75, 8, 4], "texture": "#2"},
				"east": {"uv": [0.125, 9.25, 0.25, 10.5], "texture": "#2"},
				"south": {"uv": [6.625, 4, 8, 5.25], "texture": "#2"},
				"west": {"uv": [0.25, 9.25, 0.375, 10.5], "texture": "#2"},
				"up": {"uv": [10.5, 5, 9.125, 4.875], "texture": "#2"},
				"down": {"uv": [10.5, 5, 9.125, 5.125], "texture": "#2"}
			}
		},
		{
			"from": [11, 21, 1],
			"to": [12, 23, 4],
			"rotation": {"angle": 0, "axis": "y", "origin": [0, -9, -1]},
			"faces": {
				"north": {"uv": [9.625, 1.625, 9.75, 1.875], "texture": "#2"},
				"east": {"uv": [6.625, 5.25, 7, 5.5], "texture": "#2"},
				"south": {"uv": [1.875, 9.625, 2, 9.875], "texture": "#2"},
				"west": {"uv": [2.5, 7.875, 2.875, 8.125], "texture": "#2"},
				"up": {"uv": [5, 7.625, 4.875, 7.25], "texture": "#2"},
				"down": {"uv": [2.375, 9.375, 2.25, 9.75], "texture": "#2"}
			}
		},
		{
			"from": [14, 21, 2],
			"to": [15, 23, 5],
			"rotation": {"angle": 0, "axis": "y", "origin": [0, -9, -1]},
			"faces": {
				"north": {"uv": [9.625, 1.875, 9.75, 2.125], "texture": "#2"},
				"east": {"uv": [4.125, 8.125, 4.5, 8.375], "texture": "#2"},
				"south": {"uv": [9.625, 2.125, 9.75, 2.375], "texture": "#2"},
				"west": {"uv": [4.5, 8.125, 4.875, 8.375], "texture": "#2"},
				"up": {"uv": [5.25, 9.75, 5.125, 9.375], "texture": "#2"},
				"down": {"uv": [5.375, 9.375, 5.25, 9.75], "texture": "#2"}
			}
		},
		{
			"from": [13, 21, 2],
			"to": [14, 22, 5],
			"rotation": {"angle": 0, "axis": "y", "origin": [0, -9, -1]},
			"faces": {
				"north": {"uv": [9.625, 8, 9.75, 8.125], "texture": "#2"},
				"east": {"uv": [1.375, 5.125, 1.75, 5.25], "texture": "#2"},
				"south": {"uv": [9.625, 8.125, 9.75, 8.25], "texture": "#2"},
				"west": {"uv": [8, 7.25, 8.375, 7.375], "texture": "#2"},
				"up": {"uv": [5.5, 9.75, 5.375, 9.375], "texture": "#2"},
				"down": {"uv": [5.625, 9.375, 5.5, 9.75], "texture": "#2"}
			}
		},
		{
			"from": [1, 21, 2],
			"to": [2, 22, 5],
			"rotation": {"angle": 0, "axis": "y", "origin": [0, -9, -1]},
			"faces": {
				"north": {"uv": [9.625, 8.25, 9.75, 8.375], "texture": "#2"},
				"east": {"uv": [9.25, 9.375, 9.625, 9.5], "texture": "#2"},
				"south": {"uv": [9.25, 9.625, 9.375, 9.75], "texture": "#2"},
				"west": {"uv": [2.375, 9.5, 2.75, 9.625], "texture": "#2"},
				"up": {"uv": [5.75, 9.75, 5.625, 9.375], "texture": "#2"},
				"down": {"uv": [2.875, 9.5, 2.75, 9.875], "texture": "#2"}
			}
		},
		{
			"from": [0, 21, 2],
			"to": [1, 23, 5],
			"rotation": {"angle": 0, "axis": "y", "origin": [0, -9, -1]},
			"faces": {
				"north": {"uv": [2.375, 9.625, 2.5, 9.875], "texture": "#2"},
				"east": {"uv": [4.125, 8.375, 4.5, 8.625], "texture": "#2"},
				"south": {"uv": [9.625, 2.375, 9.75, 2.625], "texture": "#2"},
				"west": {"uv": [4.5, 8.375, 4.875, 8.625], "texture": "#2"},
				"up": {"uv": [3, 9.875, 2.875, 9.5], "texture": "#2"},
				"down": {"uv": [3.125, 9.5, 3, 9.875], "texture": "#2"}
			}
		},
		{
			"from": [2, 21, 3],
			"to": [13, 22, 13],
			"rotation": {"angle": 0, "axis": "y", "origin": [0, -9, -1]},
			"faces": {
				"north": {"uv": [9.125, 5.125, 10.5, 5.25], "texture": "#2"},
				"east": {"uv": [9.125, 5.375, 10.375, 5.5], "texture": "#2"},
				"south": {"uv": [9.125, 5.25, 10.5, 5.375], "texture": "#2"},
				"west": {"uv": [9.125, 5.5, 10.375, 5.625], "texture": "#2"},
				"up": {"uv": [2.5, 8.125, 1.125, 6.875], "texture": "#2"},
				"down": {"uv": [8.375, 0, 7, 1.25], "texture": "#2"}
			}
		},
		{
			"from": [4, 21, 2],
			"to": [11, 22, 3],
			"rotation": {"angle": 0, "axis": "y", "origin": [0, -9, -1]},
			"faces": {
				"north": {"uv": [7, 1.25, 7.875, 1.375], "texture": "#2"},
				"east": {"uv": [9.375, 9.625, 9.5, 9.75], "texture": "#2"},
				"south": {"uv": [3.875, 8.75, 4.75, 8.875], "texture": "#2"},
				"west": {"uv": [9.625, 9.375, 9.75, 9.5], "texture": "#2"},
				"up": {"uv": [3.875, 9.125, 3, 9], "texture": "#2"},
				"down": {"uv": [10.125, 1.5, 9.25, 1.625], "texture": "#2"}
			}
		},
		{
			"from": [6, 22, 2],
			"to": [9, 23, 3],
			"rotation": {"angle": 0, "axis": "y", "origin": [0, -9, -1]},
			"faces": {
				"north": {"uv": [3.375, 9.5, 3.75, 9.625], "texture": "#2"},
				"east": {"uv": [9.5, 9.625, 9.625, 9.75], "texture": "#2"},
				"south": {"uv": [9.5, 3.375, 9.875, 3.5], "texture": "#2"},
				"west": {"uv": [9.625, 9.5, 9.75, 9.625], "texture": "#2"},
				"up": {"uv": [9.875, 3.625, 9.5, 3.5], "texture": "#2"},
				"down": {"uv": [9.875, 3.625, 9.5, 3.75], "texture": "#2"}
			}
		},
		{
			"from": [6, 23, 1],
			"to": [9, 25, 4],
			"rotation": {"angle": 0, "axis": "y", "origin": [0, -9, -1]},
			"faces": {
				"north": {"uv": [9.25, 1.625, 9.625, 1.875], "texture": "#2"},
				"east": {"uv": [9.25, 1.875, 9.625, 2.125], "texture": "#2"},
				"south": {"uv": [9.25, 2.125, 9.625, 2.375], "texture": "#2"},
				"west": {"uv": [2.375, 9.25, 2.75, 9.5], "texture": "#2"},
				"up": {"uv": [3.375, 6, 3, 5.625], "texture": "#2"},
				"down": {"uv": [6.375, 1.375, 6, 1.75], "texture": "#2"}
			}
		},
		{
			"from": [9, 22, 1],
			"to": [11, 24, 4],
			"rotation": {"angle": 0, "axis": "y", "origin": [0, -9, -1]},
			"faces": {
				"north": {"uv": [7, 5.25, 7.25, 5.5], "texture": "#2"},
				"east": {"uv": [9.25, 2.375, 9.625, 2.625], "texture": "#2"},
				"south": {"uv": [5.75, 9.25, 6, 9.5], "texture": "#2"},
				"west": {"uv": [9.25, 2.625, 9.625, 2.875], "texture": "#2"},
				"up": {"uv": [3.625, 6, 3.375, 5.625], "texture": "#2"},
				"down": {"uv": [6.625, 3.375, 6.375, 3.75], "texture": "#2"}
			}
		},
		{
			"from": [4, 22, 1],
			"to": [6, 24, 4],
			"rotation": {"angle": 0, "axis": "y", "origin": [16, -9, -1]},
			"faces": {
				"north": {"uv": [9.25, 9.125, 9.5, 9.375], "texture": "#2"},
				"east": {"uv": [2.75, 9.25, 3.125, 9.5], "texture": "#2"},
				"south": {"uv": [1.25, 9.375, 1.5, 9.625], "texture": "#2"},
				"west": {"uv": [9.25, 2.875, 9.625, 3.125], "texture": "#2"},
				"up": {"uv": [1.375, 6.875, 1.125, 6.5], "texture": "#2"},
				"down": {"uv": [3.375, 9.25, 3.125, 9.625], "texture": "#2"}
			}
		},
		{
			"from": [3, 21, 1],
			"to": [4, 23, 4],
			"rotation": {"angle": 0, "axis": "y", "origin": [16, -9, -1]},
			"faces": {
				"north": {"uv": [2.5, 9.625, 2.625, 9.875], "texture": "#2"},
				"east": {"uv": [9.25, 3.125, 9.625, 3.375], "texture": "#2"},
				"south": {"uv": [2.625, 9.625, 2.75, 9.875], "texture": "#2"},
				"west": {"uv": [3.375, 9.25, 3.75, 9.5], "texture": "#2"},
				"up": {"uv": [4.125, 9.875, 4, 9.5], "texture": "#2"},
				"down": {"uv": [4.25, 9.5, 4.125, 9.875], "texture": "#2"}
			}
		},
		{
			"from": [3, 10, 4],
			"to": [12, 20, 5],
			"rotation": {"angle": 0, "axis": "y", "origin": [0, -9, 1]},
			"faces": {
				"north": {"uv": [8, 3.75, 9.125, 5], "texture": "#2"},
				"east": {"uv": [0.375, 9.25, 0.5, 10.5], "texture": "#2"},
				"south": {"uv": [8, 5, 9.125, 6.25], "texture": "#2"},
				"west": {"uv": [0.5, 9.25, 0.625, 10.5], "texture": "#2"},
				"up": {"uv": [10.375, 1.375, 9.25, 1.25], "texture": "#2"},
				"down": {"uv": [10.375, 1.375, 9.25, 1.5], "texture": "#2"}
			}
		},
		{
			"from": [6.5, 13.5, 3],
			"to": [8.5, 15.5, 4],
			"rotation": {"angle": 0, "axis": "y", "origin": [0, -10, 2]},
			"faces": {
				"north": {"uv": [1.5, 9.375, 1.75, 9.625], "texture": "#2"},
				"east": {"uv": [9.625, 2.625, 9.75, 2.875], "texture": "#2"},
				"south": {"uv": [1.75, 9.375, 2, 9.625], "texture": "#2"},
				"west": {"uv": [9.625, 2.875, 9.75, 3.125], "texture": "#2"},
				"up": {"uv": [3.375, 9.75, 3.125, 9.625], "texture": "#2"},
				"down": {"uv": [9.875, 3.125, 9.625, 3.25], "texture": "#2"}
			}
		},
		{
			"from": [7, 15.5, 3.5],
			"to": [8, 19.5, 4.5],
			"rotation": {"angle": -45, "axis": "z", "origin": [7.5, 14.5, 3.5]},
			"faces": {
				"north": {"uv": [8.375, 6.875, 8.5, 7.375], "texture": "#2"},
				"east": {"uv": [6, 9.25, 6.125, 9.75], "texture": "#2"},
				"south": {"uv": [2, 9.375, 2.125, 9.875], "texture": "#2"},
				"west": {"uv": [2.125, 9.375, 2.25, 9.875], "texture": "#2"},
				"up": {"uv": [9.75, 9.75, 9.625, 9.625], "texture": "#2"},
				"down": {"uv": [9.875, 0, 9.75, 0.125], "texture": "#2"}
			}
		},
		{
			"from": [7, 10.5, 3.5],
			"to": [8, 13.5, 4.5],
			"rotation": {"angle": 22.5, "axis": "z", "origin": [7.5, 14.5, 3.5]},
			"faces": {
				"north": {"uv": [4.25, 9.5, 4.375, 9.875], "texture": "#2"},
				"east": {"uv": [4.375, 9.5, 4.5, 9.875], "texture": "#2"},
				"south": {"uv": [4.5, 9.5, 4.625, 9.875], "texture": "#2"},
				"west": {"uv": [4.625, 9.5, 4.75, 9.875], "texture": "#2"},
				"up": {"uv": [9.875, 0.25, 9.75, 0.125], "texture": "#2"},
				"down": {"uv": [9.875, 0.25, 9.75, 0.375], "texture": "#2"}
			}
		},
		{
			"from": [3, -8, 2],
			"to": [12, -7, 3],
			"rotation": {"angle": 0, "axis": "y", "origin": [0, -9, 0]},
			"faces": {
				"north": {"uv": [9.125, 6.125, 10.25, 6.25], "texture": "#2"},
				"east": {"uv": [9.625, 7.75, 9.75, 7.875], "texture": "#2"},
				"south": {"uv": [9.125, 8.625, 10.25, 8.75], "texture": "#2"},
				"west": {"uv": [9.625, 7.875, 9.75, 8], "texture": "#2"},
				"up": {"uv": [10.25, 8.875, 9.125, 8.75], "texture": "#2"},
				"down": {"uv": [2.375, 9.25, 1.25, 9.375], "texture": "#2"}
			}
		},
		{
			"from": [3, 8, 2],
			"to": [12, 9, 3],
			"rotation": {"angle": 0, "axis": "y", "origin": [0, -9, 0]},
			"faces": {
				"north": {"uv": [9.125, 5.625, 10.25, 5.75], "texture": "#2"},
				"east": {"uv": [1.75, 5.125, 1.875, 5.25], "texture": "#2"},
				"south": {"uv": [9.125, 5.75, 10.25, 5.875], "texture": "#2"},
				"west": {"uv": [7.875, 1.25, 8, 1.375], "texture": "#2"},
				"up": {"uv": [10.25, 6, 9.125, 5.875], "texture": "#2"},
				"down": {"uv": [10.25, 6, 9.125, 6.125], "texture": "#2"}
			}
		},
		{
			"from": [3, -7, 2],
			"to": [4, -6, 3],
			"rotation": {"angle": 0, "axis": "y", "origin": [0, -9, 0]},
			"faces": {
				"north": {"uv": [9.75, 0.375, 9.875, 0.5], "texture": "#2"},
				"east": {"uv": [9.75, 0.5, 9.875, 0.625], "texture": "#2"},
				"south": {"uv": [1.375, 9.75, 1.5, 9.875], "texture": "#2"},
				"west": {"uv": [1.5, 9.75, 1.625, 9.875], "texture": "#2"},
				"up": {"uv": [1.75, 9.875, 1.625, 9.75], "texture": "#2"},
				"down": {"uv": [9.875, 1.625, 9.75, 1.75], "texture": "#2"}
			}
		},
		{
			"from": [11, -7, 2],
			"to": [12, -6, 3],
			"rotation": {"angle": 0, "axis": "y", "origin": [0, -9, 0]},
			"faces": {
				"north": {"uv": [9.625, 7, 9.75, 7.125], "texture": "#2"},
				"east": {"uv": [9.625, 7.125, 9.75, 7.25], "texture": "#2"},
				"south": {"uv": [9.625, 7.25, 9.75, 7.375], "texture": "#2"},
				"west": {"uv": [9.625, 7.375, 9.75, 7.5], "texture": "#2"},
				"up": {"uv": [9.75, 7.625, 9.625, 7.5], "texture": "#2"},
				"down": {"uv": [9.75, 7.625, 9.625, 7.75], "texture": "#2"}
			}
		},
		{
			"from": [11, 7, 2],
			"to": [12, 8, 3],
			"rotation": {"angle": 0, "axis": "y", "origin": [0, -9, 0]},
			"faces": {
				"north": {"uv": [9.625, 3.25, 9.75, 3.375], "texture": "#2"},
				"east": {"uv": [3.375, 9.625, 3.5, 9.75], "texture": "#2"},
				"south": {"uv": [3.5, 9.625, 3.625, 9.75], "texture": "#2"},
				"west": {"uv": [3.625, 9.625, 3.75, 9.75], "texture": "#2"},
				"up": {"uv": [3.875, 9.75, 3.75, 9.625], "texture": "#2"},
				"down": {"uv": [4, 9.625, 3.875, 9.75], "texture": "#2"}
			}
		},
		{
			"from": [3, 7, 2],
			"to": [4, 8, 3],
			"rotation": {"angle": 0, "axis": "y", "origin": [0, -9, 0]},
			"faces": {
				"north": {"uv": [9.625, 6.25, 9.75, 6.375], "texture": "#2"},
				"east": {"uv": [9.625, 6.375, 9.75, 6.5], "texture": "#2"},
				"south": {"uv": [9.625, 6.5, 9.75, 6.625], "texture": "#2"},
				"west": {"uv": [9.625, 6.625, 9.75, 6.75], "texture": "#2"},
				"up": {"uv": [9.75, 6.875, 9.625, 6.75], "texture": "#2"},
				"down": {"uv": [9.75, 6.875, 9.625, 7], "texture": "#2"}
			}
		},
		{
			"from": [0.5, -9, 0.5],
			"to": [14.5, -8, 14.5],
			"rotation": {"angle": 0, "axis": "y", "origin": [0, -9, 0]},
			"faces": {
				"north": {"uv": [8.375, 1.125, 10.125, 1.25], "texture": "#2"},
				"east": {"uv": [1.25, 9, 3, 9.125], "texture": "#2"},
				"south": {"uv": [9, 8.875, 10.75, 9], "texture": "#2"},
				"west": {"uv": [9, 9, 10.75, 9.125], "texture": "#2"},
				"up": {"uv": [3.625, 1.75, 1.875, 0], "texture": "#2"},
				"down": {"uv": [3.625, 1.75, 1.875, 3.5], "texture": "#2"}
			}
		},
		{
			"from": [1.5, -8, 1.5],
			"to": [2.5, 9, 2.5],
			"rotation": {"angle": 0, "axis": "y", "origin": [0, -9, 0]},
			"faces": {
				"north": {"uv": [7.125, 8.875, 7.25, 11], "texture": "#2"},
				"east": {"uv": [7.25, 8.875, 7.375, 11], "texture": "#2"},
				"south": {"uv": [7.375, 8.875, 7.5, 11], "texture": "#2"},
				"west": {"uv": [7.5, 8.875, 7.625, 11], "texture": "#2"},
				"up": {"uv": [1.875, 9.875, 1.75, 9.75], "texture": "#2"},
				"down": {"uv": [9.875, 1.75, 9.75, 1.875], "texture": "#2"}
			}
		},
		{
			"from": [12.5, -8, 1.5],
			"to": [13.5, 9, 2.5],
			"rotation": {"angle": 0, "axis": "y", "origin": [0, -9, 0]},
			"faces": {
				"north": {"uv": [7.625, 8.875, 7.75, 11], "texture": "#2"},
				"east": {"uv": [7.75, 8.875, 7.875, 11], "texture": "#2"},
				"south": {"uv": [7.875, 8.875, 8, 11], "texture": "#2"},
				"west": {"uv": [8, 8.875, 8.125, 11], "texture": "#2"},
				"up": {"uv": [9.875, 2, 9.75, 1.875], "texture": "#2"},
				"down": {"uv": [9.875, 2, 9.75, 2.125], "texture": "#2"}
			}
		},
		{
			"from": [1.5, -8, 12.5],
			"to": [2.5, 9, 13.5],
			"rotation": {"angle": 0, "axis": "y", "origin": [0, -9, 0]},
			"faces": {
				"north": {"uv": [8.125, 8.875, 8.25, 11], "texture": "#2"},
				"east": {"uv": [8.25, 8.875, 8.375, 11], "texture": "#2"},
				"south": {"uv": [8.375, 8.875, 8.5, 11], "texture": "#2"},
				"west": {"uv": [8.5, 8.875, 8.625, 11], "texture": "#2"},
				"up": {"uv": [9.875, 2.25, 9.75, 2.125], "texture": "#2"},
				"down": {"uv": [2.375, 9.75, 2.25, 9.875], "texture": "#2"}
			}
		},
		{
			"from": [12.5, -8, 12.5],
			"to": [13.5, 9, 13.5],
			"rotation": {"angle": 0, "axis": "y", "origin": [0, -9, 0]},
			"faces": {
				"north": {"uv": [8.625, 8.875, 8.75, 11], "texture": "#2"},
				"east": {"uv": [8.75, 8.875, 8.875, 11], "texture": "#2"},
				"south": {"uv": [8.875, 8.875, 9, 11], "texture": "#2"},
				"west": {"uv": [1.125, 9, 1.25, 11.125], "texture": "#2"},
				"up": {"uv": [9.875, 2.375, 9.75, 2.25], "texture": "#2"},
				"down": {"uv": [9.875, 2.375, 9.75, 2.5], "texture": "#2"}
			}
		},
		{
			"from": [0.5, 9, 0.5],
			"to": [14.5, 10, 14.5],
			"rotation": {"angle": 0, "axis": "y", "origin": [0, -9, 0]},
			"faces": {
				"north": {"uv": [1.25, 9.125, 3, 9.25], "texture": "#2"},
				"east": {"uv": [3, 9.125, 4.75, 9.25], "texture": "#2"},
				"south": {"uv": [9.125, 3.75, 10.875, 3.875], "texture": "#2"},
				"west": {"uv": [9.125, 3.875, 10.875, 4], "texture": "#2"},
				"up": {"uv": [3.625, 5.25, 1.875, 3.5], "texture": "#2"},
				"down": {"uv": [5.375, 0, 3.625, 1.75], "texture": "#2"}
			}
		},
		{
			"from": [1, 20, 1],
			"to": [14, 21, 14],
			"rotation": {"angle": 0, "axis": "y", "origin": [0, -9, 0]},
			"faces": {
				"north": {"uv": [9.125, 4, 10.75, 4.125], "texture": "#2"},
				"east": {"uv": [9.125, 4.125, 10.75, 4.25], "texture": "#2"},
				"south": {"uv": [9.125, 4.25, 10.75, 4.375], "texture": "#2"},
				"west": {"uv": [9.125, 4.375, 10.75, 4.5], "texture": "#2"},
				"up": {"uv": [6.625, 5.5, 5, 3.875], "texture": "#2"},
				"down": {"uv": [3, 5.25, 1.375, 6.875], "texture": "#2"}
			}
		},
		{
			"from": [5, 8, 4],
			"to": [10, 9, 7],
			"rotation": {"angle": 0, "axis": "y", "origin": [0, -9, 0]},
			"faces": {
				"north": {"uv": [4.125, 8.625, 4.75, 8.75], "texture": "#2"},
				"east": {"uv": [9.5, 9.125, 9.875, 9.25], "texture": "#2"},
				"south": {"uv": [5.125, 9.25, 5.75, 9.375], "texture": "#2"},
				"west": {"uv": [9.25, 9.5, 9.625, 9.625], "texture": "#2"},
				"up": {"uv": [3.625, 5.625, 3, 5.25], "texture": "#2"},
				"down": {"uv": [6, 1.375, 5.375, 1.75], "texture": "#2"}
			}
		},
		{
			"from": [7, -1, 5],
			"to": [8, 8, 6],
			"rotation": {"angle": 0, "axis": "y", "origin": [0, -9, 0]},
			"faces": {
				"north": {"uv": [0.625, 9.25, 0.75, 10.375], "texture": "#2"},
				"east": {"uv": [0.75, 9.25, 0.875, 10.375], "texture": "#2"},
				"south": {"uv": [0.875, 9.25, 1, 10.375], "texture": "#2"},
				"west": {"uv": [1, 9.25, 1.125, 10.375], "texture": "#2"},
				"up": {"uv": [9.875, 2.625, 9.75, 2.5], "texture": "#2"},
				"down": {"uv": [9.875, 2.625, 9.75, 2.75], "texture": "#2"}
			}
		},
		{
			"from": [6, -4, 4.5],
			"to": [9, -1, 6.5],
			"rotation": {"angle": 0, "axis": "y", "origin": [0, -9, 0]},
			"faces": {
				"north": {"uv": [2.5, 7.5, 2.875, 7.875], "texture": "#2"},
				"east": {"uv": [9.25, 3.375, 9.5, 3.75], "texture": "#2"},
				"south": {"uv": [8, 6.875, 8.375, 7.25], "texture": "#2"},
				"west": {"uv": [3.75, 9.25, 4, 9.625], "texture": "#2"},
				"up": {"uv": [4.375, 9.5, 4, 9.25], "texture": "#2"},
				"down": {"uv": [4.75, 9.25, 4.375, 9.5], "texture": "#2"}
			}
		}
	],
	"display": {
		"head": {
			"translation": [0, -12, 0],
			"scale": [1.36, 1.36, 1.36]
		}
	}
}