{
	"credit": "Made with Blockbench",
	"texture_size": [32, 32],
	"textures": {
		"0": "item/mob/stick/20022/20022",
		"3": "item/mob/stick/20022/texture2",
		"particle": "item/mob/stick/20022/texture2"
	},
	"elements": [
		{
			"from": [6.992, 7.384, 7.496],
			"to": [9.008, 13.432, 9.512],
			"rotation": {"angle": 0, "axis": "y", "origin": [7.496, 7.384, 7.496]},
			"faces": {
				"north": {"uv": [0, 0, 2, 6], "texture": "#3"},
				"east": {"uv": [2, 0, 4, 6], "texture": "#3"},
				"south": {"uv": [4, 0, 6, 6], "texture": "#3"},
				"west": {"uv": [0, 6, 2, 12], "texture": "#3"},
				"up": {"uv": [6.5, 11, 4.5, 9], "texture": "#3"},
				"down": {"uv": [8.5, 9, 6.5, 11], "texture": "#3"}
			}
		},
		{
			"from": [5.84, 12.76, 6.56],
			"to": [10.16, 17.08, 10.88],
			"rotation": {"angle": 0, "axis": "y", "origin": [7.28, 7.12, 7.28]},
			"faces": {
				"north": {"uv": [6, 0, 9, 3], "texture": "#3"},
				"east": {"uv": [2, 6, 5, 9], "texture": "#3"},
				"south": {"uv": [6, 3, 9, 6], "texture": "#3"},
				"west": {"uv": [5, 6, 8, 9], "texture": "#3"},
				"up": {"uv": [11, 9, 8, 6], "texture": "#3"},
				"down": {"uv": [12, 0, 9, 3], "texture": "#3"}
			}
		},
		{
			"from": [7.72784, 6.03933, 7.35891],
			"to": [9.27613, 7.97469, 10.06842],
			"rotation": {"angle": 0, "axis": "y", "origin": [8.50198, 5.65226, 10.45549]},
			"faces": {
				"north": {"uv": [2, 11, 3.5, 13], "texture": "#3"},
				"east": {"uv": [2, 9, 4.5, 11], "texture": "#3"},
				"south": {"uv": [3.5, 11, 5, 13], "texture": "#3"},
				"west": {"uv": [9, 3, 11.5, 5], "texture": "#3"},
				"up": {"uv": [10, 11.5, 8.5, 9], "texture": "#3"},
				"down": {"uv": [11.5, 9, 10, 11.5], "texture": "#3"}
			}
		},
		{
			"from": [6.9537, 6.03933, 7.35891],
			"to": [7.72784, 7.97469, 8.9072],
			"rotation": {"angle": 0, "axis": "y", "origin": [8.50198, 5.65226, 10.45549]},
			"faces": {
				"north": {"uv": [6.5, 11, 7.5, 13], "texture": "#3"},
				"east": {"uv": [5, 11, 6.5, 13], "texture": "#3"},
				"south": {"uv": [11, 7, 12, 9], "texture": "#3"},
				"west": {"uv": [11, 5, 12.5, 7], "texture": "#3"},
				"up": {"uv": [9.5, 13, 8.5, 11.5], "texture": "#3"},
				"down": {"uv": [12.5, 9, 11.5, 10.5], "texture": "#3"}
			}
		},
		{
			"from": [6.9537, 6.4264, 8.9072],
			"to": [7.72784, 7.97469, 10.06842],
			"rotation": {"angle": 0, "axis": "y", "origin": [8.50198, 5.65226, 10.45549]},
			"faces": {
				"north": {"uv": [9.5, 11.5, 10.5, 13], "texture": "#3"},
				"east": {"uv": [10.5, 11.5, 11.5, 13], "texture": "#3"},
				"south": {"uv": [11.5, 10.5, 12.5, 12], "texture": "#3"},
				"west": {"uv": [0, 12, 1, 13.5], "texture": "#3"},
				"up": {"uv": [10, 6, 9, 5], "texture": "#3"},
				"down": {"uv": [11, 5, 10, 6], "texture": "#3"}
			}
		},
		{
			"from": [9.29106, 5.14672, 7.88146],
			"to": [9.67813, 6.69501, 8.6556],
			"rotation": {"angle": 22.5, "axis": "z", "origin": [9.4179, 5.39202, 8.26853]},
			"faces": {
				"north": {"uv": [4, 13, 4.5, 14.5], "texture": "#3"},
				"east": {"uv": [12, 0, 13, 1.5], "texture": "#3"},
				"south": {"uv": [4.5, 13, 5, 14.5], "texture": "#3"},
				"west": {"uv": [1, 12, 2, 13.5], "texture": "#3"},
				"up": {"uv": [13.5, 8.5, 13, 7.5], "texture": "#3"},
				"down": {"uv": [9, 13, 8.5, 14], "texture": "#3"}
			}
		},
		{
			"from": [9.36513, 4.49084, 7.88146],
			"to": [9.7522, 5.26498, 8.6556],
			"rotation": {"angle": 0, "axis": "x", "origin": [9.4179, 5.39202, 8.26853]},
			"faces": {
				"north": {"uv": [9, 13, 9.5, 14], "texture": "#3"},
				"east": {"uv": [12.5, 4.5, 13.5, 5.5], "texture": "#3"},
				"south": {"uv": [9.5, 13, 10, 14], "texture": "#3"},
				"west": {"uv": [12.5, 5.5, 13.5, 6.5], "texture": "#3"},
				"up": {"uv": [10.5, 14, 10, 13], "texture": "#3"},
				"down": {"uv": [11, 13, 10.5, 14], "texture": "#3"}
			}
		},
		{
			"from": [8.90399, 4.37258, 6.97184],
			"to": [9.29106, 5.92087, 7.74598],
			"rotation": {"angle": 22.5, "axis": "x", "origin": [9.4179, 5.39202, 8.52013]},
			"faces": {
				"north": {"uv": [3, 13, 3.5, 14.5], "texture": "#3"},
				"east": {"uv": [7.5, 11, 8.5, 12.5], "texture": "#3"},
				"south": {"uv": [3.5, 13, 4, 14.5], "texture": "#3"},
				"west": {"uv": [11.5, 3, 12.5, 4.5], "texture": "#3"},
				"up": {"uv": [13.5, 7.5, 13, 6.5], "texture": "#3"},
				"down": {"uv": [7.5, 13, 7, 14], "texture": "#3"}
			}
		},
		{
			"from": [8.68697, 4.13169, 6.69957],
			"to": [9.07405, 5.2929, 7.47372],
			"rotation": {"angle": -45, "axis": "z", "origin": [8.88051, 4.90583, 7.08665]},
			"faces": {
				"north": {"uv": [11, 13, 11.5, 14], "texture": "#3"},
				"east": {"uv": [7.5, 12.5, 8.5, 13.5], "texture": "#3"},
				"south": {"uv": [0, 13.5, 0.5, 14.5], "texture": "#3"},
				"west": {"uv": [12.5, 8.5, 13.5, 9.5], "texture": "#3"},
				"up": {"uv": [1, 14.5, 0.5, 13.5], "texture": "#3"},
				"down": {"uv": [1.5, 13.5, 1, 14.5], "texture": "#3"}
			}
		},
		{
			"from": [6.81219, 5.6329, 8.31779],
			"to": [7.19926, 6.40705, 9.09194],
			"rotation": {"angle": -22.5, "axis": "y", "origin": [9.39485, 5.87821, 8.70487]},
			"faces": {
				"north": {"uv": [1.5, 13.5, 2, 14.5], "texture": "#3"},
				"east": {"uv": [12.5, 9.5, 13.5, 10.5], "texture": "#3"},
				"south": {"uv": [13.5, 3, 14, 4], "texture": "#3"},
				"west": {"uv": [12.5, 10.5, 13.5, 11.5], "texture": "#3"},
				"up": {"uv": [14, 5, 13.5, 4], "texture": "#3"},
				"down": {"uv": [14, 5, 13.5, 6], "texture": "#3"}
			}
		},
		{
			"from": [6.76984, 5.24583, 7.51924],
			"to": [7.54398, 5.6329, 8.68045],
			"rotation": {"angle": 45, "axis": "y", "origin": [7.15691, 5.43937, 7.90631]},
			"faces": {
				"north": {"uv": [11.5, 4.5, 12.5, 5], "texture": "#3"},
				"east": {"uv": [13.5, 6, 14.5, 6.5], "texture": "#3"},
				"south": {"uv": [13.5, 6.5, 14.5, 7], "texture": "#3"},
				"west": {"uv": [13.5, 7, 14.5, 7.5], "texture": "#3"},
				"up": {"uv": [13.5, 12.5, 12.5, 11.5], "texture": "#3"},
				"down": {"uv": [13.5, 12.5, 12.5, 13.5], "texture": "#3"}
			}
		},
		{
			"from": [9.29106, 5.14672, 8.83946],
			"to": [9.67813, 6.69501, 9.61361],
			"rotation": {"angle": 22.5, "axis": "z", "origin": [9.4179, 5.39202, 9.22654]},
			"faces": {
				"north": {"uv": [5, 13, 5.5, 14.5], "texture": "#3"},
				"east": {"uv": [12, 1.5, 13, 3], "texture": "#3"},
				"south": {"uv": [5.5, 13, 6, 14.5], "texture": "#3"},
				"west": {"uv": [12, 7, 13, 8.5], "texture": "#3"},
				"up": {"uv": [8, 14.5, 7.5, 13.5], "texture": "#3"},
				"down": {"uv": [14, 7.5, 13.5, 8.5], "texture": "#3"}
			}
		},
		{
			"from": [9.36513, 4.49084, 8.83946],
			"to": [9.7522, 5.26498, 9.61361],
			"rotation": {"angle": 0, "axis": "x", "origin": [9.4179, 5.39202, 9.22654]},
			"faces": {
				"north": {"uv": [8, 13.5, 8.5, 14.5], "texture": "#3"},
				"east": {"uv": [13, 0, 14, 1], "texture": "#3"},
				"south": {"uv": [13.5, 8.5, 14, 9.5], "texture": "#3"},
				"west": {"uv": [13, 1, 14, 2], "texture": "#3"},
				"up": {"uv": [14, 10.5, 13.5, 9.5], "texture": "#3"},
				"down": {"uv": [14, 10.5, 13.5, 11.5], "texture": "#3"}
			}
		},
		{
			"from": [8.12649, 4.49084, 10.49419],
			"to": [8.51357, 5.26498, 11.26834],
			"rotation": {"angle": -45, "axis": "y", "origin": [9.4179, 5.39202, 10.84256]},
			"faces": {
				"north": {"uv": [11.5, 13.5, 12, 14.5], "texture": "#3"},
				"east": {"uv": [2, 13, 3, 14], "texture": "#3"},
				"south": {"uv": [13.5, 11.5, 14, 12.5], "texture": "#3"},
				"west": {"uv": [13, 2, 14, 3], "texture": "#3"},
				"up": {"uv": [12.5, 14.5, 12, 13.5], "texture": "#3"},
				"down": {"uv": [13, 13.5, 12.5, 14.5], "texture": "#3"}
			}
		},
		{
			"from": [8.05243, 5.14672, 10.49419],
			"to": [8.4395, 6.69501, 11.26834],
			"rotation": {"angle": -45, "axis": "y", "origin": [9.4179, 5.39202, 10.84256]},
			"faces": {
				"north": {"uv": [6, 13, 6.5, 14.5], "texture": "#3"},
				"east": {"uv": [11.5, 12, 12.5, 13.5], "texture": "#3"},
				"south": {"uv": [6.5, 13, 7, 14.5], "texture": "#3"},
				"west": {"uv": [12.5, 3, 13.5, 4.5], "texture": "#3"},
				"up": {"uv": [14, 13.5, 13.5, 12.5], "texture": "#3"},
				"down": {"uv": [13.5, 13.5, 13, 14.5], "texture": "#3"}
			}
		},
		{
			"name": "20022_0",
			"from": [7.76857, -6.52333, -1.81976],
			"to": [8.40857, -3.96333, 1.38024],
			"rotation": {"angle": 45, "axis": "x", "origin": [5.92857, 0.25, 6.79167]},
			"faces": {
				"north": {"uv": [7.5, 0.5, 8, 2.5], "rotation": 180, "texture": "#0"},
				"east": {"uv": [5.5, 2.5, 8, 0.5], "texture": "#0"},
				"south": {"uv": [5.5, 0.5, 6, 2.5], "rotation": 180, "texture": "#0"},
				"west": {"uv": [5.5, 0.5, 8, 2.5], "rotation": 180, "texture": "#0"},
				"up": {"uv": [5.5, 2, 8, 2.5], "rotation": 270, "texture": "#0"},
				"down": {"uv": [8, 0.5, 5.5, 1], "rotation": 270, "texture": "#0"}
			}
		},
		{
			"name": "20022_1",
			"from": [7.76857, -5.88333, 1.38024],
			"to": [8.40857, -0.76333, 3.30024],
			"rotation": {"angle": 45, "axis": "x", "origin": [5.92857, 0.25, 6.79167]},
			"faces": {
				"north": {"uv": [5, 1, 5.5, 5], "rotation": 180, "texture": "#0"},
				"east": {"uv": [4, 5, 5.5, 1], "texture": "#0"},
				"south": {"uv": [4, 1, 4.5, 5], "rotation": 180, "texture": "#0"},
				"west": {"uv": [4, 1, 5.5, 5], "rotation": 180, "texture": "#0"},
				"up": {"uv": [4, 4.5, 5.5, 5], "rotation": 270, "texture": "#0"},
				"down": {"uv": [5.5, 1, 4, 1.5], "rotation": 270, "texture": "#0"}
			}
		},
		{
			"name": "20022_2",
			"from": [7.76857, -5.88333, -3.09976],
			"to": [8.40857, -5.24333, -1.81976],
			"rotation": {"angle": 45, "axis": "x", "origin": [5.92857, 0.25, 6.79167]},
			"faces": {
				"north": {"uv": [8.5, 1, 9, 1.5], "rotation": 180, "texture": "#0"},
				"east": {"uv": [8, 1.5, 9, 1], "texture": "#0"},
				"south": {"uv": [8, 1, 8.5, 1.5], "rotation": 180, "texture": "#0"},
				"west": {"uv": [8, 1, 9, 1.5], "rotation": 180, "texture": "#0"},
				"up": {"uv": [8, 1, 9, 1.5], "rotation": 270, "texture": "#0"},
				"down": {"uv": [9, 1, 8, 1.5], "rotation": 270, "texture": "#0"}
			}
		},
		{
			"name": "20022_3",
			"from": [7.76857, -5.24333, 3.30024],
			"to": [8.40857, 0.51667, 3.94024],
			"rotation": {"angle": 45, "axis": "x", "origin": [5.92857, 0.25, 6.79167]},
			"faces": {
				"north": {"uv": [3.5, 1.5, 4, 6], "rotation": 180, "texture": "#0"},
				"east": {"uv": [3.5, 6, 4, 1.5], "texture": "#0"},
				"south": {"uv": [3.5, 1.5, 4, 6], "rotation": 180, "texture": "#0"},
				"west": {"uv": [3.5, 1.5, 4, 6], "rotation": 180, "texture": "#0"},
				"up": {"uv": [3.5, 5.5, 4, 6], "rotation": 270, "texture": "#0"},
				"down": {"uv": [4, 1.5, 3.5, 2], "rotation": 270, "texture": "#0"}
			}
		},
		{
			"name": "20022_4",
			"from": [7.76857, -5.24333, -2.45976],
			"to": [8.40857, -4.60333, -1.81976],
			"rotation": {"angle": 45, "axis": "x", "origin": [5.92857, 0.25, 6.79167]},
			"faces": {
				"north": {"uv": [8, 1.5, 8.5, 2], "rotation": 180, "texture": "#0"},
				"east": {"uv": [8, 2, 8.5, 1.5], "texture": "#0"},
				"south": {"uv": [8, 1.5, 8.5, 2], "rotation": 180, "texture": "#0"},
				"west": {"uv": [8, 1.5, 8.5, 2], "rotation": 180, "texture": "#0"},
				"up": {"uv": [8, 1.5, 8.5, 2], "rotation": 270, "texture": "#0"},
				"down": {"uv": [8.5, 1.5, 8, 2], "rotation": 270, "texture": "#0"}
			}
		},
		{
			"name": "20022_5",
			"from": [7.76857, -4.60333, 3.94024],
			"to": [8.40857, 1.79667, 4.58024],
			"rotation": {"angle": 45, "axis": "x", "origin": [5.92857, 0.25, 6.79167]},
			"faces": {
				"north": {"uv": [3, 2, 3.5, 7], "rotation": 180, "texture": "#0"},
				"east": {"uv": [3, 7, 3.5, 2], "texture": "#0"},
				"south": {"uv": [3, 2, 3.5, 7], "rotation": 180, "texture": "#0"},
				"west": {"uv": [3, 2, 3.5, 7], "rotation": 180, "texture": "#0"},
				"up": {"uv": [3, 6.5, 3.5, 7], "rotation": 270, "texture": "#0"},
				"down": {"uv": [3.5, 2, 3, 2.5], "rotation": 270, "texture": "#0"}
			}
		},
		{
			"name": "20022_6",
			"from": [7.76857, -3.96333, 4.58024],
			"to": [8.40857, 2.43667, 5.22024],
			"rotation": {"angle": 45, "axis": "x", "origin": [5.92857, 0.25, 6.79167]},
			"faces": {
				"north": {"uv": [2.5, 2.5, 3, 7.5], "rotation": 180, "texture": "#0"},
				"east": {"uv": [2.5, 7.5, 3, 2.5], "texture": "#0"},
				"south": {"uv": [2.5, 2.5, 3, 7.5], "rotation": 180, "texture": "#0"},
				"west": {"uv": [2.5, 2.5, 3, 7.5], "rotation": 180, "texture": "#0"},
				"up": {"uv": [2.5, 7, 3, 7.5], "rotation": 270, "texture": "#0"},
				"down": {"uv": [3, 2.5, 2.5, 3], "rotation": 270, "texture": "#0"}
			}
		},
		{
			"name": "20022_7",
			"from": [7.76857, -3.96333, 0.10024],
			"to": [8.40857, -2.68333, 1.38024],
			"rotation": {"angle": 45, "axis": "x", "origin": [5.92857, 0.25, 6.79167]},
			"faces": {
				"north": {"uv": [6, 2.5, 6.5, 3.5], "rotation": 180, "texture": "#0"},
				"east": {"uv": [5.5, 3.5, 6.5, 2.5], "texture": "#0"},
				"south": {"uv": [5.5, 2.5, 6, 3.5], "rotation": 180, "texture": "#0"},
				"west": {"uv": [5.5, 2.5, 6.5, 3.5], "rotation": 180, "texture": "#0"},
				"up": {"uv": [5.5, 3, 6.5, 3.5], "rotation": 270, "texture": "#0"},
				"down": {"uv": [6.5, 2.5, 5.5, 3], "rotation": 270, "texture": "#0"}
			}
		},
		{
			"name": "20022_8",
			"from": [7.76857, -3.96333, -0.53976],
			"to": [8.40857, -3.32333, 0.10024],
			"rotation": {"angle": 45, "axis": "x", "origin": [5.92857, 0.25, 6.79167]},
			"faces": {
				"north": {"uv": [6.5, 2.5, 7, 3], "rotation": 180, "texture": "#0"},
				"east": {"uv": [6.5, 3, 7, 2.5], "texture": "#0"},
				"south": {"uv": [6.5, 2.5, 7, 3], "rotation": 180, "texture": "#0"},
				"west": {"uv": [6.5, 2.5, 7, 3], "rotation": 180, "texture": "#0"},
				"up": {"uv": [6.5, 2.5, 7, 3], "rotation": 270, "texture": "#0"},
				"down": {"uv": [7, 2.5, 6.5, 3], "rotation": 270, "texture": "#0"}
			}
		},
		{
			"name": "20022_9",
			"from": [7.76857, -3.32333, 5.22024],
			"to": [8.40857, 3.71667, 5.86024],
			"rotation": {"angle": 45, "axis": "x", "origin": [5.92857, 0.25, 6.79167]},
			"faces": {
				"north": {"uv": [2, 3, 2.5, 8.5], "rotation": 180, "texture": "#0"},
				"east": {"uv": [2, 8.5, 2.5, 3], "texture": "#0"},
				"south": {"uv": [2, 3, 2.5, 8.5], "rotation": 180, "texture": "#0"},
				"west": {"uv": [2, 3, 2.5, 8.5], "rotation": 180, "texture": "#0"},
				"up": {"uv": [2, 8, 2.5, 8.5], "rotation": 270, "texture": "#0"},
				"down": {"uv": [2.5, 3, 2, 3.5], "rotation": 270, "texture": "#0"}
			}
		},
		{
			"name": "20022_10",
			"from": [7.76857, -3.32333, -6.29976],
			"to": [8.40857, 3.71667, -5.65976],
			"rotation": {"angle": 45, "axis": "x", "origin": [5.92857, 0.25, 6.79167]},
			"faces": {
				"north": {"uv": [11, 3, 11.5, 8.5], "rotation": 180, "texture": "#0"},
				"east": {"uv": [11, 8.5, 11.5, 3], "texture": "#0"},
				"south": {"uv": [11, 3, 11.5, 8.5], "rotation": 180, "texture": "#0"},
				"west": {"uv": [11, 3, 11.5, 8.5], "rotation": 180, "texture": "#0"},
				"up": {"uv": [11, 8, 11.5, 8.5], "rotation": 270, "texture": "#0"},
				"down": {"uv": [11.5, 3, 11, 3.5], "rotation": 270, "texture": "#0"}
			}
		},
		{
			"name": "20022_11",
			"from": [7.76857, -2.68333, 0.74024],
			"to": [8.40857, 2.43667, 1.38024],
			"rotation": {"angle": 45, "axis": "x", "origin": [5.92857, 0.25, 6.79167]},
			"faces": {
				"north": {"uv": [5.5, 3.5, 6, 7.5], "rotation": 180, "texture": "#0"},
				"east": {"uv": [5.5, 7.5, 6, 3.5], "texture": "#0"},
				"south": {"uv": [5.5, 3.5, 6, 7.5], "rotation": 180, "texture": "#0"},
				"west": {"uv": [5.5, 3.5, 6, 7.5], "rotation": 180, "texture": "#0"},
				"up": {"uv": [5.5, 7, 6, 7.5], "rotation": 270, "texture": "#0"},
				"down": {"uv": [6, 3.5, 5.5, 4], "rotation": 270, "texture": "#0"}
			}
		},
		{
			"name": "20022_12",
			"from": [7.76857, -2.68333, -3.09976],
			"to": [8.40857, -0.76333, -1.17976],
			"rotation": {"angle": 45, "axis": "x", "origin": [5.92857, 0.25, 6.79167]},
			"faces": {
				"north": {"uv": [8.5, 3.5, 9, 5], "rotation": 180, "texture": "#0"},
				"east": {"uv": [7.5, 5, 9, 3.5], "texture": "#0"},
				"south": {"uv": [7.5, 3.5, 8, 5], "rotation": 180, "texture": "#0"},
				"west": {"uv": [7.5, 3.5, 9, 5], "rotation": 180, "texture": "#0"},
				"up": {"uv": [7.5, 4.5, 9, 5], "rotation": 270, "texture": "#0"},
				"down": {"uv": [9, 3.5, 7.5, 4], "rotation": 270, "texture": "#0"}
			}
		},
		{
			"name": "20022_13",
			"from": [7.76857, -2.68333, -6.93976],
			"to": [8.40857, 2.43667, -6.29976],
			"rotation": {"angle": 45, "axis": "x", "origin": [5.92857, 0.25, 6.79167]},
			"faces": {
				"north": {"uv": [11.5, 3.5, 12, 7.5], "rotation": 180, "texture": "#0"},
				"east": {"uv": [11.5, 7.5, 12, 3.5], "texture": "#0"},
				"south": {"uv": [11.5, 3.5, 12, 7.5], "rotation": 180, "texture": "#0"},
				"west": {"uv": [11.5, 3.5, 12, 7.5], "rotation": 180, "texture": "#0"},
				"up": {"uv": [11.5, 7, 12, 7.5], "rotation": 270, "texture": "#0"},
				"down": {"uv": [12, 3.5, 11.5, 4], "rotation": 270, "texture": "#0"}
			}
		},
		{
			"name": "20022_14",
			"from": [7.76857, -2.04333, 5.86024],
			"to": [8.40857, 3.07667, 6.50024],
			"rotation": {"angle": 45, "axis": "x", "origin": [5.92857, 0.25, 6.79167]},
			"faces": {
				"north": {"uv": [1.5, 4, 2, 8], "rotation": 180, "texture": "#0"},
				"east": {"uv": [1.5, 8, 2, 4], "texture": "#0"},
				"south": {"uv": [1.5, 4, 2, 8], "rotation": 180, "texture": "#0"},
				"west": {"uv": [1.5, 4, 2, 8], "rotation": 180, "texture": "#0"},
				"up": {"uv": [1.5, 7.5, 2, 8], "rotation": 270, "texture": "#0"},
				"down": {"uv": [2, 4, 1.5, 4.5], "rotation": 270, "texture": "#0"}
			}
		},
		{
			"name": "20022_15",
			"from": [7.76857, -2.04333, 0.10024],
			"to": [8.40857, 2.43667, 0.74024],
			"rotation": {"angle": 45, "axis": "x", "origin": [5.92857, 0.25, 6.79167]},
			"faces": {
				"north": {"uv": [6, 4, 6.5, 7.5], "rotation": 180, "texture": "#0"},
				"east": {"uv": [6, 7.5, 6.5, 4], "texture": "#0"},
				"south": {"uv": [6, 4, 6.5, 7.5], "rotation": 180, "texture": "#0"},
				"west": {"uv": [6, 4, 6.5, 7.5], "rotation": 180, "texture": "#0"},
				"up": {"uv": [6, 7, 6.5, 7.5], "rotation": 270, "texture": "#0"},
				"down": {"uv": [6.5, 4, 6, 4.5], "rotation": 270, "texture": "#0"}
			}
		},
		{
			"name": "20022_16",
			"from": [7.76857, -2.04333, -1.17976],
			"to": [8.40857, 2.43667, -0.53976],
			"rotation": {"angle": 45, "axis": "x", "origin": [5.92857, 0.25, 6.79167]},
			"faces": {
				"north": {"uv": [7, 4, 7.5, 7.5], "rotation": 180, "texture": "#0"},
				"east": {"uv": [7, 7.5, 7.5, 4], "texture": "#0"},
				"south": {"uv": [7, 4, 7.5, 7.5], "rotation": 180, "texture": "#0"},
				"west": {"uv": [7, 4, 7.5, 7.5], "rotation": 180, "texture": "#0"},
				"up": {"uv": [7, 7, 7.5, 7.5], "rotation": 270, "texture": "#0"},
				"down": {"uv": [7.5, 4, 7, 4.5], "rotation": 270, "texture": "#0"}
			}
		},
		{
			"name": "20022_17",
			"from": [7.76857, -2.04333, -5.65976],
			"to": [8.40857, 4.35667, -5.01976],
			"rotation": {"angle": 45, "axis": "x", "origin": [5.92857, 0.25, 6.79167]},
			"faces": {
				"north": {"uv": [10.5, 4, 11, 9], "rotation": 180, "texture": "#0"},
				"east": {"uv": [10.5, 9, 11, 4], "texture": "#0"},
				"south": {"uv": [10.5, 4, 11, 9], "rotation": 180, "texture": "#0"},
				"west": {"uv": [10.5, 4, 11, 9], "rotation": 180, "texture": "#0"},
				"up": {"uv": [10.5, 8.5, 11, 9], "rotation": 270, "texture": "#0"},
				"down": {"uv": [11, 4, 10.5, 4.5], "rotation": 270, "texture": "#0"}
			}
		},
		{
			"name": "20022_18",
			"from": [7.76857, -1.40333, -0.53976],
			"to": [8.40857, 2.43667, 0.10024],
			"rotation": {"angle": 45, "axis": "x", "origin": [5.92857, 0.25, 6.79167]},
			"faces": {
				"north": {"uv": [6.5, 4.5, 7, 7.5], "rotation": 180, "texture": "#0"},
				"east": {"uv": [6.5, 7.5, 7, 4.5], "texture": "#0"},
				"south": {"uv": [6.5, 4.5, 7, 7.5], "rotation": 180, "texture": "#0"},
				"west": {"uv": [6.5, 4.5, 7, 7.5], "rotation": 180, "texture": "#0"},
				"up": {"uv": [6.5, 7, 7, 7.5], "rotation": 270, "texture": "#0"},
				"down": {"uv": [7, 4.5, 6.5, 5], "rotation": 270, "texture": "#0"}
			}
		},
		{
			"name": "20022_19",
			"from": [7.76857, -1.40333, -5.01976],
			"to": [8.40857, 4.99667, -4.37976],
			"rotation": {"angle": 45, "axis": "x", "origin": [5.92857, 0.25, 6.79167]},
			"faces": {
				"north": {"uv": [10, 4.5, 10.5, 9.5], "rotation": 180, "texture": "#0"},
				"east": {"uv": [10, 9.5, 10.5, 4.5], "texture": "#0"},
				"south": {"uv": [10, 4.5, 10.5, 9.5], "rotation": 180, "texture": "#0"},
				"west": {"uv": [10, 4.5, 10.5, 9.5], "rotation": 180, "texture": "#0"},
				"up": {"uv": [10, 9, 10.5, 9.5], "rotation": 270, "texture": "#0"},
				"down": {"uv": [10.5, 4.5, 10, 5], "rotation": 270, "texture": "#0"}
			}
		},
		{
			"name": "20022_20",
			"from": [7.76857, -0.76333, 2.66024],
			"to": [8.40857, -0.12333, 3.30024],
			"rotation": {"angle": 45, "axis": "x", "origin": [5.92857, 0.25, 6.79167]},
			"faces": {
				"north": {"uv": [4, 5, 4.5, 5.5], "rotation": 180, "texture": "#0"},
				"east": {"uv": [4, 5.5, 4.5, 5], "texture": "#0"},
				"south": {"uv": [4, 5, 4.5, 5.5], "rotation": 180, "texture": "#0"},
				"west": {"uv": [4, 5, 4.5, 5.5], "rotation": 180, "texture": "#0"},
				"up": {"uv": [4, 5, 4.5, 5.5], "rotation": 270, "texture": "#0"},
				"down": {"uv": [4.5, 5, 4, 5.5], "rotation": 270, "texture": "#0"}
			}
		},
		{
			"name": "20022_21",
			"from": [7.76857, -0.76333, 1.38024],
			"to": [8.40857, 3.07667, 2.02024],
			"rotation": {"angle": 45, "axis": "x", "origin": [5.92857, 0.25, 6.79167]},
			"faces": {
				"north": {"uv": [5, 5, 5.5, 8], "rotation": 180, "texture": "#0"},
				"east": {"uv": [5, 8, 5.5, 5], "texture": "#0"},
				"south": {"uv": [5, 5, 5.5, 8], "rotation": 180, "texture": "#0"},
				"west": {"uv": [5, 5, 5.5, 8], "rotation": 180, "texture": "#0"},
				"up": {"uv": [5, 7.5, 5.5, 8], "rotation": 270, "texture": "#0"},
				"down": {"uv": [5.5, 5, 5, 5.5], "rotation": 270, "texture": "#0"}
			}
		},
		{
			"name": "20022_22",
			"from": [7.76857, -0.76333, -2.45976],
			"to": [8.40857, -0.12333, -1.17976],
			"rotation": {"angle": 45, "axis": "x", "origin": [5.92857, 0.25, 6.79167]},
			"faces": {
				"north": {"uv": [8, 5, 8.5, 5.5], "rotation": 180, "texture": "#0"},
				"east": {"uv": [7.5, 5.5, 8.5, 5], "texture": "#0"},
				"south": {"uv": [7.5, 5, 8, 5.5], "rotation": 180, "texture": "#0"},
				"west": {"uv": [7.5, 5, 8.5, 5.5], "rotation": 180, "texture": "#0"},
				"up": {"uv": [7.5, 5, 8.5, 5.5], "rotation": 270, "texture": "#0"},
				"down": {"uv": [8.5, 5, 7.5, 5.5], "rotation": 270, "texture": "#0"}
			}
		},
		{
			"name": "20022_23",
			"from": [7.76857, -0.12333, -1.81976],
			"to": [8.40857, 6.91667, -1.17976],
			"rotation": {"angle": 45, "axis": "x", "origin": [5.92857, 0.25, 6.79167]},
			"faces": {
				"north": {"uv": [7.5, 5.5, 8, 11], "rotation": 180, "texture": "#0"},
				"east": {"uv": [7.5, 11, 8, 5.5], "texture": "#0"},
				"south": {"uv": [7.5, 5.5, 8, 11], "rotation": 180, "texture": "#0"},
				"west": {"uv": [7.5, 5.5, 8, 11], "rotation": 180, "texture": "#0"},
				"up": {"uv": [7.5, 10.5, 8, 11], "rotation": 270, "texture": "#0"},
				"down": {"uv": [8, 5.5, 7.5, 6], "rotation": 270, "texture": "#0"}
			}
		},
		{
			"name": "20022_24",
			"from": [7.76857, -0.12333, -4.37976],
			"to": [8.40857, 5.63667, -3.73976],
			"rotation": {"angle": 45, "axis": "x", "origin": [5.92857, 0.25, 6.79167]},
			"faces": {
				"north": {"uv": [9.5, 5.5, 10, 10], "rotation": 180, "texture": "#0"},
				"east": {"uv": [9.5, 10, 10, 5.5], "texture": "#0"},
				"south": {"uv": [9.5, 5.5, 10, 10], "rotation": 180, "texture": "#0"},
				"west": {"uv": [9.5, 5.5, 10, 10], "rotation": 180, "texture": "#0"},
				"up": {"uv": [9.5, 9.5, 10, 10], "rotation": 270, "texture": "#0"},
				"down": {"uv": [10, 5.5, 9.5, 6], "rotation": 270, "texture": "#0"}
			}
		},
		{
			"name": "20022_25",
			"from": [7.76857, 0.51667, -2.45976],
			"to": [8.40857, 6.27667, -1.81976],
			"rotation": {"angle": 45, "axis": "x", "origin": [5.92857, 0.25, 6.79167]},
			"faces": {
				"north": {"uv": [8, 6, 8.5, 10.5], "rotation": 180, "texture": "#0"},
				"east": {"uv": [8, 10.5, 8.5, 6], "texture": "#0"},
				"south": {"uv": [8, 6, 8.5, 10.5], "rotation": 180, "texture": "#0"},
				"west": {"uv": [8, 6, 8.5, 10.5], "rotation": 180, "texture": "#0"},
				"up": {"uv": [8, 10, 8.5, 10.5], "rotation": 270, "texture": "#0"},
				"down": {"uv": [8.5, 6, 8, 6.5], "rotation": 270, "texture": "#0"}
			}
		},
		{
			"name": "20022_26",
			"from": [7.76857, 0.51667, -3.73976],
			"to": [8.40857, 6.27667, -3.09976],
			"rotation": {"angle": 45, "axis": "x", "origin": [5.92857, 0.25, 6.79167]},
			"faces": {
				"north": {"uv": [9, 6, 9.5, 10.5], "rotation": 180, "texture": "#0"},
				"east": {"uv": [9, 10.5, 9.5, 6], "texture": "#0"},
				"south": {"uv": [9, 6, 9.5, 10.5], "rotation": 180, "texture": "#0"},
				"west": {"uv": [9, 6, 9.5, 10.5], "rotation": 180, "texture": "#0"},
				"up": {"uv": [9, 10, 9.5, 10.5], "rotation": 270, "texture": "#0"},
				"down": {"uv": [9.5, 6, 9, 6.5], "rotation": 270, "texture": "#0"}
			}
		},
		{
			"name": "20022_27",
			"from": [7.76857, 1.15667, -3.09976],
			"to": [8.40857, 6.27667, -2.45976],
			"rotation": {"angle": 45, "axis": "x", "origin": [5.92857, 0.25, 6.79167]},
			"faces": {
				"north": {"uv": [8.5, 6.5, 9, 10.5], "rotation": 180, "texture": "#0"},
				"east": {"uv": [8.5, 10.5, 9, 6.5], "texture": "#0"},
				"south": {"uv": [8.5, 6.5, 9, 10.5], "rotation": 180, "texture": "#0"},
				"west": {"uv": [8.5, 6.5, 9, 10.5], "rotation": 180, "texture": "#0"},
				"up": {"uv": [8.5, 10, 9, 10.5], "rotation": 270, "texture": "#0"},
				"down": {"uv": [9, 6.5, 8.5, 7], "rotation": 270, "texture": "#0"}
			}
		},
		{
			"name": "20022_28",
			"from": [7.76857, 1.79667, 2.02024],
			"to": [8.40857, 3.71667, 2.66024],
			"rotation": {"angle": 45, "axis": "x", "origin": [5.92857, 0.25, 6.79167]},
			"faces": {
				"north": {"uv": [4.5, 7, 5, 8.5], "rotation": 180, "texture": "#0"},
				"east": {"uv": [4.5, 8.5, 5, 7], "texture": "#0"},
				"south": {"uv": [4.5, 7, 5, 8.5], "rotation": 180, "texture": "#0"},
				"west": {"uv": [4.5, 7, 5, 8.5], "rotation": 180, "texture": "#0"},
				"up": {"uv": [4.5, 8, 5, 8.5], "rotation": 270, "texture": "#0"},
				"down": {"uv": [5, 7, 4.5, 7.5], "rotation": 270, "texture": "#0"}
			}
		},
		{
			"name": "20022_29",
			"from": [7.76857, 2.43667, 2.66024],
			"to": [8.40857, 4.35667, 3.30024],
			"rotation": {"angle": 45, "axis": "x", "origin": [5.92857, 0.25, 6.79167]},
			"faces": {
				"north": {"uv": [4, 7.5, 4.5, 9], "rotation": 180, "texture": "#0"},
				"east": {"uv": [4, 9, 4.5, 7.5], "texture": "#0"},
				"south": {"uv": [4, 7.5, 4.5, 9], "rotation": 180, "texture": "#0"},
				"west": {"uv": [4, 7.5, 4.5, 9], "rotation": 180, "texture": "#0"},
				"up": {"uv": [4, 8.5, 4.5, 9], "rotation": 270, "texture": "#0"},
				"down": {"uv": [4.5, 7.5, 4, 8], "rotation": 270, "texture": "#0"}
			}
		},
		{
			"name": "20022_30",
			"from": [7.76857, 3.07667, 3.30024],
			"to": [8.40857, 4.99667, 3.94024],
			"rotation": {"angle": 45, "axis": "x", "origin": [5.92857, 0.25, 6.79167]},
			"faces": {
				"north": {"uv": [3.5, 8, 4, 9.5], "rotation": 180, "texture": "#0"},
				"east": {"uv": [3.5, 9.5, 4, 8], "texture": "#0"},
				"south": {"uv": [3.5, 8, 4, 9.5], "rotation": 180, "texture": "#0"},
				"west": {"uv": [3.5, 8, 4, 9.5], "rotation": 180, "texture": "#0"},
				"up": {"uv": [3.5, 9, 4, 9.5], "rotation": 270, "texture": "#0"},
				"down": {"uv": [4, 8, 3.5, 8.5], "rotation": 270, "texture": "#0"}
			}
		},
		{
			"name": "20022_31",
			"from": [7.76857, 3.07667, -1.17976],
			"to": [8.40857, 6.91667, -0.53976],
			"rotation": {"angle": 45, "axis": "x", "origin": [5.92857, 0.25, 6.79167]},
			"faces": {
				"north": {"uv": [7, 8, 7.5, 11], "rotation": 180, "texture": "#0"},
				"east": {"uv": [7, 11, 7.5, 8], "texture": "#0"},
				"south": {"uv": [7, 8, 7.5, 11], "rotation": 180, "texture": "#0"},
				"west": {"uv": [7, 8, 7.5, 11], "rotation": 180, "texture": "#0"},
				"up": {"uv": [7, 10.5, 7.5, 11], "rotation": 270, "texture": "#0"},
				"down": {"uv": [7.5, 8, 7, 8.5], "rotation": 270, "texture": "#0"}
			}
		},
		{
			"name": "20022_32",
			"from": [7.76857, 3.71667, 3.94024],
			"to": [8.40857, 5.63667, 4.58024],
			"rotation": {"angle": 45, "axis": "x", "origin": [5.92857, 0.25, 6.79167]},
			"faces": {
				"north": {"uv": [3, 8.5, 3.5, 10], "rotation": 180, "texture": "#0"},
				"east": {"uv": [3, 10, 3.5, 8.5], "texture": "#0"},
				"south": {"uv": [3, 8.5, 3.5, 10], "rotation": 180, "texture": "#0"},
				"west": {"uv": [3, 8.5, 3.5, 10], "rotation": 180, "texture": "#0"},
				"up": {"uv": [3, 9.5, 3.5, 10], "rotation": 270, "texture": "#0"},
				"down": {"uv": [3.5, 8.5, 3, 9], "rotation": 270, "texture": "#0"}
			}
		},
		{
			"name": "20022_33",
			"from": [7.76857, 3.71667, -0.53976],
			"to": [8.40857, 6.91667, 0.10024],
			"rotation": {"angle": 45, "axis": "x", "origin": [5.92857, 0.25, 6.79167]},
			"faces": {
				"north": {"uv": [6.5, 8.5, 7, 11], "rotation": 180, "texture": "#0"},
				"east": {"uv": [6.5, 11, 7, 8.5], "texture": "#0"},
				"south": {"uv": [6.5, 8.5, 7, 11], "rotation": 180, "texture": "#0"},
				"west": {"uv": [6.5, 8.5, 7, 11], "rotation": 180, "texture": "#0"},
				"up": {"uv": [6.5, 10.5, 7, 11], "rotation": 270, "texture": "#0"},
				"down": {"uv": [7, 8.5, 6.5, 9], "rotation": 270, "texture": "#0"}
			}
		},
		{
			"name": "20022_34",
			"from": [7.76857, 4.35667, 4.58024],
			"to": [8.40857, 6.27667, 5.22024],
			"rotation": {"angle": 45, "axis": "x", "origin": [5.92857, 0.25, 6.79167]},
			"faces": {
				"north": {"uv": [2.5, 9, 3, 10.5], "rotation": 180, "texture": "#0"},
				"east": {"uv": [2.5, 10.5, 3, 9], "texture": "#0"},
				"south": {"uv": [2.5, 9, 3, 10.5], "rotation": 180, "texture": "#0"},
				"west": {"uv": [2.5, 9, 3, 10.5], "rotation": 180, "texture": "#0"},
				"up": {"uv": [2.5, 10, 3, 10.5], "rotation": 270, "texture": "#0"},
				"down": {"uv": [3, 9, 2.5, 9.5], "rotation": 270, "texture": "#0"}
			}
		},
		{
			"name": "20022_35",
			"from": [7.76857, 4.35667, 0.10024],
			"to": [8.40857, 6.91667, 1.38024],
			"rotation": {"angle": 45, "axis": "x", "origin": [5.92857, 0.25, 6.79167]},
			"faces": {
				"north": {"uv": [6, 9, 6.5, 11], "rotation": 180, "texture": "#0"},
				"east": {"uv": [5.5, 11, 6.5, 9], "texture": "#0"},
				"south": {"uv": [5.5, 9, 6, 11], "rotation": 180, "texture": "#0"},
				"west": {"uv": [5.5, 9, 6.5, 11], "rotation": 180, "texture": "#0"},
				"up": {"uv": [5.5, 10.5, 6.5, 11], "rotation": 270, "texture": "#0"},
				"down": {"uv": [6.5, 9, 5.5, 9.5], "rotation": 270, "texture": "#0"}
			}
		},
		{
			"name": "20022_36",
			"from": [7.76857, 4.99667, 5.22024],
			"to": [8.40857, 6.91667, 5.86024],
			"rotation": {"angle": 45, "axis": "x", "origin": [5.92857, 0.25, 6.79167]},
			"faces": {
				"north": {"uv": [2, 9.5, 2.5, 11], "rotation": 180, "texture": "#0"},
				"east": {"uv": [2, 11, 2.5, 9.5], "texture": "#0"},
				"south": {"uv": [2, 9.5, 2.5, 11], "rotation": 180, "texture": "#0"},
				"west": {"uv": [2, 9.5, 2.5, 11], "rotation": 180, "texture": "#0"},
				"up": {"uv": [2, 10.5, 2.5, 11], "rotation": 270, "texture": "#0"},
				"down": {"uv": [2.5, 9.5, 2, 10], "rotation": 270, "texture": "#0"}
			}
		},
		{
			"name": "20022_37",
			"from": [7.76857, 4.99667, 1.38024],
			"to": [8.40857, 6.27667, 2.02024],
			"rotation": {"angle": 45, "axis": "x", "origin": [5.92857, 0.25, 6.79167]},
			"faces": {
				"north": {"uv": [5, 9.5, 5.5, 10.5], "rotation": 180, "texture": "#0"},
				"east": {"uv": [5, 10.5, 5.5, 9.5], "texture": "#0"},
				"south": {"uv": [5, 9.5, 5.5, 10.5], "rotation": 180, "texture": "#0"},
				"west": {"uv": [5, 9.5, 5.5, 10.5], "rotation": 180, "texture": "#0"},
				"up": {"uv": [5, 10, 5.5, 10.5], "rotation": 270, "texture": "#0"},
				"down": {"uv": [5.5, 9.5, 5, 10], "rotation": 270, "texture": "#0"}
			}
		},
		{
			"name": "20022_38",
			"from": [7.76857, 5.63667, 5.86024],
			"to": [8.40857, 7.55667, 6.50024],
			"rotation": {"angle": 45, "axis": "x", "origin": [5.92857, 0.25, 6.79167]},
			"faces": {
				"north": {"uv": [1.5, 10, 2, 11.5], "rotation": 180, "texture": "#0"},
				"east": {"uv": [1.5, 11.5, 2, 10], "texture": "#0"},
				"south": {"uv": [1.5, 10, 2, 11.5], "rotation": 180, "texture": "#0"},
				"west": {"uv": [1.5, 10, 2, 11.5], "rotation": 180, "texture": "#0"},
				"up": {"uv": [1.5, 11, 2, 11.5], "rotation": 270, "texture": "#0"},
				"down": {"uv": [2, 10, 1.5, 10.5], "rotation": 270, "texture": "#0"}
			}
		},
		{
			"name": "20022_39",
			"from": [7.76857, 5.63667, 2.02024],
			"to": [8.40857, 6.27667, 2.66024],
			"rotation": {"angle": 45, "axis": "x", "origin": [5.92857, 0.25, 6.79167]},
			"faces": {
				"north": {"uv": [4.5, 10, 5, 10.5], "rotation": 180, "texture": "#0"},
				"east": {"uv": [4.5, 10.5, 5, 10], "texture": "#0"},
				"south": {"uv": [4.5, 10, 5, 10.5], "rotation": 180, "texture": "#0"},
				"west": {"uv": [4.5, 10, 5, 10.5], "rotation": 180, "texture": "#0"},
				"up": {"uv": [4.5, 10, 5, 10.5], "rotation": 270, "texture": "#0"},
				"down": {"uv": [5, 10, 4.5, 10.5], "rotation": 270, "texture": "#0"}
			}
		},
		{
			"name": "20022_40",
			"from": [7.76857, 6.27667, 6.50024],
			"to": [8.40857, 8.19667, 7.14024],
			"rotation": {"angle": 45, "axis": "x", "origin": [5.92857, 0.25, 6.79167]},
			"faces": {
				"north": {"uv": [1, 10.5, 1.5, 12], "rotation": 180, "texture": "#0"},
				"east": {"uv": [1, 12, 1.5, 10.5], "texture": "#0"},
				"south": {"uv": [1, 10.5, 1.5, 12], "rotation": 180, "texture": "#0"},
				"west": {"uv": [1, 10.5, 1.5, 12], "rotation": 180, "texture": "#0"},
				"up": {"uv": [1, 11.5, 1.5, 12], "rotation": 270, "texture": "#0"},
				"down": {"uv": [1.5, 10.5, 1, 11], "rotation": 270, "texture": "#0"}
			}
		},
		{
			"name": "20022_41",
			"from": [7.76857, 6.91667, 7.14024],
			"to": [8.40857, 8.19667, 7.78024],
			"rotation": {"angle": 45, "axis": "x", "origin": [5.92857, 0.25, 6.79167]},
			"faces": {
				"north": {"uv": [0.5, 11, 1, 12], "rotation": 180, "texture": "#0"},
				"east": {"uv": [0.5, 12, 1, 11], "texture": "#0"},
				"south": {"uv": [0.5, 11, 1, 12], "rotation": 180, "texture": "#0"},
				"west": {"uv": [0.5, 11, 1, 12], "rotation": 180, "texture": "#0"},
				"up": {"uv": [0.5, 11.5, 1, 12], "rotation": 270, "texture": "#0"},
				"down": {"uv": [1, 11, 0.5, 11.5], "rotation": 270, "texture": "#0"}
			}
		}
	],
	"display": {
		"thirdperson_righthand": {
			"rotation": [90, 0, 0],
			"translation": [1.25, -0.75, -2.5],
			"scale": [1.7, 1.7, 1.7]
		}
	},
	"groups": [
		0,
		1,
		{
			"name": "migite",
			"origin": [8, 8, 8],
			"color": 0,
			"children": [2, 3, 4, 5, 6, 7, 8, 9, 10, 11, 12, 13, 14]
		},
		{
			"name": "20022",
			"origin": [8, 8, 8],
			"color": 0,
			"children": [15, 16, 17, 18, 19, 20, 21, 22, 23, 24, 25, 26, 27, 28, 29, 30, 31, 32, 33, 34, 35, 36, 37, 38, 39, 40, 41, 42, 43, 44, 45, 46, 47, 48, 49, 50, 51, 52, 53, 54, 55, 56]
		}
	]
}