{
    "parent": "item/handheld_32",
    "textures": {
        "layer0": "item/mob/stick/20048"
    },
    "display": {
        "thirdperson_righthand": {
            "rotation": [24, -90, 55],
            "translation": [0, 10, 3.5],
            "scale": [1.5, 1.5, 0.744]
        },
        "thirdperson_lefthand": {
            "rotation": [24, 90, -55],
            "translation": [0, 10, 3.5],
            "scale": [1.5, 1.5, 0.744]
        },
        "firstperson_righthand": {
            "rotation": [0, -90, 25],
            "translation": [1.7, 5, 1.7],
            "scale": [1.5, 1.5, 0.744]
        },
        "firstperson_lefthand": {
            "rotation": [0, 90, -25],
            "translation": [1.7, 5, 1.7],
            "scale": [1.5, 1.5, 0.744]
        }
    }
}