{
    "parent": "item/handheld_32",
    "textures": {
        "layer0": "item/mob/stick/20050"
    },
    "display": {
        "thirdperson_righthand": {
            "rotation": [-10, -90, 55],
            "translation": [0, 25, -9],
            "scale": [3, 3, 2]
        },
        "thirdperson_lefthand": {
            "rotation": [-10, 90, -55],
            "translation": [0, 25, -9],
            "scale": [3, 3, 2]
        },
        "firstperson_righthand": {
            "rotation": [0, -90, 25],
            "translation": [1.13, 3.2, 3],
            "scale": [4, 4, 4]
        },
        "firstperson_lefthand": {
            "rotation": [0, 90, -25],
            "translation": [1.13, 3.2, 3],
            "scale": [4, 4, 4]
        }
    }
}