{
    "credit": "Made with Blockbench",
    "texture_size": [
        64,
        64
    ],
    "textures": {
        "2": "item/mob/stick/20067/texture2"
    },
    "elements": [
        {
            "from": [
                4,
                -2,
                4
            ],
            "to": [
                12,
                2,
                12
            ],
            "rotation": {
                "angle": 0,
                "axis": "y",
                "origin": [
                    0,
                    4,
                    0
                ]
            },
            "faces": {
                "north": {
                    "uv": [
                        2,
                        12,
                        4,
                        13
                    ],
                    "texture": "#2"
                },
                "east": {
                    "uv": [
                        6,
                        12,
                        8,
                        13
                    ],
                    "texture": "#2"
                },
                "south": {
                    "uv": [
                        0,
                        12,
                        2,
                        13
                    ],
                    "texture": "#2"
                },
                "west": {
                    "uv": [
                        4,
                        12,
                        6,
                        13
                    ],
                    "texture": "#2"
                },
                "up": {
                    "uv": [
                        4,
                        12,
                        2,
                        10
                    ],
                    "texture": "#2"
                },
                "down": {
                    "uv": [
                        6,
                        10,
                        4,
                        12
                    ],
                    "texture": "#2"
                }
            }
        },
        {
            "name": "headwear",
            "from": [
                -1,
                2,
                -1
            ],
            "to": [
                17,
                4,
                17
            ],
            "rotation": {
                "angle": 0,
                "axis": "y",
                "origin": [
                    8,
                    7.28694,
                    8.72884
                ]
            },
            "faces": {
                "north": {
                    "uv": [
                        6.5,
                        3,
                        11,
                        3.5
                    ],
                    "texture": "#2"
                },
                "east": {
                    "uv": [
                        6.5,
                        3.5,
                        11,
                        4
                    ],
                    "texture": "#2"
                },
                "south": {
                    "uv": [
                        6.25,
                        7,
                        10.75,
                        7.5
                    ],
                    "texture": "#2"
                },
                "west": {
                    "uv": [
                        4.5,
                        7.5,
                        9,
                        8
                    ],
                    "texture": "#2"
                },
                "up": {
                    "uv": [
                        4.5,
                        4.5,
                        0,
                        0
                    ],
                    "texture": "#2"
                },
                "down": {
                    "uv": [
                        4.5,
                        4.5,
                        0,
                        9
                    ],
                    "texture": "#2"
                }
            }
        },
        {
            "name": "hat2",
            "from": [
                4.5,
                4,
                4.5
            ],
            "to": [
                11.5,
                8,
                11.5
            ],
            "rotation": {
                "angle": 0,
                "axis": "x",
                "origin": [
                    8,
                    7.28694,
                    8.72884
                ]
            },
            "faces": {
                "north": {
                    "uv": [
                        4.5,
                        8,
                        6.25,
                        9
                    ],
                    "texture": "#2"
                },
                "east": {
                    "uv": [
                        6.25,
                        8,
                        8,
                        9
                    ],
                    "texture": "#2"
                },
                "south": {
                    "uv": [
                        8,
                        8,
                        9.75,
                        9
                    ],
                    "texture": "#2"
                },
                "west": {
                    "uv": [
                        8.25,
                        4,
                        10,
                        5
                    ],
                    "texture": "#2"
                },
                "up": {
                    "uv": [
                        6.25,
                        5.75,
                        4.5,
                        4
                    ],
                    "texture": "#2"
                },
                "down": {
                    "uv": [
                        6.25,
                        5.75,
                        4.5,
                        7.5
                    ],
                    "texture": "#2"
                }
            }
        },
        {
            "name": "hat3",
            "from": [
                6,
                6.74293,
                6.16529
            ],
            "to": [
                10,
                10.74293,
                10.16529
            ],
            "rotation": {
                "angle": 22.5,
                "axis": "x",
                "origin": [
                    8,
                    7.28694,
                    8.72884
                ]
            },
            "faces": {
                "north": {
                    "uv": [
                        8.25,
                        5,
                        9.25,
                        6
                    ],
                    "texture": "#2"
                },
                "east": {
                    "uv": [
                        8.25,
                        6,
                        9.25,
                        7
                    ],
                    "texture": "#2"
                },
                "south": {
                    "uv": [
                        8.5,
                        0,
                        9.5,
                        1
                    ],
                    "texture": "#2"
                },
                "west": {
                    "uv": [
                        8.5,
                        1,
                        9.5,
                        2
                    ],
                    "texture": "#2"
                },
                "up": {
                    "uv": [
                        9.5,
                        3,
                        8.5,
                        2
                    ],
                    "texture": "#2"
                },
                "down": {
                    "uv": [
                        1,
                        9,
                        0,
                        10
                    ],
                    "texture": "#2"
                }
            }
        },
        {
            "name": "hat4",
            "from": [
                7.25,
                9.87951,
                6.14609
            ],
            "to": [
                8.75,
                12.37951,
                7.64609
            ],
            "rotation": {
                "angle": 45,
                "axis": "x",
                "origin": [
                    8,
                    7.28694,
                    8.72884
                ]
            },
            "faces": {
                "north": {
                    "uv": [
                        1,
                        9,
                        1.5,
                        9.75
                    ],
                    "texture": "#2"
                },
                "east": {
                    "uv": [
                        1.5,
                        9,
                        2,
                        9.75
                    ],
                    "texture": "#2"
                },
                "south": {
                    "uv": [
                        2,
                        9,
                        2.5,
                        9.75
                    ],
                    "texture": "#2"
                },
                "west": {
                    "uv": [
                        2.5,
                        9,
                        3,
                        9.75
                    ],
                    "texture": "#2"
                },
                "up": {
                    "uv": [
                        3.5,
                        9.5,
                        3,
                        9
                    ],
                    "texture": "#2"
                },
                "down": {
                    "uv": [
                        4,
                        9,
                        3.5,
                        9.5
                    ],
                    "texture": "#2"
                }
            }
        }
    ],
    "display": {
        "head": {
            "rotation": [
                -10,
                0,
                0
            ],
            "translation": [
                0,
                10.75,
                -4.5
            ],
            "scale": [
                1.7,
                1.7,
                1.7
            ]
        }
    },
    "groups": [
        0,
        {
            "name": "hat",
            "origin": [
                8,
                11.3,
                10.15
            ],
            "color": 0,
            "children": [
                1,
                2,
                3,
                4
            ]
        }
    ]
}