{
	"credit": "Made with Blockbench",
	"texture_size": [64, 64],
	"textures": {
		"2": "item/mob/stick/20065/texture",
		"particle": "item/mob/stick/20065/texture"
	},
	"elements": [
		{
			"name": "Cube",
			"from": [0.93119, 20.4724, 7.88082],
			"to": [6.33119, 23.8724, 8.25882],
			"rotation": {"angle": 22.5, "axis": "z", "origin": [3.63119, 21.6724, 8.08782]},
			"faces": {
				"north": {"uv": [6.25, 7.5, 7.5, 8.25], "texture": "#2"},
				"east": {"uv": [4.5, 9.5, 4.75, 10.25], "texture": "#2"},
				"south": {"uv": [7.5, 7.5, 8.75, 8.25], "texture": "#2"},
				"west": {"uv": [4.75, 9.5, 5, 10.25], "texture": "#2"},
				"up": {"uv": [10.5, 4, 9.25, 3.75], "texture": "#2"},
				"down": {"uv": [5.25, 9.25, 4, 9.5], "texture": "#2"}
			}
		},
		{
			"name": "Cube",
			"from": [-3.3703, 12.54594, 7.86295],
			"to": [0.7297, 22.44594, 8.27695],
			"rotation": {"angle": -22.5, "axis": "z", "origin": [-0.9703, 13.34594, 8.06082]},
			"faces": {
				"north": {"uv": [1, 6, 2, 8.5], "texture": "#2"},
				"east": {"uv": [3.5, 8.5, 3.75, 11], "texture": "#2"},
				"south": {"uv": [2, 6, 3, 8.5], "texture": "#2"},
				"west": {"uv": [3.75, 8.5, 4, 11], "texture": "#2"},
				"up": {"uv": [10.5, 2.25, 9.5, 2], "texture": "#2"},
				"down": {"uv": [10.5, 2.25, 9.5, 2.5], "texture": "#2"}
			}
		},
		{
			"name": "Cube",
			"from": [-3.49376, 3.67472, 7.86489],
			"to": [0.99376, 13.52528, 8.27691],
			"rotation": {"angle": 0, "axis": "y", "origin": [1.98876, 2.77921, 6.62909]},
			"faces": {
				"north": {"uv": [0, 6, 1, 8.5], "texture": "#2"},
				"east": {"uv": [3, 8.5, 3.25, 11], "texture": "#2"},
				"south": {"uv": [6, 0, 7, 2.5], "texture": "#2"},
				"west": {"uv": [3.25, 8.5, 3.5, 11], "texture": "#2"},
				"up": {"uv": [10.25, 7, 9.25, 6.75], "texture": "#2"},
				"down": {"uv": [1, 9.5, 0, 9.75], "texture": "#2"}
			}
		},
		{
			"name": "Cube",
			"from": [-3.44222, -4.85832, 7.86303],
			"to": [1.65268, 5.03178, 8.27661],
			"rotation": {"angle": 22.5, "axis": "z", "origin": [-0.04562, 4.23258, 8.06083]},
			"faces": {
				"north": {"uv": [2.5, 3.5, 3.75, 6], "texture": "#2"},
				"east": {"uv": [2.5, 8.5, 2.75, 11], "texture": "#2"},
				"south": {"uv": [3.75, 3.5, 5, 6], "texture": "#2"},
				"west": {"uv": [2.75, 8.5, 3, 11], "texture": "#2"},
				"up": {"uv": [10.5, 3.5, 9.25, 3.25], "texture": "#2"},
				"down": {"uv": [10.5, 3.5, 9.25, 3.75], "texture": "#2"}
			}
		},
		{
			"name": "Cube",
			"from": [0.15102, -8.58955, 7.86696],
			"to": [4.41802, -3.14455, 8.27682],
			"rotation": {"angle": 45, "axis": "z", "origin": [3.03202, -4.13455, 8.06298]},
			"faces": {
				"north": {"uv": [7, 5, 8, 6.25], "texture": "#2"},
				"east": {"uv": [7.25, 8.75, 7.5, 10], "texture": "#2"},
				"south": {"uv": [7, 6.25, 8, 7.5], "texture": "#2"},
				"west": {"uv": [9.25, 2, 9.5, 3.25], "texture": "#2"},
				"up": {"uv": [10.25, 6.5, 9.25, 6.25], "texture": "#2"},
				"down": {"uv": [10.25, 6.5, 9.25, 6.75], "texture": "#2"}
			}
		},
		{
			"name": "Cube",
			"from": [4.1477, -9.32018, 7.89901],
			"to": [9.5423, -5.92358, 8.27663],
			"rotation": {"angle": 0, "axis": "y", "origin": [0.3515, 3.16732, 6.62229]},
			"faces": {
				"north": {"uv": [7.5, 4, 8.75, 4.75], "texture": "#2"},
				"east": {"uv": [4, 9.5, 4.25, 10.25], "texture": "#2"},
				"south": {"uv": [5, 7.5, 6.25, 8.25], "texture": "#2"},
				"west": {"uv": [4.25, 9.5, 4.5, 10.25], "texture": "#2"},
				"up": {"uv": [10, 4.75, 8.75, 4.5], "texture": "#2"},
				"down": {"uv": [10.5, 1.75, 9.25, 2], "texture": "#2"}
			}
		},
		{
			"name": "Cube",
			"from": [9.545, -9.32188, 7.91682],
			"to": [12.245, -6.12188, 8.25882],
			"rotation": {"angle": 0, "axis": "y", "origin": [0.445, 3.17812, 6.62082]},
			"faces": {
				"north": {"uv": [8.5, 5.5, 9.25, 6.25], "texture": "#2"},
				"east": {"uv": [8.5, 9.25, 8.75, 10], "texture": "#2"},
				"south": {"uv": [8.5, 6.25, 9.25, 7], "texture": "#2"},
				"west": {"uv": [8.75, 9.25, 9, 10], "texture": "#2"},
				"up": {"uv": [10.25, 2.75, 9.5, 2.5], "texture": "#2"},
				"down": {"uv": [10.25, 2.75, 9.5, 3], "texture": "#2"}
			}
		},
		{
			"name": "Cube",
			"from": [1.93119, 20.7224, 6.99426],
			"to": [7.33119, 24.1224, 9.09426],
			"rotation": {"angle": 22.5, "axis": "z", "origin": [4.63119, 21.9224, 8.14426]},
			"faces": {
				"north": {"uv": [7.5, 2.5, 8.75, 3.25], "texture": "#2"},
				"east": {"uv": [9, 9, 9.5, 9.75], "texture": "#2"},
				"south": {"uv": [7.5, 3.25, 8.75, 4], "texture": "#2"},
				"west": {"uv": [9.25, 1, 9.75, 1.75], "texture": "#2"},
				"up": {"uv": [9.75, 1, 8.5, 0.5], "texture": "#2"},
				"down": {"uv": [2.5, 8.5, 1.25, 9], "texture": "#2"}
			}
		},
		{
			"name": "Cube",
			"from": [-2.3703, 12.79594, 6.895],
			"to": [1.7297, 22.69594, 9.195],
			"rotation": {"angle": -22.5, "axis": "z", "origin": [0.0297, 13.59594, 7.99426]},
			"faces": {
				"north": {"uv": [5, 2.5, 6, 5], "texture": "#2"},
				"east": {"uv": [6.5, 5, 7, 7.5], "texture": "#2"},
				"south": {"uv": [5, 5, 6, 7.5], "texture": "#2"},
				"west": {"uv": [7, 0, 7.5, 2.5], "texture": "#2"},
				"up": {"uv": [9.75, 8, 8.75, 7.5], "texture": "#2"},
				"down": {"uv": [1, 9, 0, 9.5], "texture": "#2"}
			}
		},
		{
			"name": "Cube",
			"from": [6, 2, 6],
			"to": [10, 16, 10],
			"faces": {
				"north": {"uv": [0, 0, 1, 3.5], "texture": "#2"},
				"east": {"uv": [1, 0, 2, 3.5], "texture": "#2"},
				"south": {"uv": [2, 0, 3, 3.5], "texture": "#2"},
				"west": {"uv": [3, 0, 4, 3.5], "texture": "#2"},
				"up": {"uv": [5, 3.5, 4, 2.5], "texture": "#2"},
				"down": {"uv": [8.5, 0, 7.5, 1], "texture": "#2"}
			}
		},
		{
			"name": "Cube",
			"from": [3.50067, 13.39941, 6.9023],
			"to": [4.99767, 14.39741, 9.1977],
			"rotation": {"angle": 45, "axis": "z", "origin": [4.99767, 13.00021, 8.0001]},
			"faces": {
				"north": {"uv": [4.75, 8.5, 5, 8.75], "texture": "#2"},
				"east": {"uv": [7.5, 4.75, 8, 5], "texture": "#2"},
				"south": {"uv": [8.75, 8, 9, 8.25], "texture": "#2"},
				"west": {"uv": [8, 7.25, 8.5, 7.5], "texture": "#2"},
				"up": {"uv": [5.25, 10, 5, 9.5], "texture": "#2"},
				"down": {"uv": [7, 9.5, 6.75, 10], "texture": "#2"}
			}
		},
		{
			"name": "Cube",
			"from": [5, 11.4, 6.9],
			"to": [6, 13.7, 9.2],
			"rotation": {"angle": 0, "axis": "y", "origin": [3, 3, 0]},
			"faces": {
				"north": {"uv": [7, 9.5, 7.25, 10], "texture": "#2"},
				"east": {"uv": [9.25, 4.75, 9.75, 5.25], "texture": "#2"},
				"south": {"uv": [9.5, 7, 9.75, 7.5], "texture": "#2"},
				"west": {"uv": [5.25, 9.25, 5.75, 9.75], "texture": "#2"},
				"up": {"uv": [7.75, 10, 7.5, 9.5], "texture": "#2"},
				"down": {"uv": [8, 9.5, 7.75, 10], "texture": "#2"}
			}
		},
		{
			"name": "Cube",
			"from": [3.5075, 11.4105, 6.9115],
			"to": [4.9925, 13.4895, 9.1885],
			"rotation": {"angle": 0, "axis": "y", "origin": [3.0125, 3.0945, 0.0805]},
			"faces": {
				"north": {"uv": [8, 9.5, 8.25, 10], "texture": "#2"},
				"east": {"uv": [9.25, 5.25, 9.75, 5.75], "texture": "#2"},
				"south": {"uv": [8.25, 9.5, 8.5, 10], "texture": "#2"},
				"west": {"uv": [5.75, 9.25, 6.25, 9.75], "texture": "#2"},
				"up": {"uv": [9.75, 9.5, 9.5, 9], "texture": "#2"},
				"down": {"uv": [9.75, 9.5, 9.5, 10], "texture": "#2"}
			}
		},
		{
			"name": "Cube",
			"from": [2.5, 9.2, 6.9],
			"to": [4, 13.1, 9.2],
			"rotation": {"angle": 0, "axis": "y", "origin": [3, 3, 0]},
			"faces": {
				"north": {"uv": [8.5, 8.25, 9, 9.25], "texture": "#2"},
				"east": {"uv": [8.75, 1, 9.25, 2], "texture": "#2"},
				"south": {"uv": [8.75, 2, 9.25, 3], "texture": "#2"},
				"west": {"uv": [8.75, 3, 9.25, 4], "texture": "#2"},
				"up": {"uv": [9.75, 6.25, 9.25, 5.75], "texture": "#2"},
				"down": {"uv": [6.75, 9.25, 6.25, 9.75], "texture": "#2"}
			}
		},
		{
			"name": "Cube",
			"from": [1.8004, 2.90425, 6.90115],
			"to": [2.5996, 13.39575, 9.19885],
			"rotation": {"angle": 0, "axis": "y", "origin": [2.9992, 3.00615, 0.00805]},
			"faces": {
				"north": {"uv": [8, 4.75, 8.25, 7.25], "texture": "#2"},
				"east": {"uv": [6, 2.5, 6.5, 5], "texture": "#2"},
				"south": {"uv": [8.25, 4.75, 8.5, 7.25], "texture": "#2"},
				"west": {"uv": [3, 6, 3.5, 8.5], "texture": "#2"},
				"up": {"uv": [0.25, 10.25, 0, 9.75], "texture": "#2"},
				"down": {"uv": [10, 0, 9.75, 0.5], "texture": "#2"}
			}
		},
		{
			"name": "Cube",
			"from": [-2.49376, 3.92472, 6.90574],
			"to": [1.99376, 13.77528, 9.19474],
			"rotation": {"angle": 0, "axis": "y", "origin": [2.98876, 3.02921, 0.0402]},
			"faces": {
				"north": {"uv": [4, 0, 5, 2.5], "texture": "#2"},
				"east": {"uv": [3.5, 6, 4, 8.5], "texture": "#2"},
				"south": {"uv": [5, 0, 6, 2.5], "texture": "#2"},
				"west": {"uv": [4, 6, 4.5, 8.5], "texture": "#2"},
				"up": {"uv": [9.5, 7.5, 8.5, 7], "texture": "#2"},
				"down": {"uv": [9.75, 4, 8.75, 4.5], "texture": "#2"}
			}
		},
		{
			"name": "Cube",
			"from": [-2.44222, -4.60832, 6.89541],
			"to": [2.65268, 5.28178, 9.19311],
			"rotation": {"angle": 22.5, "axis": "z", "origin": [0.95438, 4.48258, 7.99431]},
			"faces": {
				"north": {"uv": [0, 3.5, 1.25, 6], "texture": "#2"},
				"east": {"uv": [4.5, 6, 5, 8.5], "texture": "#2"},
				"south": {"uv": [1.25, 3.5, 2.5, 6], "texture": "#2"},
				"west": {"uv": [6, 5, 6.5, 7.5], "texture": "#2"},
				"up": {"uv": [6.25, 8.75, 5, 8.25], "texture": "#2"},
				"down": {"uv": [7.5, 8.25, 6.25, 8.75], "texture": "#2"}
			}
		},
		{
			"name": "Cube",
			"from": [1.15102, -8.33955, 6.91726],
			"to": [5.41802, -2.89455, 9.19426],
			"rotation": {"angle": 45, "axis": "z", "origin": [4.03202, -3.88455, 8.00626]},
			"faces": {
				"north": {"uv": [6.5, 2.5, 7.5, 3.75], "texture": "#2"},
				"east": {"uv": [7.5, 8.25, 8, 9.5], "texture": "#2"},
				"south": {"uv": [6.5, 3.75, 7.5, 5], "texture": "#2"},
				"west": {"uv": [8, 8.25, 8.5, 9.5], "texture": "#2"},
				"up": {"uv": [5.75, 9.25, 4.75, 8.75], "texture": "#2"},
				"down": {"uv": [6.75, 8.75, 5.75, 9.25], "texture": "#2"}
			}
		},
		{
			"name": "Cube",
			"from": [5.1477, -9.07018, 7.09531],
			"to": [10.5423, -5.67358, 9.19321],
			"rotation": {"angle": 0, "axis": "y", "origin": [1.3515, 3.41732, 0.00241]},
			"faces": {
				"north": {"uv": [7.5, 1, 8.75, 1.75], "texture": "#2"},
				"east": {"uv": [6.75, 8.75, 7.25, 9.5], "texture": "#2"},
				"south": {"uv": [7.5, 1.75, 8.75, 2.5], "texture": "#2"},
				"west": {"uv": [1, 9, 1.5, 9.75], "texture": "#2"},
				"up": {"uv": [1.25, 9, 0, 8.5], "texture": "#2"},
				"down": {"uv": [9.75, 0, 8.5, 0.5], "texture": "#2"}
			}
		},
		{
			"name": "Cube",
			"from": [10.545, -9.07188, 7.19426],
			"to": [13.245, -5.87188, 9.09426],
			"rotation": {"angle": 0, "axis": "y", "origin": [1.445, 3.42812, -0.00574]},
			"faces": {
				"north": {"uv": [4, 8.5, 4.75, 9.25], "texture": "#2"},
				"east": {"uv": [1.5, 9, 2, 9.75], "texture": "#2"},
				"south": {"uv": [8.5, 4.75, 9.25, 5.5], "texture": "#2"},
				"west": {"uv": [2, 9, 2.5, 9.75], "texture": "#2"},
				"up": {"uv": [9.75, 8.5, 9, 8], "texture": "#2"},
				"down": {"uv": [9.75, 8.5, 9, 9], "texture": "#2"}
			}
		}
	],
	"display": {
		"thirdperson_righthand": {
			"rotation": [90, -180, 0],
			"translation": [0, -2.1, 4.5],
			"scale": [1.2, 1, 1.2]
		},
		"thirdperson_lefthand": {
			"rotation": [90, 0, 0],
			"translation": [0, -2.1, 4.5],
			"scale": [1.2, 1, 1.2]
		},
		"firstperson_righthand": {
			"rotation": [180, -90, 20]
		},
		"firstperson_lefthand": {
			"rotation": [110, 90, 50],
			"translation": [1, 0, 0]
		},
		"ground": {
			"translation": [0, 10, 0],
			"scale": [5, 5, 5]
		},
		"gui": {
			"rotation": [40, 10, -40],
			"translation": [3, 3, 0],
			"scale": [0.7, 0.8, 0.7]
		}
	},
	"groups": [
		{
			"name": "group",
			"origin": [-0.555, 3.42812, 6.62082],
			"color": 0,
			"children": [0, 1, 2, 3, 4, 5, 6]
		},
		{
			"name": "group",
			"origin": [1.445, 3.42812, -0.00574],
			"color": 0,
			"children": [7, 8, 9, 10, 11, 12, 13, 14, 15, 16, 17, 18, 19]
		}
	]
}