{
	"credit": "Made with Blockbench",
	"texture_size": [64, 64],
	"textures": {
		"0": "item/mob/stick/20063/gun",
		"particle": "item/mob/stick/20063/gun"
	},
	"elements": [
		{
			"from": [6.94129, 7.2786, 13.87178],
			"to": [9.06417, 7.70317, 19.3413],
			"rotation": {"angle": 0, "axis": "x", "origin": [8.00273, 7.65322, 15.60754]},
			"faces": {
				"north": {"uv": [12.5, 3, 13, 3.25], "texture": "#0"},
				"east": {"uv": [11, 9, 12.25, 9.25], "texture": "#0"},
				"south": {"uv": [12.5, 3.25, 13, 3.5], "texture": "#0"},
				"west": {"uv": [11, 9.25, 12.25, 9.5], "texture": "#0"},
				"up": {"uv": [3.25, 10.5, 2.75, 9.25], "texture": "#0"},
				"down": {"uv": [3.75, 9.25, 3.25, 10.5], "texture": "#0"}
			}
		},
		{
			"from": [6.94235, 5.85355, 16.14813],
			"to": [9.06311, 6.27813, 19.64463],
			"rotation": {"angle": -22.5, "axis": "x", "origin": [8.00273, 6.22818, 15.91087]},
			"faces": {
				"north": {"uv": [12.5, 3.5, 13, 3.75], "texture": "#0"},
				"east": {"uv": [3.75, 8.25, 4.5, 8.5], "texture": "#0"},
				"south": {"uv": [12.5, 3.75, 13, 4], "texture": "#0"},
				"west": {"uv": [11.75, 9.75, 12.5, 10], "texture": "#0"},
				"up": {"uv": [6.25, 11.25, 5.75, 10.5], "texture": "#0"},
				"down": {"uv": [9, 10.5, 8.5, 11.25], "texture": "#0"}
			}
		},
		{
			"from": [6.94341, 6.90116, 15.17559],
			"to": [9.06205, 7.39966, 18.49062],
			"rotation": {"angle": 0, "axis": "z", "origin": [8.00273, 6.22818, 15.91088]},
			"faces": {
				"north": {"uv": [12.5, 4, 13, 4.25], "texture": "#0"},
				"east": {"uv": [11.75, 11, 12.5, 11.25], "texture": "#0"},
				"south": {"uv": [12.5, 4.25, 13, 4.5], "texture": "#0"},
				"west": {"uv": [11.75, 11.25, 12.5, 11.5], "texture": "#0"},
				"up": {"uv": [9.5, 11.25, 9, 10.5], "texture": "#0"},
				"down": {"uv": [10, 10.5, 9.5, 11.25], "texture": "#0"}
			}
		},
		{
			"from": [6.94235, 2.69203, 14.25204],
			"to": [9.06311, 6.86703, 16.82704],
			"rotation": {"angle": 0, "axis": "x", "origin": [8.00273, 11.09203, -0.94796]},
			"faces": {
				"north": {"uv": [7.75, 9.25, 8.25, 10.25], "texture": "#0"},
				"east": {"uv": [7, 1, 7.75, 2], "texture": "#0"},
				"south": {"uv": [8.25, 9.25, 8.75, 10.25], "texture": "#0"},
				"west": {"uv": [7, 2, 7.75, 3], "texture": "#0"},
				"up": {"uv": [10.5, 11.25, 10, 10.5], "texture": "#0"},
				"down": {"uv": [11, 10.5, 10.5, 11.25], "texture": "#0"}
			}
		},
		{
			"from": [6.94023, 4.60823, 13.00518],
			"to": [9.06523, 6.90823, 16.48018],
			"rotation": {"angle": 22.5, "axis": "x", "origin": [8.00273, 4.44573, 17.21768]},
			"faces": {
				"north": {"uv": [11.25, 8, 11.75, 8.5], "texture": "#0"},
				"east": {"uv": [4.25, 8.5, 5, 9], "texture": "#0"},
				"south": {"uv": [8.25, 11.25, 8.75, 11.75], "texture": "#0"},
				"west": {"uv": [10.5, 0, 11.25, 0.5], "texture": "#0"},
				"up": {"uv": [11.25, 1.75, 10.75, 1], "texture": "#0"},
				"down": {"uv": [11.25, 1.75, 10.75, 2.5], "texture": "#0"}
			}
		},
		{
			"from": [6.94129, 2.66716, 15.50204],
			"to": [9.06417, 5.46716, 17.70204],
			"rotation": {"angle": -45, "axis": "x", "origin": [8.00273, 3.71716, 15.95204]},
			"faces": {
				"north": {"uv": [10.75, 6.75, 11.25, 7.5], "texture": "#0"},
				"east": {"uv": [10.75, 9.5, 11.25, 10.25], "texture": "#0"},
				"south": {"uv": [0.5, 11, 1, 11.75], "texture": "#0"},
				"west": {"uv": [1, 11, 1.5, 11.75], "texture": "#0"},
				"up": {"uv": [11.75, 9, 11.25, 8.5], "texture": "#0"},
				"down": {"uv": [9.25, 11.25, 8.75, 11.75], "texture": "#0"}
			}
		},
		{
			"from": [6.94129, -1.11081, 15.28695],
			"to": [9.06417, 0.98919, 19.28695],
			"rotation": {"angle": 0, "axis": "x", "origin": [8.00273, -0.76081, 17.03695]},
			"faces": {
				"north": {"uv": [9.25, 11.25, 9.75, 11.75], "texture": "#0"},
				"east": {"uv": [9.25, 8, 10.25, 8.5], "texture": "#0"},
				"south": {"uv": [11.25, 9.5, 11.75, 10], "texture": "#0"},
				"west": {"uv": [9.5, 4.25, 10.5, 4.75], "texture": "#0"},
				"up": {"uv": [9.75, 10.5, 9.25, 9.5], "texture": "#0"},
				"down": {"uv": [10.25, 2, 9.75, 3], "texture": "#0"}
			}
		},
		{
			"from": [6.94129, -1.11081, 14.03695],
			"to": [9.06417, -0.41081, 15.28695],
			"rotation": {"angle": 0, "axis": "x", "origin": [8.00273, -0.76081, 13.03695]},
			"faces": {
				"north": {"uv": [12.5, 4.5, 13, 4.75], "texture": "#0"},
				"east": {"uv": [10.75, 13.5, 11, 13.75], "texture": "#0"},
				"south": {"uv": [12.5, 4.75, 13, 5], "texture": "#0"},
				"west": {"uv": [13.5, 10.75, 13.75, 11], "texture": "#0"},
				"up": {"uv": [13, 5.25, 12.5, 5], "texture": "#0"},
				"down": {"uv": [5.75, 12.5, 5.25, 12.75], "texture": "#0"}
			}
		},
		{
			"from": [6.94235, -1.51944, 13.97713],
			"to": [9.06311, -0.82084, 15.92323],
			"rotation": {"angle": -22.5, "axis": "x", "origin": [8.00273, -1.17014, 12.97913]},
			"faces": {
				"north": {"uv": [12.5, 6, 13, 6.25], "texture": "#0"},
				"east": {"uv": [12.5, 6.25, 13, 6.5], "texture": "#0"},
				"south": {"uv": [12.5, 6.5, 13, 6.75], "texture": "#0"},
				"west": {"uv": [12.5, 6.75, 13, 7], "texture": "#0"},
				"up": {"uv": [10.25, 11.75, 9.75, 11.25], "texture": "#0"},
				"down": {"uv": [10.75, 11.25, 10.25, 11.75], "texture": "#0"}
			}
		},
		{
			"from": [6.44842, 8.40067, -1.44296],
			"to": [6.94792, 9.59897, -0.44396],
			"rotation": {"angle": -45, "axis": "z", "origin": [7.94692, 9.39967, 3.55204]},
			"faces": {
				"north": {"uv": [10.5, 13.25, 10.75, 13.75], "texture": "#0"},
				"east": {"uv": [13.25, 10.75, 13.5, 11.25], "texture": "#0"},
				"south": {"uv": [11.25, 13.25, 11.5, 13.75], "texture": "#0"},
				"west": {"uv": [13.25, 11.25, 13.5, 11.75], "texture": "#0"},
				"up": {"uv": [9.25, 14.25, 9, 14], "texture": "#0"},
				"down": {"uv": [14.25, 9, 14, 9.25], "texture": "#0"}
			}
		},
		{
			"from": [6.17904, 6.75322, -1.44796],
			"to": [6.67904, 9.75322, -0.44796],
			"rotation": {"angle": 0, "axis": "y", "origin": [7.67904, 7.75322, 3.55204]},
			"faces": {
				"north": {"uv": [11, 11.75, 11.25, 12.5], "texture": "#0"},
				"east": {"uv": [11.25, 11.75, 11.5, 12.5], "texture": "#0"},
				"south": {"uv": [11.75, 11.5, 12, 12.25], "texture": "#0"},
				"west": {"uv": [0, 12, 0.25, 12.75], "texture": "#0"},
				"up": {"uv": [11.25, 13.75, 11, 13.5], "texture": "#0"},
				"down": {"uv": [13.75, 11, 13.5, 11.25], "texture": "#0"}
			}
		},
		{
			"from": [6.23617, 6.31991, -1.44296],
			"to": [6.73567, 8.01821, -0.44396],
			"rotation": {"angle": 45, "axis": "z", "origin": [7.73467, 7.31891, 3.55204]},
			"faces": {
				"north": {"uv": [10.75, 12.25, 11, 12.75], "texture": "#0"},
				"east": {"uv": [5.75, 12.5, 6, 13], "texture": "#0"},
				"south": {"uv": [8.25, 12.5, 8.5, 13], "texture": "#0"},
				"west": {"uv": [8.5, 12.5, 8.75, 13], "texture": "#0"},
				"up": {"uv": [13.75, 11.5, 13.5, 11.25], "texture": "#0"},
				"down": {"uv": [13.75, 11.5, 13.5, 11.75], "texture": "#0"}
			}
		},
		{
			"from": [6.17904, 6.75322, -0.44796],
			"to": [6.67904, 7.45322, 1.05204],
			"rotation": {"angle": 0, "axis": "y", "origin": [7.67904, 7.75322, 6.05204]},
			"faces": {
				"north": {"uv": [13.5, 11.75, 13.75, 12], "texture": "#0"},
				"east": {"uv": [12.5, 7, 13, 7.25], "texture": "#0"},
				"south": {"uv": [13.5, 12, 13.75, 12.25], "texture": "#0"},
				"west": {"uv": [8.75, 12.5, 9.25, 12.75], "texture": "#0"},
				"up": {"uv": [9.5, 13, 9.25, 12.5], "texture": "#0"},
				"down": {"uv": [9.75, 12.5, 9.5, 13], "texture": "#0"}
			}
		},
		{
			"from": [6.44681, 8.99967, -0.44796],
			"to": [6.94681, 9.69967, 1.05204],
			"rotation": {"angle": -45, "axis": "z", "origin": [7.94681, 9.39967, 3.55204]},
			"faces": {
				"north": {"uv": [12.25, 13.5, 12.5, 13.75], "texture": "#0"},
				"east": {"uv": [12.5, 9.75, 13, 10], "texture": "#0"},
				"south": {"uv": [13.5, 12.25, 13.75, 12.5], "texture": "#0"},
				"west": {"uv": [10.25, 12.5, 10.75, 12.75], "texture": "#0"},
				"up": {"uv": [10, 13, 9.75, 12.5], "texture": "#0"},
				"down": {"uv": [11.25, 12.5, 11, 13], "texture": "#0"}
			}
		},
		{
			"from": [6.44831, 8.40067, 1.05704],
			"to": [6.94781, 9.69897, 7.05104],
			"rotation": {"angle": -45, "axis": "z", "origin": [7.94681, 9.39967, 6.05204]},
			"faces": {
				"north": {"uv": [11.5, 13.25, 11.75, 13.75], "texture": "#0"},
				"east": {"uv": [8.75, 3.5, 10.25, 4], "texture": "#0"},
				"south": {"uv": [11.75, 13.25, 12, 13.75], "texture": "#0"},
				"west": {"uv": [8.75, 8.5, 10.25, 9], "texture": "#0"},
				"up": {"uv": [11.5, 7.25, 11.25, 5.75], "texture": "#0"},
				"down": {"uv": [6.75, 11.25, 6.5, 12.75], "texture": "#0"}
			}
		},
		{
			"from": [6.17904, 6.75322, 1.05204],
			"to": [6.67904, 9.75322, 7.05204],
			"rotation": {"angle": 0, "axis": "y", "origin": [7.67904, 7.75322, 6.05204]},
			"faces": {
				"north": {"uv": [0.25, 12, 0.5, 12.75], "texture": "#0"},
				"east": {"uv": [2, 0, 3.5, 0.75], "texture": "#0"},
				"south": {"uv": [12, 0.75, 12.25, 1.5], "texture": "#0"},
				"west": {"uv": [2, 0.75, 3.5, 1.5], "texture": "#0"},
				"up": {"uv": [1.75, 9, 1.5, 7.5], "texture": "#0"},
				"down": {"uv": [0.75, 7.75, 0.5, 9.25], "texture": "#0"}
			}
		},
		{
			"from": [6.23467, 6.31891, -0.44796],
			"to": [6.73467, 8.01891, 1.05204],
			"rotation": {"angle": 45, "axis": "z", "origin": [7.73467, 7.31891, 3.55204]},
			"faces": {
				"north": {"uv": [12.5, 11, 12.75, 11.5], "texture": "#0"},
				"east": {"uv": [11.5, 0.75, 12, 1.25], "texture": "#0"},
				"south": {"uv": [11.25, 12.5, 11.5, 13], "texture": "#0"},
				"west": {"uv": [11.5, 1.25, 12, 1.75], "texture": "#0"},
				"up": {"uv": [11.75, 13, 11.5, 12.5], "texture": "#0"},
				"down": {"uv": [12, 12.5, 11.75, 13], "texture": "#0"}
			}
		},
		{
			"from": [6.23467, 6.31891, 1.05204],
			"to": [6.73467, 8.01891, 7.05204],
			"rotation": {"angle": 45, "axis": "z", "origin": [7.73467, 7.31891, 6.05204]},
			"faces": {
				"north": {"uv": [12, 12.5, 12.25, 13], "texture": "#0"},
				"east": {"uv": [7.75, 1, 9.25, 1.5], "texture": "#0"},
				"south": {"uv": [12.25, 12.5, 12.5, 13], "texture": "#0"},
				"west": {"uv": [7.75, 1.5, 9.25, 2], "texture": "#0"},
				"up": {"uv": [1.75, 10.5, 1.5, 9], "texture": "#0"},
				"down": {"uv": [3.75, 10.5, 3.5, 12], "texture": "#0"}
			}
		},
		{
			"from": [6.37911, 6.46234, 6.55204],
			"to": [6.82911, 7.99234, 10.55204],
			"rotation": {"angle": 45, "axis": "z", "origin": [7.72911, 7.36234, 11.05204]},
			"faces": {
				"north": {"uv": [12.5, 12.25, 12.75, 12.75], "texture": "#0"},
				"east": {"uv": [9.5, 5.25, 10.5, 5.75], "texture": "#0"},
				"south": {"uv": [0, 12.75, 0.25, 13.25], "texture": "#0"},
				"west": {"uv": [9.75, 3, 10.75, 3.5], "texture": "#0"},
				"up": {"uv": [5.5, 10.25, 5.25, 9.25], "texture": "#0"},
				"down": {"uv": [11, 11.25, 10.75, 12.25], "texture": "#0"}
			}
		},
		{
			"from": [6.32904, 6.85322, 6.55204],
			"to": [6.77904, 9.55322, 10.95204],
			"rotation": {"angle": 0, "axis": "y", "origin": [7.67904, 7.75322, 11.05204]},
			"faces": {
				"north": {"uv": [2.5, 12, 2.75, 12.75], "texture": "#0"},
				"east": {"uv": [7.75, 2, 8.75, 2.75], "texture": "#0"},
				"south": {"uv": [2.75, 12, 3, 12.75], "texture": "#0"},
				"west": {"uv": [2.75, 7.75, 3.75, 8.5], "texture": "#0"},
				"up": {"uv": [1.75, 12.5, 1.5, 11.5], "texture": "#0"},
				"down": {"uv": [2, 11.5, 1.75, 12.5], "texture": "#0"}
			}
		},
		{
			"from": [6.57003, 8.33502, 6.55204],
			"to": [7.02003, 9.86502, 10.95204],
			"rotation": {"angle": -45, "axis": "z", "origin": [7.92003, 9.23502, 11.05204]},
			"faces": {
				"north": {"uv": [0.25, 12.75, 0.5, 13.25], "texture": "#0"},
				"east": {"uv": [6.75, 9.75, 7.75, 10.25], "texture": "#0"},
				"south": {"uv": [0.5, 12.75, 0.75, 13.25], "texture": "#0"},
				"west": {"uv": [9.75, 7, 10.75, 7.5], "texture": "#0"},
				"up": {"uv": [2.25, 12.5, 2, 11.5], "texture": "#0"},
				"down": {"uv": [2.5, 11.5, 2.25, 12.5], "texture": "#0"}
			}
		},
		{
			"from": [6.44681, 8.39967, 10.30204],
			"to": [7.94681, 9.69967, 14.60204],
			"rotation": {"angle": -45, "axis": "z", "origin": [7.94681, 9.39967, 15.30204]},
			"faces": {
				"north": {"uv": [12.75, 0.5, 13.25, 0.75], "texture": "#0"},
				"east": {"uv": [11.25, 7.25, 12.25, 7.5], "texture": "#0"},
				"south": {"uv": [1.5, 12.75, 2, 13], "texture": "#0"},
				"west": {"uv": [11.25, 10, 12.25, 10.25], "texture": "#0"},
				"up": {"uv": [10.25, 10.5, 9.75, 9.5], "texture": "#0"},
				"down": {"uv": [1, 10, 0.5, 11], "texture": "#0"}
			}
		},
		{
			"from": [6.18054, 6.75422, 10.30704],
			"to": [7.67904, 9.75122, 14.60274],
			"rotation": {"angle": 0, "axis": "y", "origin": [7.67904, 7.75322, 15.30204]},
			"faces": {
				"north": {"uv": [3.5, 12, 3.75, 12.75], "texture": "#0"},
				"east": {"uv": [7.75, 3.5, 8.75, 4.25], "texture": "#0"},
				"south": {"uv": [12, 4.5, 12.25, 5.25], "texture": "#0"},
				"west": {"uv": [6.75, 7.75, 7.75, 8.5], "texture": "#0"},
				"up": {"uv": [11.75, 5, 11.5, 4], "texture": "#0"},
				"down": {"uv": [11.75, 5, 11.5, 6], "texture": "#0"}
			}
		},
		{
			"from": [6.24357, 6.71891, 10.30204],
			"to": [7.74357, 8.01891, 14.60204],
			"rotation": {"angle": 45, "axis": "z", "origin": [7.74357, 7.31891, 15.30204]},
			"faces": {
				"north": {"uv": [12.75, 1.5, 13.25, 1.75], "texture": "#0"},
				"east": {"uv": [11.5, 1.75, 12.5, 2], "texture": "#0"},
				"south": {"uv": [2, 12.75, 2.5, 13], "texture": "#0"},
				"west": {"uv": [11.5, 2, 12.5, 2.25], "texture": "#0"},
				"up": {"uv": [1.5, 11, 1, 10], "texture": "#0"},
				"down": {"uv": [0.5, 10.25, 0, 11.25], "texture": "#0"}
			}
		},
		{
			"from": [7.1071, 5.83383, 10.30154],
			"to": [8.90728, 7.33398, 14.60197],
			"rotation": {"angle": 0, "axis": "z", "origin": [7.80717, 7.33398, 15.30204]},
			"faces": {
				"north": {"uv": [11.75, 0, 12.25, 0.5], "texture": "#0"},
				"east": {"uv": [10, 4.75, 11, 5.25], "texture": "#0"},
				"south": {"uv": [1, 11.75, 1.5, 12.25], "texture": "#0"},
				"west": {"uv": [10, 5.75, 11, 6.25], "texture": "#0"},
				"up": {"uv": [4.75, 11.25, 4.25, 10.25], "texture": "#0"},
				"down": {"uv": [5.25, 10.25, 4.75, 11.25], "texture": "#0"}
			}
		},
		{
			"from": [6.86914, 4.68488, 13.37771],
			"to": [7.46304, 5.48209, 14.23086],
			"rotation": {"angle": 45, "axis": "z", "origin": [7.96529, 5.08349, 16.05404]},
			"faces": {
				"north": {"uv": [12.5, 13.5, 12.75, 13.75], "texture": "#0"},
				"east": {"uv": [13.5, 12.5, 13.75, 12.75], "texture": "#0"},
				"south": {"uv": [12.75, 13.5, 13, 13.75], "texture": "#0"},
				"west": {"uv": [13.5, 12.75, 13.75, 13], "texture": "#0"},
				"up": {"uv": [13.75, 13.25, 13.5, 13], "texture": "#0"},
				"down": {"uv": [13.75, 13.25, 13.5, 13.5], "texture": "#0"}
			}
		},
		{
			"from": [6.86864, 4.70396, 10.72805],
			"to": [7.21314, 5.10196, 13.38205],
			"rotation": {"angle": 45, "axis": "z", "origin": [7.96589, 5.10296, 15.20705]},
			"faces": {
				"north": {"uv": [13.75, 8.5, 14, 8.75], "texture": "#0"},
				"east": {"uv": [12, 7.5, 12.75, 7.75], "texture": "#0"},
				"south": {"uv": [8.75, 13.75, 9, 14], "texture": "#0"},
				"west": {"uv": [12, 7.75, 12.75, 8], "texture": "#0"},
				"up": {"uv": [6.5, 12.75, 6.25, 12], "texture": "#0"},
				"down": {"uv": [12.25, 8, 12, 8.75], "texture": "#0"}
			}
		},
		{
			"from": [6.86914, 4.68488, 9.87771],
			"to": [7.46304, 5.48208, 10.73086],
			"rotation": {"angle": 45, "axis": "z", "origin": [7.96529, 5.08348, 12.55403]},
			"faces": {
				"north": {"uv": [13.5, 13.5, 13.75, 13.75], "texture": "#0"},
				"east": {"uv": [0, 13.75, 0.25, 14], "texture": "#0"},
				"south": {"uv": [13.75, 0, 14, 0.25], "texture": "#0"},
				"west": {"uv": [0.25, 13.75, 0.5, 14], "texture": "#0"},
				"up": {"uv": [14, 0.5, 13.75, 0.25], "texture": "#0"},
				"down": {"uv": [0.75, 13.75, 0.5, 14], "texture": "#0"}
			}
		},
		{
			"from": [6.9083, 4.58516, 9.87316],
			"to": [8.00171, 6.29345, 10.72631],
			"rotation": {"angle": 0, "axis": "x", "origin": [8.00446, 11.87386, 5.43161]},
			"faces": {
				"north": {"uv": [0.75, 12.75, 1, 13.25], "texture": "#0"},
				"east": {"uv": [2.5, 12.75, 2.75, 13.25], "texture": "#0"},
				"south": {"uv": [2.75, 12.75, 3, 13.25], "texture": "#0"},
				"west": {"uv": [3, 12.75, 3.25, 13.25], "texture": "#0"},
				"up": {"uv": [14, 0.75, 13.75, 0.5], "texture": "#0"},
				"down": {"uv": [1, 13.75, 0.75, 14], "texture": "#0"}
			}
		},
		{
			"from": [8.00373, 4.58516, 9.87316],
			"to": [9.09714, 6.29345, 10.72631],
			"rotation": {"angle": 0, "axis": "x", "origin": [8.00098, 11.87386, 5.43161]},
			"faces": {
				"north": {"uv": [7, 12.75, 7.25, 13.25], "texture": "#0"},
				"east": {"uv": [7.25, 12.75, 7.5, 13.25], "texture": "#0"},
				"south": {"uv": [7.5, 12.75, 7.75, 13.25], "texture": "#0"},
				"west": {"uv": [12.75, 7.5, 13, 8], "texture": "#0"},
				"up": {"uv": [14, 12, 13.75, 11.75], "texture": "#0"},
				"down": {"uv": [12.25, 13.75, 12, 14], "texture": "#0"}
			}
		},
		{
			"from": [7.0058, 4.77514, 6.31625],
			"to": [8.9308, 5.47514, 9.99125],
			"rotation": {"angle": 45, "axis": "z", "origin": [7.9683, 5.12514, 5.21625]},
			"faces": {
				"north": {"uv": [4.25, 12.75, 4.75, 13], "texture": "#0"},
				"east": {"uv": [11.5, 6, 12.5, 6.25], "texture": "#0"},
				"south": {"uv": [5.25, 12.75, 5.75, 13], "texture": "#0"},
				"west": {"uv": [11.5, 6.25, 12.5, 6.5], "texture": "#0"},
				"up": {"uv": [10.75, 2.5, 10.25, 1.5], "texture": "#0"},
				"down": {"uv": [4.25, 10.25, 3.75, 11.25], "texture": "#0"}
			}
		},
		{
			"from": [6.94023, -0.00506, 14.78853],
			"to": [9.06523, 3.49494, 18.78853],
			"rotation": {"angle": -22.5, "axis": "x", "origin": [8.00273, 1.74494, 16.53853]},
			"faces": {
				"north": {"uv": [11, 4.25, 11.5, 5], "texture": "#0"},
				"east": {"uv": [2.75, 7, 3.75, 7.75], "texture": "#0"},
				"south": {"uv": [11, 5, 11.5, 5.75], "texture": "#0"},
				"west": {"uv": [6.75, 7, 7.75, 7.75], "texture": "#0"},
				"up": {"uv": [6.5, 10.5, 6, 9.5], "texture": "#0"},
				"down": {"uv": [9.25, 9.5, 8.75, 10.5], "texture": "#0"}
			}
		},
		{
			"from": [7.0058, 4.77514, 2.96625],
			"to": [7.9308, 5.47514, 6.24125],
			"rotation": {"angle": 45, "axis": "z", "origin": [7.9683, 5.12514, 5.31625]},
			"faces": {
				"north": {"uv": [3.25, 12.75, 3.75, 13], "texture": "#0"},
				"east": {"uv": [12, 1.5, 12.75, 1.75], "texture": "#0"},
				"south": {"uv": [3.75, 12.75, 4.25, 13], "texture": "#0"},
				"west": {"uv": [4.75, 12, 5.5, 12.25], "texture": "#0"},
				"up": {"uv": [11.5, 11, 11, 10.25], "texture": "#0"},
				"down": {"uv": [11.5, 11, 11, 11.75], "texture": "#0"}
			}
		},
		{
			"from": [8.0692, 4.77514, 2.96625],
			"to": [8.9942, 5.47514, 6.24125],
			"rotation": {"angle": -45, "axis": "z", "origin": [8.0317, 5.12514, 5.31625]},
			"faces": {
				"north": {"uv": [9, 13.25, 9.5, 13.5], "texture": "#0"},
				"east": {"uv": [5.25, 12.25, 6, 12.5], "texture": "#0"},
				"south": {"uv": [13.25, 9.25, 13.75, 9.5], "texture": "#0"},
				"west": {"uv": [12.25, 7.25, 13, 7.5], "texture": "#0"},
				"up": {"uv": [11.75, 3.75, 11.25, 3], "texture": "#0"},
				"down": {"uv": [5.25, 11.25, 4.75, 12], "texture": "#0"}
			}
		},
		{
			"from": [7.04023, 4.69203, -1.44796],
			"to": [8.96523, 6.19203, 3.05204],
			"rotation": {"angle": 0, "axis": "x", "origin": [8.00273, 11.09203, -0.94796]},
			"faces": {
				"north": {"uv": [10.75, 3, 11.25, 3.5], "texture": "#0"},
				"east": {"uv": [8.75, 9, 10, 9.5], "texture": "#0"},
				"south": {"uv": [6.75, 11.25, 7.25, 11.75], "texture": "#0"},
				"west": {"uv": [9.25, 1, 10.5, 1.5], "texture": "#0"},
				"up": {"uv": [0.5, 10.25, 0, 9], "texture": "#0"},
				"down": {"uv": [6, 9, 5.5, 10.25], "texture": "#0"}
			}
		},
		{
			"from": [7.49189, 4.10425, 1.31625],
			"to": [8.51189, 4.22175, 1.61625],
			"rotation": {"angle": 0, "axis": "z", "origin": [7.87689, 5.163, 5.70125]},
			"faces": {
				"north": {"uv": [7.25, 13.5, 7.5, 13.75], "texture": "#0"},
				"east": {"uv": [7.5, 13.5, 7.75, 13.75], "texture": "#0"},
				"south": {"uv": [13.5, 7.5, 13.75, 7.75], "texture": "#0"},
				"west": {"uv": [13.5, 7.75, 13.75, 8], "texture": "#0"},
				"up": {"uv": [13.75, 8.25, 13.5, 8], "texture": "#0"},
				"down": {"uv": [13.75, 8.25, 13.5, 8.5], "texture": "#0"}
			}
		},
		{
			"from": [6.90955, 4.74014, 2.31625],
			"to": [8.02705, 5.51014, 2.61625],
			"rotation": {"angle": 45, "axis": "z", "origin": [7.9683, 5.12514, 5.70125]},
			"faces": {
				"north": {"uv": [13.75, 3.25, 14, 3.5], "texture": "#0"},
				"east": {"uv": [13.75, 3.5, 14, 3.75], "texture": "#0"},
				"south": {"uv": [13.75, 3.75, 14, 4], "texture": "#0"},
				"west": {"uv": [4, 13.75, 4.25, 14], "texture": "#0"},
				"up": {"uv": [14, 4.25, 13.75, 4], "texture": "#0"},
				"down": {"uv": [4.5, 13.75, 4.25, 14], "texture": "#0"}
			}
		},
		{
			"from": [6.90955, 4.74014, 0.81625],
			"to": [8.02705, 5.51014, 1.11625],
			"rotation": {"angle": 45, "axis": "z", "origin": [7.9683, 5.12514, 5.70125]},
			"faces": {
				"north": {"uv": [13.75, 0.75, 14, 1], "texture": "#0"},
				"east": {"uv": [1, 13.75, 1.25, 14], "texture": "#0"},
				"south": {"uv": [13.75, 1, 14, 1.25], "texture": "#0"},
				"west": {"uv": [1.25, 13.75, 1.5, 14], "texture": "#0"},
				"up": {"uv": [14, 1.5, 13.75, 1.25], "texture": "#0"},
				"down": {"uv": [1.75, 13.75, 1.5, 14], "texture": "#0"}
			}
		},
		{
			"from": [6.90955, 4.74014, 1.31625],
			"to": [8.02705, 5.51014, 1.61625],
			"rotation": {"angle": 45, "axis": "z", "origin": [7.9683, 5.12514, 5.70125]},
			"faces": {
				"north": {"uv": [13.75, 1.5, 14, 1.75], "texture": "#0"},
				"east": {"uv": [1.75, 13.75, 2, 14], "texture": "#0"},
				"south": {"uv": [13.75, 1.75, 14, 2], "texture": "#0"},
				"west": {"uv": [2, 13.75, 2.25, 14], "texture": "#0"},
				"up": {"uv": [14, 2.25, 13.75, 2], "texture": "#0"},
				"down": {"uv": [2.5, 13.75, 2.25, 14], "texture": "#0"}
			}
		},
		{
			"from": [6.90955, 4.74014, 1.81625],
			"to": [8.02705, 5.51014, 2.11625],
			"rotation": {"angle": 45, "axis": "z", "origin": [7.9683, 5.12514, 5.70125]},
			"faces": {
				"north": {"uv": [13.75, 2.25, 14, 2.5], "texture": "#0"},
				"east": {"uv": [2.5, 13.75, 2.75, 14], "texture": "#0"},
				"south": {"uv": [13.75, 2.5, 14, 2.75], "texture": "#0"},
				"west": {"uv": [2.75, 13.75, 3, 14], "texture": "#0"},
				"up": {"uv": [14, 3, 13.75, 2.75], "texture": "#0"},
				"down": {"uv": [14, 3, 13.75, 3.25], "texture": "#0"}
			}
		},
		{
			"from": [7.49189, 4.10425, 2.31625],
			"to": [8.51189, 4.22175, 2.61625],
			"rotation": {"angle": 0, "axis": "z", "origin": [7.87689, 5.163, 5.70125]},
			"faces": {
				"north": {"uv": [13.5, 8.5, 13.75, 8.75], "texture": "#0"},
				"east": {"uv": [13.5, 8.75, 13.75, 9], "texture": "#0"},
				"south": {"uv": [9, 13.5, 9.25, 13.75], "texture": "#0"},
				"west": {"uv": [13.5, 9, 13.75, 9.25], "texture": "#0"},
				"up": {"uv": [9.5, 13.75, 9.25, 13.5], "texture": "#0"},
				"down": {"uv": [9.75, 13.5, 9.5, 13.75], "texture": "#0"}
			}
		},
		{
			"from": [7.5352, 4.19706, -0.08375],
			"to": [8.5352, 5.42206, 6.26625],
			"rotation": {"angle": 0, "axis": "z", "origin": [7.8852, 5.15956, 5.29125]},
			"faces": {
				"north": {"uv": [6.5, 12.75, 6.75, 13.25], "texture": "#0"},
				"east": {"uv": [7.75, 7, 9.25, 7.5], "texture": "#0"},
				"south": {"uv": [6.75, 12.75, 7, 13.25], "texture": "#0"},
				"west": {"uv": [7.75, 7.5, 9.25, 8], "texture": "#0"},
				"up": {"uv": [6.5, 12, 6.25, 10.5], "texture": "#0"},
				"down": {"uv": [11.5, 0.75, 11.25, 2.25], "texture": "#0"}
			}
		},
		{
			"from": [7.49189, 4.10425, 1.81625],
			"to": [8.51189, 4.22175, 2.11625],
			"rotation": {"angle": 0, "axis": "z", "origin": [7.87689, 5.163, 5.70125]},
			"faces": {
				"north": {"uv": [13.5, 5.5, 13.75, 5.75], "texture": "#0"},
				"east": {"uv": [5.75, 13.5, 6, 13.75], "texture": "#0"},
				"south": {"uv": [13.5, 6, 13.75, 6.25], "texture": "#0"},
				"west": {"uv": [13.5, 6.25, 13.75, 6.5], "texture": "#0"},
				"up": {"uv": [13.75, 6.75, 13.5, 6.5], "texture": "#0"},
				"down": {"uv": [13.75, 6.75, 13.5, 7], "texture": "#0"}
			}
		},
		{
			"from": [7.49189, 4.10425, 0.81625],
			"to": [8.51189, 4.22175, 1.11625],
			"rotation": {"angle": 0, "axis": "z", "origin": [7.87689, 5.163, 5.70125]},
			"faces": {
				"north": {"uv": [13.5, 4, 13.75, 4.25], "texture": "#0"},
				"east": {"uv": [13.5, 4.25, 13.75, 4.5], "texture": "#0"},
				"south": {"uv": [13.5, 4.5, 13.75, 4.75], "texture": "#0"},
				"west": {"uv": [13.5, 4.75, 13.75, 5], "texture": "#0"},
				"up": {"uv": [13.75, 5.25, 13.5, 5], "texture": "#0"},
				"down": {"uv": [13.75, 5.25, 13.5, 5.5], "texture": "#0"}
			}
		},
		{
			"from": [7.97295, 4.74014, 0.81625],
			"to": [9.09045, 5.51014, 1.11625],
			"rotation": {"angle": -45, "axis": "z", "origin": [8.0317, 5.12514, 5.70125]},
			"faces": {
				"north": {"uv": [6, 14, 6.25, 14.25], "texture": "#0"},
				"east": {"uv": [14, 6, 14.25, 6.25], "texture": "#0"},
				"south": {"uv": [6.25, 14, 6.5, 14.25], "texture": "#0"},
				"west": {"uv": [14, 6.25, 14.25, 6.5], "texture": "#0"},
				"up": {"uv": [6.75, 14.25, 6.5, 14], "texture": "#0"},
				"down": {"uv": [14.25, 6.5, 14, 6.75], "texture": "#0"}
			}
		},
		{
			"from": [7.97295, 4.74014, 1.31625],
			"to": [9.09045, 5.51014, 1.61625],
			"rotation": {"angle": -45, "axis": "z", "origin": [8.0317, 5.12514, 5.70125]},
			"faces": {
				"north": {"uv": [6.75, 14, 7, 14.25], "texture": "#0"},
				"east": {"uv": [14, 6.75, 14.25, 7], "texture": "#0"},
				"south": {"uv": [7, 14, 7.25, 14.25], "texture": "#0"},
				"west": {"uv": [14, 7, 14.25, 7.25], "texture": "#0"},
				"up": {"uv": [7.5, 14.25, 7.25, 14], "texture": "#0"},
				"down": {"uv": [14.25, 7.25, 14, 7.5], "texture": "#0"}
			}
		},
		{
			"from": [7.97295, 4.74014, 1.81625],
			"to": [9.09045, 5.51014, 2.11625],
			"rotation": {"angle": -45, "axis": "z", "origin": [8.0317, 5.12514, 5.70125]},
			"faces": {
				"north": {"uv": [7.5, 14, 7.75, 14.25], "texture": "#0"},
				"east": {"uv": [14, 7.5, 14.25, 7.75], "texture": "#0"},
				"south": {"uv": [7.75, 14, 8, 14.25], "texture": "#0"},
				"west": {"uv": [14, 7.75, 14.25, 8], "texture": "#0"},
				"up": {"uv": [8.25, 14.25, 8, 14], "texture": "#0"},
				"down": {"uv": [14.25, 8, 14, 8.25], "texture": "#0"}
			}
		},
		{
			"from": [7.97295, 4.74014, 2.31625],
			"to": [9.09045, 5.51014, 2.61625],
			"rotation": {"angle": -45, "axis": "z", "origin": [8.0317, 5.12514, 5.70125]},
			"faces": {
				"north": {"uv": [8.25, 14, 8.5, 14.25], "texture": "#0"},
				"east": {"uv": [14, 8.25, 14.25, 8.5], "texture": "#0"},
				"south": {"uv": [8.5, 14, 8.75, 14.25], "texture": "#0"},
				"west": {"uv": [14, 8.5, 14.25, 8.75], "texture": "#0"},
				"up": {"uv": [9, 14.25, 8.75, 14], "texture": "#0"},
				"down": {"uv": [14.25, 8.75, 14, 9], "texture": "#0"}
			}
		},
		{
			"from": [7.04023, 3.98492, -0.74085],
			"to": [8.96523, 4.68492, 0.25915],
			"rotation": {"angle": 0, "axis": "x", "origin": [8.00273, 10.38492, -0.24085]},
			"faces": {
				"north": {"uv": [12.25, 11.5, 12.75, 11.75], "texture": "#0"},
				"east": {"uv": [13.5, 1.25, 13.75, 1.5], "texture": "#0"},
				"south": {"uv": [12.25, 11.75, 12.75, 12], "texture": "#0"},
				"west": {"uv": [13.5, 3.75, 13.75, 4], "texture": "#0"},
				"up": {"uv": [12.5, 12.5, 12, 12.25], "texture": "#0"},
				"down": {"uv": [12.75, 12, 12.25, 12.25], "texture": "#0"}
			}
		},
		{
			"from": [7.04119, 4.19253, -1.24035],
			"to": [8.96427, 5.19153, -0.24135],
			"rotation": {"angle": -45, "axis": "x", "origin": [8.00273, 4.69203, -0.74085]},
			"faces": {
				"north": {"uv": [12.5, 0.75, 13, 1], "texture": "#0"},
				"east": {"uv": [9.75, 13.5, 10, 13.75], "texture": "#0"},
				"south": {"uv": [12.5, 1, 13, 1.25], "texture": "#0"},
				"west": {"uv": [13.5, 9.75, 13.75, 10], "texture": "#0"},
				"up": {"uv": [13, 1.5, 12.5, 1.25], "texture": "#0"},
				"down": {"uv": [2, 12.5, 1.5, 12.75], "texture": "#0"}
			}
		},
		{
			"from": [7.0692, 4.77514, -0.03375],
			"to": [8.9942, 5.47514, 2.96625],
			"rotation": {"angle": -45, "axis": "z", "origin": [8.0317, 5.12514, 5.31625]},
			"faces": {
				"north": {"uv": [10, 13.25, 10.5, 13.5], "texture": "#0"},
				"east": {"uv": [12.25, 8, 13, 8.25], "texture": "#0"},
				"south": {"uv": [13.25, 10, 13.75, 10.25], "texture": "#0"},
				"west": {"uv": [8.25, 12.25, 9, 12.5], "texture": "#0"},
				"up": {"uv": [5.75, 12, 5.25, 11.25], "texture": "#0"},
				"down": {"uv": [6.25, 11.25, 5.75, 12], "texture": "#0"}
			}
		},
		{
			"from": [7.0058, 4.77514, -0.03375],
			"to": [8.9308, 5.47514, 2.96625],
			"rotation": {"angle": 45, "axis": "z", "origin": [7.9683, 5.12514, 5.31625]},
			"faces": {
				"north": {"uv": [12.75, 5.25, 13.25, 5.5], "texture": "#0"},
				"east": {"uv": [12, 5.25, 12.75, 5.5], "texture": "#0"},
				"south": {"uv": [12.75, 5.5, 13.25, 5.75], "texture": "#0"},
				"west": {"uv": [5.5, 12, 6.25, 12.25], "texture": "#0"},
				"up": {"uv": [0.5, 12, 0, 11.25], "texture": "#0"},
				"down": {"uv": [11.75, 0, 11.25, 0.75], "texture": "#0"}
			}
		},
		{
			"from": [7.47149, 4.02547, 9.87504],
			"to": [8.53397, 4.46997, 14.22904],
			"rotation": {"angle": 0, "axis": "z", "origin": [7.77473, 7.37272, 8.17904]},
			"faces": {
				"north": {"uv": [13.75, 4.25, 14, 4.5], "texture": "#0"},
				"east": {"uv": [11.5, 6.5, 12.5, 6.75], "texture": "#0"},
				"south": {"uv": [4.5, 13.75, 4.75, 14], "texture": "#0"},
				"west": {"uv": [11.5, 6.75, 12.5, 7], "texture": "#0"},
				"up": {"uv": [11.75, 11.25, 11.5, 10.25], "texture": "#0"},
				"down": {"uv": [11.75, 11.25, 11.5, 12.25], "texture": "#0"}
			}
		},
		{
			"from": [7.5352, 4.19706, 6.31625],
			"to": [8.5352, 6.12206, 9.99125],
			"rotation": {"angle": 0, "axis": "z", "origin": [7.8852, 5.15956, 5.21625]},
			"faces": {
				"north": {"uv": [6, 12.75, 6.25, 13.25], "texture": "#0"},
				"east": {"uv": [9.75, 7.5, 10.75, 8], "texture": "#0"},
				"south": {"uv": [6.25, 12.75, 6.5, 13.25], "texture": "#0"},
				"west": {"uv": [10, 0.5, 11, 1], "texture": "#0"},
				"up": {"uv": [0.75, 12.75, 0.5, 11.75], "texture": "#0"},
				"down": {"uv": [1, 11.75, 0.75, 12.75], "texture": "#0"}
			}
		},
		{
			"name": "hexadecagon",
			"from": [6.8316, 8.03325, -0.84606],
			"to": [7.46362, 9.14351, 13.00171],
			"rotation": {"angle": -45, "axis": "z", "origin": [8.00273, 8.24772, -3.12396]},
			"faces": {
				"north": {"uv": [13.75, 4.5, 14, 4.75], "texture": "#0"},
				"east": {"uv": [1.75, 3, 5.25, 3.25], "texture": "#0"},
				"south": {"uv": [4.75, 13.75, 5, 14], "texture": "#0"},
				"west": {"uv": [1.75, 3.25, 5.25, 3.5], "texture": "#0"},
				"up": {"uv": [1, 6.5, 0.75, 3], "texture": "#0"},
				"down": {"uv": [2, 3.5, 1.75, 7], "texture": "#0"}
			}
		},
		{
			"name": "hexadecagon",
			"from": [7.07843, 8.03303, -0.84378],
			"to": [7.46308, 8.46241, 13.01786],
			"rotation": {"angle": -22.5, "axis": "z", "origin": [8.00273, 8.24772, -3.12396]},
			"faces": {
				"north": {"uv": [13.75, 4.75, 14, 5], "texture": "#0"},
				"east": {"uv": [3.5, 0, 7, 0.25], "texture": "#0"},
				"south": {"uv": [5, 13.75, 5.25, 14], "texture": "#0"},
				"west": {"uv": [3.5, 0.25, 7, 0.5], "texture": "#0"},
				"up": {"uv": [2.25, 7, 2, 3.5], "texture": "#0"},
				"down": {"uv": [2.5, 3.5, 2.25, 7], "texture": "#0"}
			}
		},
		{
			"name": "hexadecagon",
			"from": [7.0184, 8.01697, -0.8261],
			"to": [7.46415, 8.90956, 13.00782],
			"rotation": {"angle": 0, "axis": "x", "origin": [8.00272, 8.23123, -3.10172]},
			"faces": {
				"north": {"uv": [13.75, 5, 14, 5.25], "texture": "#0"},
				"east": {"uv": [3.5, 0.5, 7, 0.75], "texture": "#0"},
				"south": {"uv": [5.25, 13.75, 5.5, 14], "texture": "#0"},
				"west": {"uv": [3.5, 0.75, 7, 1], "texture": "#0"},
				"up": {"uv": [2.75, 7, 2.5, 3.5], "texture": "#0"},
				"down": {"uv": [3, 3.5, 2.75, 7], "texture": "#0"}
			}
		},
		{
			"name": "hexadecagon",
			"from": [7.02547, 7.39908, -0.84834],
			"to": [7.47122, 8.42639, 12.98559],
			"rotation": {"angle": 22.5, "axis": "z", "origin": [8.0098, 8.21213, -3.12396]},
			"faces": {
				"north": {"uv": [13.75, 5.25, 14, 5.5], "texture": "#0"},
				"east": {"uv": [3.5, 1, 7, 1.25], "texture": "#0"},
				"south": {"uv": [5.5, 13.75, 5.75, 14], "texture": "#0"},
				"west": {"uv": [3.5, 1.25, 7, 1.5], "texture": "#0"},
				"up": {"uv": [3.25, 7, 3, 3.5], "texture": "#0"},
				"down": {"uv": [3.5, 3.5, 3.25, 7], "texture": "#0"}
			}
		},
		{
			"name": "hexadecagon",
			"from": [7.26275, 7.01345, -0.83494],
			"to": [7.70895, 7.69214, 13.01284],
			"rotation": {"angle": 0, "axis": "z", "origin": [7.48584, 7.52762, 6.58845]},
			"faces": {
				"north": {"uv": [13.75, 5.5, 14, 5.75], "texture": "#0"},
				"east": {"uv": [3.5, 1.5, 7, 1.75], "texture": "#0"},
				"south": {"uv": [5.75, 13.75, 6, 14], "texture": "#0"},
				"west": {"uv": [3.5, 1.75, 7, 2], "texture": "#0"},
				"up": {"uv": [3.75, 7, 3.5, 3.5], "texture": "#0"},
				"down": {"uv": [4, 3.5, 3.75, 7], "texture": "#0"}
			}
		},
		{
			"name": "hexadecagon",
			"from": [7.78804, 6.83042, -0.84378],
			"to": [8.41742, 7.70807, 13.01786],
			"rotation": {"angle": -22.5, "axis": "z", "origin": [8.00273, 8.24772, -3.12396]},
			"faces": {
				"north": {"uv": [13.75, 5.75, 14, 6], "texture": "#0"},
				"east": {"uv": [3.5, 2, 7, 2.25], "texture": "#0"},
				"south": {"uv": [6, 13.75, 6.25, 14], "texture": "#0"},
				"west": {"uv": [3.5, 2.25, 7, 2.5], "texture": "#0"},
				"up": {"uv": [1.25, 7.5, 1, 4], "texture": "#0"},
				"down": {"uv": [1.5, 4, 1.25, 7.5], "texture": "#0"}
			}
		},
		{
			"name": "hexadecagon",
			"from": [7.78804, 8.78737, -0.84378],
			"to": [8.21742, 9.32702, 13.01786],
			"rotation": {"angle": 22.5, "axis": "z", "origin": [8.00273, 8.24772, -3.12396]},
			"faces": {
				"north": {"uv": [13.75, 6, 14, 6.25], "texture": "#0"},
				"east": {"uv": [3.5, 2.5, 7, 2.75], "texture": "#0"},
				"south": {"uv": [6.25, 13.75, 6.5, 14], "texture": "#0"},
				"west": {"uv": [3.5, 2.75, 7, 3], "texture": "#0"},
				"up": {"uv": [1.75, 7.5, 1.5, 4], "texture": "#0"},
				"down": {"uv": [4.25, 3.5, 4, 7], "texture": "#0"}
			}
		},
		{
			"name": "hexadecagon",
			"from": [8.54292, 8.04106, -0.85263],
			"to": [9.17621, 9.15356, 13.02287],
			"rotation": {"angle": 45, "axis": "z", "origin": [8.00273, 8.25597, -3.13509]},
			"faces": {
				"north": {"uv": [13.75, 6.25, 14, 6.5], "texture": "#0"},
				"east": {"uv": [4.25, 3.5, 7.75, 3.75], "texture": "#0"},
				"south": {"uv": [6.5, 13.75, 6.75, 14], "texture": "#0"},
				"west": {"uv": [4.25, 3.75, 7.75, 4], "texture": "#0"},
				"up": {"uv": [0.25, 7.75, 0, 4.25], "texture": "#0"},
				"down": {"uv": [0.5, 4.25, 0.25, 7.75], "texture": "#0"}
			}
		},
		{
			"name": "hexadecagon",
			"from": [8.54184, 8.025, -0.83494],
			"to": [8.9261, 8.45395, 13.01284],
			"rotation": {"angle": 22.5, "axis": "z", "origin": [8.00273, 8.23947, -3.11284]},
			"faces": {
				"north": {"uv": [13.75, 6.5, 14, 6.75], "texture": "#0"},
				"east": {"uv": [4.25, 4, 7.75, 4.25], "texture": "#0"},
				"south": {"uv": [6.75, 13.75, 7, 14], "texture": "#0"},
				"west": {"uv": [4.25, 4.25, 7.75, 4.5], "texture": "#0"},
				"up": {"uv": [0.75, 7.75, 0.5, 4.25], "texture": "#0"},
				"down": {"uv": [4.5, 4.5, 4.25, 8], "texture": "#0"}
			}
		},
		{
			"name": "hexadecagon",
			"from": [8.54238, 8.03303, -0.84378],
			"to": [8.98903, 8.92741, 13.01786],
			"rotation": {"angle": 0, "axis": "x", "origin": [8.00273, 8.24772, -3.12396]},
			"faces": {
				"north": {"uv": [13.75, 6.75, 14, 7], "texture": "#0"},
				"east": {"uv": [4.5, 4.5, 8, 4.75], "texture": "#0"},
				"south": {"uv": [7, 13.75, 7.25, 14], "texture": "#0"},
				"west": {"uv": [4.5, 4.75, 8, 5], "texture": "#0"},
				"up": {"uv": [4.75, 8.5, 4.5, 5], "texture": "#0"},
				"down": {"uv": [5, 5, 4.75, 8.5], "texture": "#0"}
			}
		},
		{
			"name": "hexadecagon",
			"from": [8.53424, 7.39908, -0.84834],
			"to": [8.97999, 8.42639, 12.98559],
			"rotation": {"angle": -22.5, "axis": "z", "origin": [7.99566, 8.21213, -3.12396]},
			"faces": {
				"north": {"uv": [13.75, 7, 14, 7.25], "texture": "#0"},
				"east": {"uv": [5, 5, 8.5, 5.25], "texture": "#0"},
				"south": {"uv": [7.25, 13.75, 7.5, 14], "texture": "#0"},
				"west": {"uv": [5.25, 3, 8.75, 3.25], "texture": "#0"},
				"up": {"uv": [5.25, 8.75, 5, 5.25], "texture": "#0"},
				"down": {"uv": [5.5, 5.25, 5.25, 8.75], "texture": "#0"}
			}
		},
		{
			"name": "hexadecagon",
			"from": [8.2965, 7.01345, -0.83494],
			"to": [8.74271, 7.69214, 13.01284],
			"rotation": {"angle": 0, "axis": "z", "origin": [8.51961, 7.52762, 6.58845]},
			"faces": {
				"north": {"uv": [13.75, 7.25, 14, 7.5], "texture": "#0"},
				"east": {"uv": [5.25, 3.25, 8.75, 3.5], "texture": "#0"},
				"south": {"uv": [7.5, 13.75, 7.75, 14], "texture": "#0"},
				"west": {"uv": [5.5, 5.25, 9, 5.5], "texture": "#0"},
				"up": {"uv": [5.75, 9, 5.5, 5.5], "texture": "#0"},
				"down": {"uv": [6, 5.5, 5.75, 9], "texture": "#0"}
			}
		},
		{
			"name": "hexadecagon",
			"from": [7.58804, 6.83042, -0.84378],
			"to": [8.21742, 7.70807, 13.01786],
			"rotation": {"angle": 22.5, "axis": "z", "origin": [8.00273, 8.24772, -3.12396]},
			"faces": {
				"north": {"uv": [13.75, 7.5, 14, 7.75], "texture": "#0"},
				"east": {"uv": [6, 5.5, 9.5, 5.75], "texture": "#0"},
				"south": {"uv": [7.75, 13.75, 8, 14], "texture": "#0"},
				"west": {"uv": [6, 5.75, 9.5, 6], "texture": "#0"},
				"up": {"uv": [6.25, 9.5, 6, 6], "texture": "#0"},
				"down": {"uv": [6.5, 6, 6.25, 9.5], "texture": "#0"}
			}
		},
		{
			"name": "hexadecagon",
			"from": [7.73283, 6.78111, -0.84606],
			"to": [8.16178, 7.7268, 13.00171],
			"rotation": {"angle": 0, "axis": "x", "origin": [7.9473, 8.26591, -3.12396]},
			"faces": {
				"north": {"uv": [13.75, 7.75, 14, 8], "texture": "#0"},
				"east": {"uv": [6.5, 6, 10, 6.25], "texture": "#0"},
				"south": {"uv": [8, 13.75, 8.25, 14], "texture": "#0"},
				"west": {"uv": [6.5, 6.25, 10, 6.5], "texture": "#0"},
				"up": {"uv": [1, 10, 0.75, 6.5], "texture": "#0"},
				"down": {"uv": [6.75, 6.5, 6.5, 10], "texture": "#0"}
			}
		},
		{
			"name": "hexadecagon",
			"from": [7.7889, 8.78521, -0.85291],
			"to": [8.21656, 9.69322, 12.95329],
			"rotation": {"angle": 0, "axis": "x", "origin": [8.00273, 8.24772, -3.12396]},
			"faces": {
				"north": {"uv": [13.75, 8, 14, 8.25], "texture": "#0"},
				"east": {"uv": [6.75, 6.5, 10.25, 6.75], "texture": "#0"},
				"south": {"uv": [8.25, 13.75, 8.5, 14], "texture": "#0"},
				"west": {"uv": [6.75, 6.75, 10.25, 7], "texture": "#0"},
				"up": {"uv": [2, 10.5, 1.75, 7], "texture": "#0"},
				"down": {"uv": [2.25, 7, 2, 10.5], "texture": "#0"}
			}
		},
		{
			"name": "hexadecagon",
			"from": [7.78804, 8.78737, -0.84378],
			"to": [8.21742, 9.32702, 13.01786],
			"rotation": {"angle": -22.5, "axis": "z", "origin": [8.00273, 8.24772, -3.12396]},
			"faces": {
				"north": {"uv": [13.75, 8.25, 14, 8.5], "texture": "#0"},
				"east": {"uv": [7, 0, 10.5, 0.25], "texture": "#0"},
				"south": {"uv": [8.5, 13.75, 8.75, 14], "texture": "#0"},
				"west": {"uv": [7, 0.25, 10.5, 0.5], "texture": "#0"},
				"up": {"uv": [2.5, 10.5, 2.25, 7], "texture": "#0"},
				"down": {"uv": [2.75, 7, 2.5, 10.5], "texture": "#0"}
			}
		},
		{
			"from": [9.05219, 8.40067, -1.44296],
			"to": [9.55169, 9.62397, -0.44396],
			"rotation": {"angle": 45, "axis": "z", "origin": [8.05319, 9.39967, 3.55204]},
			"faces": {
				"north": {"uv": [0.5, 13.25, 0.75, 13.75], "texture": "#0"},
				"east": {"uv": [0.75, 13.25, 1, 13.75], "texture": "#0"},
				"south": {"uv": [1, 13.25, 1.25, 13.75], "texture": "#0"},
				"west": {"uv": [1.25, 13.25, 1.5, 13.75], "texture": "#0"},
				"up": {"uv": [2.75, 14.25, 2.5, 14], "texture": "#0"},
				"down": {"uv": [14.25, 2.5, 14, 2.75], "texture": "#0"}
			}
		},
		{
			"from": [9.32096, 6.75322, -1.44796],
			"to": [9.82096, 9.75322, -0.44796],
			"rotation": {"angle": 0, "axis": "y", "origin": [8.32096, 7.75322, 3.55204]},
			"faces": {
				"north": {"uv": [10, 12, 10.25, 12.75], "texture": "#0"},
				"east": {"uv": [12, 10.25, 12.25, 11], "texture": "#0"},
				"south": {"uv": [12, 11.5, 12.25, 12.25], "texture": "#0"},
				"west": {"uv": [12.25, 0.75, 12.5, 1.5], "texture": "#0"},
				"up": {"uv": [3, 14.25, 2.75, 14], "texture": "#0"},
				"down": {"uv": [14.25, 2.75, 14, 3], "texture": "#0"}
			}
		},
		{
			"from": [9.2638, 6.31991, -1.44296],
			"to": [9.7633, 8.01821, -0.44396],
			"rotation": {"angle": -45, "axis": "z", "origin": [8.2648, 7.31891, 3.55204]},
			"faces": {
				"north": {"uv": [1.5, 13.25, 1.75, 13.75], "texture": "#0"},
				"east": {"uv": [1.75, 13.25, 2, 13.75], "texture": "#0"},
				"south": {"uv": [2, 13.25, 2.25, 13.75], "texture": "#0"},
				"west": {"uv": [2.25, 13.25, 2.5, 13.75], "texture": "#0"},
				"up": {"uv": [3.25, 14.25, 3, 14], "texture": "#0"},
				"down": {"uv": [14.25, 3, 14, 3.25], "texture": "#0"}
			}
		},
		{
			"from": [9.32096, 6.75322, -0.44796],
			"to": [9.82096, 7.45322, 1.05204],
			"rotation": {"angle": 0, "axis": "y", "origin": [8.32096, 7.75322, 6.05204]},
			"faces": {
				"north": {"uv": [3.25, 14, 3.5, 14.25], "texture": "#0"},
				"east": {"uv": [13.25, 0.5, 13.75, 0.75], "texture": "#0"},
				"south": {"uv": [14, 3.25, 14.25, 3.5], "texture": "#0"},
				"west": {"uv": [13.25, 1.5, 13.75, 1.75], "texture": "#0"},
				"up": {"uv": [2.75, 13.75, 2.5, 13.25], "texture": "#0"},
				"down": {"uv": [3, 13.25, 2.75, 13.75], "texture": "#0"}
			}
		},
		{
			"from": [9.05319, 8.99967, -0.44796],
			"to": [9.55319, 9.69967, 1.05204],
			"rotation": {"angle": 45, "axis": "z", "origin": [8.05319, 9.39967, 3.55204]},
			"faces": {
				"north": {"uv": [3.5, 14, 3.75, 14.25], "texture": "#0"},
				"east": {"uv": [3, 13.25, 3.5, 13.5], "texture": "#0"},
				"south": {"uv": [14, 3.5, 14.25, 3.75], "texture": "#0"},
				"west": {"uv": [3.5, 13.25, 4, 13.5], "texture": "#0"},
				"up": {"uv": [4.25, 13.75, 4, 13.25], "texture": "#0"},
				"down": {"uv": [4.5, 13.25, 4.25, 13.75], "texture": "#0"}
			}
		},
		{
			"from": [9.05219, 8.40067, 1.05704],
			"to": [9.55169, 9.69897, 7.05104],
			"rotation": {"angle": 45, "axis": "z", "origin": [8.05319, 9.39967, 6.05204]},
			"faces": {
				"north": {"uv": [4.5, 13.25, 4.75, 13.75], "texture": "#0"},
				"east": {"uv": [8, 4.25, 9.5, 4.75], "texture": "#0"},
				"south": {"uv": [4.75, 13.25, 5, 13.75], "texture": "#0"},
				"west": {"uv": [7.75, 8, 9.25, 8.5], "texture": "#0"},
				"up": {"uv": [3.25, 12.75, 3, 11.25], "texture": "#0"},
				"down": {"uv": [3.5, 11.25, 3.25, 12.75], "texture": "#0"}
			}
		},
		{
			"from": [9.32096, 6.75322, 1.05204],
			"to": [9.82096, 9.75322, 7.05204],
			"rotation": {"angle": 0, "axis": "y", "origin": [8.32096, 7.75322, 6.05204]},
			"faces": {
				"north": {"uv": [1, 12.25, 1.25, 13], "texture": "#0"},
				"east": {"uv": [2, 1.5, 3.5, 2.25], "texture": "#0"},
				"south": {"uv": [1.25, 12.25, 1.5, 13], "texture": "#0"},
				"west": {"uv": [2, 2.25, 3.5, 3], "texture": "#0"},
				"up": {"uv": [4, 12.75, 3.75, 11.25], "texture": "#0"},
				"down": {"uv": [4.25, 11.25, 4, 12.75], "texture": "#0"}
			}
		},
		{
			"from": [9.26533, 6.31891, -0.44796],
			"to": [9.76533, 8.01891, 1.05204],
			"rotation": {"angle": -45, "axis": "z", "origin": [8.26533, 7.31891, 3.55204]},
			"faces": {
				"north": {"uv": [5, 13.25, 5.25, 13.75], "texture": "#0"},
				"east": {"uv": [11.75, 3.25, 12.25, 3.75], "texture": "#0"},
				"south": {"uv": [5.25, 13.25, 5.5, 13.75], "texture": "#0"},
				"west": {"uv": [11.75, 4, 12.25, 4.5], "texture": "#0"},
				"up": {"uv": [13.5, 5.75, 13.25, 5.25], "texture": "#0"},
				"down": {"uv": [5.75, 13.25, 5.5, 13.75], "texture": "#0"}
			}
		},
		{
			"from": [9.26533, 6.31891, 1.05204],
			"to": [9.76533, 8.01891, 7.05204],
			"rotation": {"angle": -45, "axis": "z", "origin": [8.26533, 7.31891, 6.05204]},
			"faces": {
				"north": {"uv": [6, 13.25, 6.25, 13.75], "texture": "#0"},
				"east": {"uv": [2.75, 8.5, 4.25, 9], "texture": "#0"},
				"south": {"uv": [6.25, 13.25, 6.5, 13.75], "texture": "#0"},
				"west": {"uv": [8.5, 4.75, 10, 5.25], "texture": "#0"},
				"up": {"uv": [4.5, 12.75, 4.25, 11.25], "texture": "#0"},
				"down": {"uv": [4.75, 11.25, 4.5, 12.75], "texture": "#0"}
			}
		},
		{
			"from": [9.17089, 6.46234, 6.55204],
			"to": [9.62089, 7.99234, 10.55204],
			"rotation": {"angle": -45, "axis": "z", "origin": [8.27089, 7.36234, 11.05204]},
			"faces": {
				"north": {"uv": [6.5, 13.25, 6.75, 13.75], "texture": "#0"},
				"east": {"uv": [10, 9, 11, 9.5], "texture": "#0"},
				"south": {"uv": [13.25, 6.5, 13.5, 7], "texture": "#0"},
				"west": {"uv": [10.25, 2.5, 11.25, 3], "texture": "#0"},
				"up": {"uv": [12, 5.5, 11.75, 4.5], "texture": "#0"},
				"down": {"uv": [7, 11.75, 6.75, 12.75], "texture": "#0"}
			}
		},
		{
			"from": [9.22096, 6.85322, 6.55204],
			"to": [9.67096, 9.55322, 10.95204],
			"rotation": {"angle": 0, "axis": "y", "origin": [8.32096, 7.75322, 11.05204]},
			"faces": {
				"north": {"uv": [12.25, 2.25, 12.5, 3], "texture": "#0"},
				"east": {"uv": [6.75, 8.5, 7.75, 9.25], "texture": "#0"},
				"south": {"uv": [12.25, 3, 12.5, 3.75], "texture": "#0"},
				"west": {"uv": [7.75, 8.5, 8.75, 9.25], "texture": "#0"},
				"up": {"uv": [7.25, 12.75, 7, 11.75], "texture": "#0"},
				"down": {"uv": [7.5, 11.75, 7.25, 12.75], "texture": "#0"}
			}
		},
		{
			"from": [8.97997, 8.33502, 6.55204],
			"to": [9.42997, 9.86502, 10.95204],
			"rotation": {"angle": 45, "axis": "z", "origin": [8.07997, 9.23502, 11.05204]},
			"faces": {
				"north": {"uv": [6.75, 13.25, 7, 13.75], "texture": "#0"},
				"east": {"uv": [10.25, 3.5, 11.25, 4], "texture": "#0"},
				"south": {"uv": [7, 13.25, 7.25, 13.75], "texture": "#0"},
				"west": {"uv": [10.25, 6.25, 11.25, 6.75], "texture": "#0"},
				"up": {"uv": [7.75, 12.75, 7.5, 11.75], "texture": "#0"},
				"down": {"uv": [8, 11.75, 7.75, 12.75], "texture": "#0"}
			}
		},
		{
			"from": [8.05319, 8.40051, 10.30227],
			"to": [9.55334, 9.70064, 14.6027],
			"rotation": {"angle": 45, "axis": "z", "origin": [8.05319, 9.40061, 15.30277]},
			"faces": {
				"north": {"uv": [13.25, 5.75, 13.75, 6], "texture": "#0"},
				"east": {"uv": [11.5, 7, 12.5, 7.25], "texture": "#0"},
				"south": {"uv": [13.25, 7, 13.75, 7.25], "texture": "#0"},
				"west": {"uv": [11.75, 0.5, 12.75, 0.75], "texture": "#0"},
				"up": {"uv": [5.75, 11.25, 5.25, 10.25], "texture": "#0"},
				"down": {"uv": [7, 10.25, 6.5, 11.25], "texture": "#0"}
			}
		},
		{
			"from": [8.32096, 6.75422, 10.30704],
			"to": [9.81946, 9.75122, 14.60274],
			"rotation": {"angle": 0, "axis": "y", "origin": [8.32096, 7.75322, 15.30204]},
			"faces": {
				"north": {"uv": [12.25, 3.75, 12.5, 4.5], "texture": "#0"},
				"east": {"uv": [8.75, 2, 9.75, 2.75], "texture": "#0"},
				"south": {"uv": [12.25, 4.5, 12.5, 5.25], "texture": "#0"},
				"west": {"uv": [8.75, 2.75, 9.75, 3.5], "texture": "#0"},
				"up": {"uv": [8.25, 12.75, 8, 11.75], "texture": "#0"},
				"down": {"uv": [12, 8, 11.75, 9], "texture": "#0"}
			}
		},
		{
			"from": [8.25643, 6.71891, 10.30204],
			"to": [9.75643, 8.01891, 14.60204],
			"rotation": {"angle": -45, "axis": "z", "origin": [8.25643, 7.31891, 15.30204]},
			"faces": {
				"north": {"uv": [7.25, 13.25, 7.75, 13.5], "texture": "#0"},
				"east": {"uv": [11.75, 5.5, 12.75, 5.75], "texture": "#0"},
				"south": {"uv": [13.25, 7.25, 13.75, 7.5], "texture": "#0"},
				"west": {"uv": [11.75, 5.75, 12.75, 6], "texture": "#0"},
				"up": {"uv": [7.5, 11.25, 7, 10.25], "texture": "#0"},
				"down": {"uv": [8, 10.25, 7.5, 11.25], "texture": "#0"}
			}
		},
		{
			"from": [7.09283, 5.83398, 10.30204],
			"to": [8.89283, 7.33398, 14.60204],
			"rotation": {"angle": 0, "axis": "z", "origin": [8.19283, 7.33398, 15.30204]},
			"faces": {
				"north": {"uv": [8.25, 11.75, 8.75, 12.25], "texture": "#0"},
				"east": {"uv": [10.25, 8, 11.25, 8.5], "texture": "#0"},
				"south": {"uv": [8.75, 11.75, 9.25, 12.25], "texture": "#0"},
				"west": {"uv": [10.25, 8.5, 11.25, 9], "texture": "#0"},
				"up": {"uv": [8.5, 11.25, 8, 10.25], "texture": "#0"},
				"down": {"uv": [10.75, 9.5, 10.25, 10.5], "texture": "#0"}
			}
		},
		{
			"from": [8.53703, 4.68488, 13.37771],
			"to": [9.13093, 5.48209, 14.23086],
			"rotation": {"angle": -45, "axis": "z", "origin": [8.03478, 5.08349, 16.05404]},
			"faces": {
				"north": {"uv": [3.75, 14, 4, 14.25], "texture": "#0"},
				"east": {"uv": [14, 3.75, 14.25, 4], "texture": "#0"},
				"south": {"uv": [4, 14, 4.25, 14.25], "texture": "#0"},
				"west": {"uv": [14, 4, 14.25, 4.25], "texture": "#0"},
				"up": {"uv": [4.5, 14.25, 4.25, 14], "texture": "#0"},
				"down": {"uv": [14.25, 4.25, 14, 4.5], "texture": "#0"}
			}
		},
		{
			"from": [8.78686, 4.70396, 10.72805],
			"to": [9.13136, 5.10196, 13.38205],
			"rotation": {"angle": -45, "axis": "z", "origin": [8.03411, 5.10296, 15.20705]},
			"faces": {
				"north": {"uv": [4.5, 14, 4.75, 14.25], "texture": "#0"},
				"east": {"uv": [12.25, 0, 13, 0.25], "texture": "#0"},
				"south": {"uv": [14, 4.5, 14.25, 4.75], "texture": "#0"},
				"west": {"uv": [12.25, 0.25, 13, 0.5], "texture": "#0"},
				"up": {"uv": [5, 13, 4.75, 12.25], "texture": "#0"},
				"down": {"uv": [5.25, 12.25, 5, 13], "texture": "#0"}
			}
		},
		{
			"from": [8.53703, 4.68488, 9.87771],
			"to": [9.13093, 5.48208, 10.73086],
			"rotation": {"angle": -45, "axis": "z", "origin": [8.03478, 5.08348, 12.55403]},
			"faces": {
				"north": {"uv": [4.75, 14, 5, 14.25], "texture": "#0"},
				"east": {"uv": [14, 4.75, 14.25, 5], "texture": "#0"},
				"south": {"uv": [5, 14, 5.25, 14.25], "texture": "#0"},
				"west": {"uv": [14, 5, 14.25, 5.25], "texture": "#0"},
				"up": {"uv": [5.5, 14.25, 5.25, 14], "texture": "#0"},
				"down": {"uv": [14.25, 5.25, 14, 5.5], "texture": "#0"}
			}
		},
		{
			"from": [6.90721, 4.58975, 13.37504],
			"to": [8.00171, 6.29975, 14.22904],
			"rotation": {"angle": 0, "axis": "x", "origin": [8.00446, 11.88575, 4.92904]},
			"faces": {
				"north": {"uv": [13.5, 1.75, 13.75, 2.25], "texture": "#0"},
				"east": {"uv": [13.5, 2.25, 13.75, 2.75], "texture": "#0"},
				"south": {"uv": [13.5, 2.75, 13.75, 3.25], "texture": "#0"},
				"west": {"uv": [3, 13.5, 3.25, 14], "texture": "#0"},
				"up": {"uv": [10, 14.25, 9.75, 14], "texture": "#0"},
				"down": {"uv": [14.25, 9.75, 14, 10], "texture": "#0"}
			}
		},
		{
			"from": [7.99829, 4.58975, 13.37504],
			"to": [9.09279, 6.29975, 14.22904],
			"rotation": {"angle": 0, "axis": "x", "origin": [7.99554, 11.88575, 4.92904]},
			"faces": {
				"north": {"uv": [3.25, 13.5, 3.5, 14], "texture": "#0"},
				"east": {"uv": [13.5, 3.25, 13.75, 3.75], "texture": "#0"},
				"south": {"uv": [3.5, 13.5, 3.75, 14], "texture": "#0"},
				"west": {"uv": [3.75, 13.5, 4, 14], "texture": "#0"},
				"up": {"uv": [10.25, 14.25, 10, 14], "texture": "#0"},
				"down": {"uv": [14.25, 10, 14, 10.25], "texture": "#0"}
			}
		},
		{
			"from": [7.0692, 4.77514, 6.31625],
			"to": [8.9942, 5.47514, 9.99125],
			"rotation": {"angle": -45, "axis": "z", "origin": [8.0317, 5.12514, 5.21625]},
			"faces": {
				"north": {"uv": [9.5, 13.25, 10, 13.5], "texture": "#0"},
				"east": {"uv": [9.25, 11.75, 10.25, 12], "texture": "#0"},
				"south": {"uv": [13.25, 9.5, 13.75, 9.75], "texture": "#0"},
				"west": {"uv": [11.75, 9.5, 12.75, 9.75], "texture": "#0"},
				"up": {"uv": [2, 11.5, 1.5, 10.5], "texture": "#0"},
				"down": {"uv": [2.5, 10.5, 2, 11.5], "texture": "#0"}
			}
		},
		{
			"from": [7.03923, 9.80219, -1.45296],
			"to": [8.96615, 10.75867, 10.54804],
			"rotation": {"angle": 0, "axis": "z", "origin": [8.04023, 4.30419, 3.55204]},
			"faces": {
				"north": {"uv": [12.5, 2, 13, 2.25], "texture": "#0"},
				"east": {"uv": [10, 13.5, 10.25, 13.75], "texture": "#0"},
				"south": {"uv": [12.5, 2.25, 13, 2.5], "texture": "#0"},
				"west": {"uv": [10.25, 13.5, 10.5, 13.75], "texture": "#0"},
				"up": {"uv": [13, 2.75, 12.5, 2.5], "texture": "#0"},
				"down": {"uv": [13, 2.75, 12.5, 3], "texture": "#0"}
			}
		},
		{
			"from": [7.09798, 9.92795, 10.00759],
			"to": [8.90748, 11.60795, 10.50359],
			"rotation": {"angle": 0, "axis": "x", "origin": [8.00273, 11.33795, 0.53759]},
			"faces": {
				"north": {"uv": [10.5, 4.25, 11, 4.75], "texture": "#0"},
				"east": {"uv": [10.5, 1, 10.75, 1.5], "texture": "#0"},
				"south": {"uv": [10.5, 5.25, 11, 5.75], "texture": "#0"},
				"west": {"uv": [11, 0.5, 11.25, 1], "texture": "#0"},
				"up": {"uv": [10.75, 7, 10.25, 6.75], "texture": "#0"},
				"down": {"uv": [12.75, 8.25, 12.25, 8.5], "texture": "#0"}
			}
		},
		{
			"from": [7.02462, 10.5269, 10.42673],
			"to": [8.98084, 11.68346, 15.05303],
			"rotation": {"angle": 0, "axis": "x", "origin": [8.00273, 11.37555, -0.56785]},
			"faces": {
				"north": {"uv": [12.25, 8.5, 12.75, 8.75], "texture": "#0"},
				"east": {"uv": [10.75, 7.5, 12, 7.75], "texture": "#0"},
				"south": {"uv": [9, 12.25, 9.5, 12.5], "texture": "#0"},
				"west": {"uv": [10.75, 7.75, 12, 8], "texture": "#0"},
				"up": {"uv": [4.25, 8.25, 3.75, 7], "texture": "#0"},
				"down": {"uv": [1.5, 7.5, 1, 8.75], "texture": "#0"}
			}
		},
		{
			"from": [7.0256, 10.87438, 12.47532],
			"to": [7.27986, 12.74606, 13.38072],
			"rotation": {"angle": 22.5, "axis": "x", "origin": [7.15273, 11.93522, 12.92802]},
			"faces": {
				"north": {"uv": [5.75, 13, 6, 13.5], "texture": "#0"},
				"east": {"uv": [13, 6.5, 13.25, 7], "texture": "#0"},
				"south": {"uv": [13, 7, 13.25, 7.5], "texture": "#0"},
				"west": {"uv": [13, 7.5, 13.25, 8], "texture": "#0"},
				"up": {"uv": [1.75, 14.25, 1.5, 14], "texture": "#0"},
				"down": {"uv": [14.25, 1.5, 14, 1.75], "texture": "#0"}
			}
		},
		{
			"from": [8.7256, 10.87438, 12.47532],
			"to": [8.97986, 12.74606, 13.38072],
			"rotation": {"angle": 22.5, "axis": "x", "origin": [8.85273, 11.93522, 12.92802]},
			"faces": {
				"north": {"uv": [12.75, 13, 13, 13.5], "texture": "#0"},
				"east": {"uv": [13, 12.75, 13.25, 13.25], "texture": "#0"},
				"south": {"uv": [0, 13.25, 0.25, 13.75], "texture": "#0"},
				"west": {"uv": [0.25, 13.25, 0.5, 13.75], "texture": "#0"},
				"up": {"uv": [2.5, 14.25, 2.25, 14], "texture": "#0"},
				"down": {"uv": [14.25, 2.25, 14, 2.5], "texture": "#0"}
			}
		},
		{
			"from": [7.0256, 12.18315, 12.91575],
			"to": [7.27986, 12.83855, 15.03743],
			"rotation": {"angle": 0, "axis": "x", "origin": [8.00273, 12.51085, 12.72659]},
			"faces": {
				"north": {"uv": [2, 14, 2.25, 14.25], "texture": "#0"},
				"east": {"uv": [11.25, 13, 11.75, 13.25], "texture": "#0"},
				"south": {"uv": [14, 2, 14.25, 2.25], "texture": "#0"},
				"west": {"uv": [11.75, 13, 12.25, 13.25], "texture": "#0"},
				"up": {"uv": [12.5, 13.5, 12.25, 13], "texture": "#0"},
				"down": {"uv": [12.75, 13, 12.5, 13.5], "texture": "#0"}
			}
		},
		{
			"from": [8.7256, 12.18855, 12.91575],
			"to": [8.97986, 12.84395, 15.03743],
			"rotation": {"angle": 0, "axis": "x", "origin": [7.70273, 12.51625, 12.72659]},
			"faces": {
				"north": {"uv": [1.75, 14, 2, 14.25], "texture": "#0"},
				"east": {"uv": [13, 9.75, 13.5, 10], "texture": "#0"},
				"south": {"uv": [14, 1.75, 14.25, 2], "texture": "#0"},
				"west": {"uv": [10.25, 13, 10.75, 13.25], "texture": "#0"},
				"up": {"uv": [11, 13.5, 10.75, 13], "texture": "#0"},
				"down": {"uv": [11.25, 13, 11, 13.5], "texture": "#0"}
			}
		},
		{
			"from": [7.02658, 11.68288, 12.21454],
			"to": [8.97888, 12.18778, 15.0334],
			"rotation": {"angle": 0, "axis": "x", "origin": [8.00273, 12.50976, 12.72487]},
			"faces": {
				"north": {"uv": [9.25, 13, 9.75, 13.25], "texture": "#0"},
				"east": {"uv": [12, 8.75, 12.75, 9], "texture": "#0"},
				"south": {"uv": [9.75, 13, 10.25, 13.25], "texture": "#0"},
				"west": {"uv": [9.25, 12, 10, 12.25], "texture": "#0"},
				"up": {"uv": [11.75, 3, 11.25, 2.25], "texture": "#0"},
				"down": {"uv": [3, 11.25, 2.5, 12], "texture": "#0"}
			}
		},
		{
			"from": [7.02658, 11.16273, 10.79837],
			"to": [8.97888, 11.66763, 12.41843],
			"rotation": {"angle": -22.5, "axis": "x", "origin": [8.00273, 11.41518, 11.009]},
			"faces": {
				"north": {"uv": [7.75, 13, 8.25, 13.25], "texture": "#0"},
				"east": {"uv": [13, 8, 13.5, 8.25], "texture": "#0"},
				"south": {"uv": [8.25, 13, 8.75, 13.25], "texture": "#0"},
				"west": {"uv": [8.75, 13, 9.25, 13.25], "texture": "#0"},
				"up": {"uv": [12.25, 2.75, 11.75, 2.25], "texture": "#0"},
				"down": {"uv": [12.25, 2.75, 11.75, 3.25], "texture": "#0"}
			}
		},
		{
			"from": [7.02658, 6.62984, 11.99796],
			"to": [8.97888, 11.45152, 15.40336],
			"rotation": {"angle": -22.5, "axis": "x", "origin": [8.00273, 9.59068, 14.38816]},
			"faces": {
				"north": {"uv": [0, 7.75, 0.5, 9], "texture": "#0"},
				"east": {"uv": [1, 2.75, 1.75, 4], "texture": "#0"},
				"south": {"uv": [1, 8.75, 1.5, 10], "texture": "#0"},
				"west": {"uv": [0, 3, 0.75, 4.25], "texture": "#0"},
				"up": {"uv": [3, 11.25, 2.5, 10.5], "texture": "#0"},
				"down": {"uv": [3.5, 10.5, 3, 11.25], "texture": "#0"}
			}
		},
		{
			"from": [7.26011, 9.43185, 15.16687],
			"to": [8.74535, 10.12133, 17.07998],
			"rotation": {"angle": 0, "axis": "x", "origin": [8.00273, 9.24581, 16.14232]},
			"faces": {
				"north": {"uv": [4.25, 8, 4.5, 8.25], "texture": "#0"},
				"east": {"uv": [12.25, 9, 12.75, 9.25], "texture": "#0"},
				"south": {"uv": [10, 6.25, 10.25, 6.5], "texture": "#0"},
				"west": {"uv": [12.25, 9.25, 12.75, 9.5], "texture": "#0"},
				"up": {"uv": [11.25, 6.25, 11, 5.75], "texture": "#0"},
				"down": {"uv": [6.25, 12.25, 6, 12.75], "texture": "#0"}
			}
		},
		{
			"from": [7.7857, 4.86897, 12.6775],
			"to": [8.21976, 5.07047, 13.4366],
			"rotation": {"angle": -22.5, "axis": "x", "origin": [8.00273, 5.12484, 12.95153]},
			"faces": {
				"north": {"uv": [13.75, 8.75, 14, 9], "texture": "#0"},
				"east": {"uv": [9, 13.75, 9.25, 14], "texture": "#0"},
				"south": {"uv": [13.75, 9, 14, 9.25], "texture": "#0"},
				"west": {"uv": [9.25, 13.75, 9.5, 14], "texture": "#0"},
				"up": {"uv": [14, 9.5, 13.75, 9.25], "texture": "#0"},
				"down": {"uv": [9.75, 13.75, 9.5, 14], "texture": "#0"}
			}
		},
		{
			"from": [7.26011, 7.23981, 16.18626],
			"to": [8.74535, 10.52791, 16.87574],
			"rotation": {"angle": 45, "axis": "x", "origin": [8.00273, 9.24581, 16.14232]},
			"faces": {
				"north": {"uv": [0.5, 9.25, 0.75, 10], "texture": "#0"},
				"east": {"uv": [10.25, 11.75, 10.5, 12.5], "texture": "#0"},
				"south": {"uv": [11.75, 10.25, 12, 11], "texture": "#0"},
				"west": {"uv": [10.5, 11.75, 10.75, 12.5], "texture": "#0"},
				"up": {"uv": [6.75, 10.25, 6.5, 10], "texture": "#0"},
				"down": {"uv": [6, 10.25, 5.75, 10.5], "texture": "#0"}
			}
		},
		{
			"from": [7.7857, 4.75015, 12.73719],
			"to": [8.21976, 5.375, 12.93868],
			"rotation": {"angle": 22.5, "axis": "x", "origin": [8.00273, 5.12484, 12.95153]},
			"faces": {
				"north": {"uv": [13.75, 9.5, 14, 9.75], "texture": "#0"},
				"east": {"uv": [9.75, 13.75, 10, 14], "texture": "#0"},
				"south": {"uv": [13.75, 9.75, 14, 10], "texture": "#0"},
				"west": {"uv": [10, 13.75, 10.25, 14], "texture": "#0"},
				"up": {"uv": [14, 10.25, 13.75, 10], "texture": "#0"},
				"down": {"uv": [10.5, 13.75, 10.25, 14], "texture": "#0"}
			}
		},
		{
			"from": [7.7857, 5.59467, 13.0354],
			"to": [8.21976, 5.93732, 13.48689],
			"rotation": {"angle": 0, "axis": "x", "origin": [8.00273, 5.73557, 12.95749]},
			"faces": {
				"north": {"uv": [13.75, 10.25, 14, 10.5], "texture": "#0"},
				"east": {"uv": [10.5, 13.75, 10.75, 14], "texture": "#0"},
				"south": {"uv": [13.75, 10.5, 14, 10.75], "texture": "#0"},
				"west": {"uv": [10.75, 13.75, 11, 14], "texture": "#0"},
				"up": {"uv": [14, 11, 13.75, 10.75], "texture": "#0"},
				"down": {"uv": [11.25, 13.75, 11, 14], "texture": "#0"}
			}
		},
		{
			"from": [7.7857, 5.36088, 12.8339],
			"to": [8.21976, 5.93732, 13.0354],
			"rotation": {"angle": 0, "axis": "x", "origin": [8.00273, 5.73557, 13.04824]},
			"faces": {
				"north": {"uv": [13.75, 11, 14, 11.25], "texture": "#0"},
				"east": {"uv": [11.25, 13.75, 11.5, 14], "texture": "#0"},
				"south": {"uv": [13.75, 11.25, 14, 11.5], "texture": "#0"},
				"west": {"uv": [11.5, 13.75, 11.75, 14], "texture": "#0"},
				"up": {"uv": [14, 11.75, 13.75, 11.5], "texture": "#0"},
				"down": {"uv": [12, 13.75, 11.75, 14], "texture": "#0"}
			}
		},
		{
			"from": [7.04323, 10.11139, -1.43296],
			"to": [8.96246, 11.40749, 10.28179],
			"rotation": {"angle": 0, "axis": "z", "origin": [8.04023, 9.11439, 3.55204]},
			"faces": {
				"north": {"uv": [12.5, 1.75, 13, 2], "texture": "#0"},
				"east": {"uv": [7, 0.5, 10, 0.75], "texture": "#0"},
				"south": {"uv": [2, 12.5, 2.5, 12.75], "texture": "#0"},
				"west": {"uv": [7, 0.75, 10, 1], "texture": "#0"},
				"up": {"uv": [0.5, 3, 0, 0], "texture": "#0"},
				"down": {"uv": [1, 0, 0.5, 3], "texture": "#0"}
			}
		},
		{
			"from": [7.04215, 10.86845, -1.09391],
			"to": [8.96331, 11.66765, 10.29469],
			"rotation": {"angle": 0, "axis": "x", "origin": [8.00273, 11.36795, -0.59441]},
			"faces": {
				"north": {"uv": [13.25, 10.25, 13.75, 10.5], "texture": "#0"},
				"east": {"uv": [8.75, 4, 11.5, 4.25], "texture": "#0"},
				"south": {"uv": [13.25, 10.5, 13.75, 10.75], "texture": "#0"},
				"west": {"uv": [2.75, 9, 5.5, 9.25], "texture": "#0"},
				"up": {"uv": [1.5, 2.75, 1, 0], "texture": "#0"},
				"down": {"uv": [2, 0, 1.5, 2.75], "texture": "#0"}
			}
		},
		{
			"from": [7.04119, 11.66795, 9.10559],
			"to": [8.96427, 11.86795, 9.50559],
			"rotation": {"angle": 0, "axis": "x", "origin": [8.00273, 11.36795, -0.59441]},
			"faces": {
				"north": {"uv": [3.75, 13, 4.25, 13.25], "texture": "#0"},
				"east": {"uv": [0.75, 14, 1, 14.25], "texture": "#0"},
				"south": {"uv": [13, 3.75, 13.5, 4], "texture": "#0"},
				"west": {"uv": [14, 0.75, 14.25, 1], "texture": "#0"},
				"up": {"uv": [13.5, 4.25, 13, 4], "texture": "#0"},
				"down": {"uv": [4.75, 13, 4.25, 13.25], "texture": "#0"}
			}
		},
		{
			"from": [7.04119, 11.66795, 7.10559],
			"to": [8.96427, 11.86795, 7.50559],
			"rotation": {"angle": 0, "axis": "x", "origin": [8.00273, 11.36795, -0.59441]},
			"faces": {
				"north": {"uv": [13, 5, 13.5, 5.25], "texture": "#0"},
				"east": {"uv": [1.25, 14, 1.5, 14.25], "texture": "#0"},
				"south": {"uv": [5.25, 13, 5.75, 13.25], "texture": "#0"},
				"west": {"uv": [14, 1.25, 14.25, 1.5], "texture": "#0"},
				"up": {"uv": [13.5, 6.25, 13, 6], "texture": "#0"},
				"down": {"uv": [13.5, 6.25, 13, 6.5], "texture": "#0"}
			}
		},
		{
			"from": [7.04119, 11.66795, 8.10559],
			"to": [8.96427, 11.86795, 8.50559],
			"rotation": {"angle": 0, "axis": "x", "origin": [8.00273, 11.36795, -0.59441]},
			"faces": {
				"north": {"uv": [13, 4.25, 13.5, 4.5], "texture": "#0"},
				"east": {"uv": [1, 14, 1.25, 14.25], "texture": "#0"},
				"south": {"uv": [13, 4.5, 13.5, 4.75], "texture": "#0"},
				"west": {"uv": [14, 1, 14.25, 1.25], "texture": "#0"},
				"up": {"uv": [5.25, 13.25, 4.75, 13], "texture": "#0"},
				"down": {"uv": [13.5, 4.75, 13, 5], "texture": "#0"}
			}
		},
		{
			"from": [7.04119, 11.66795, 5.10559],
			"to": [8.96427, 11.86795, 5.50559],
			"rotation": {"angle": 0, "axis": "x", "origin": [8.00273, 11.36795, -0.59441]},
			"faces": {
				"north": {"uv": [13, 1.25, 13.5, 1.5], "texture": "#0"},
				"east": {"uv": [0, 14, 0.25, 14.25], "texture": "#0"},
				"south": {"uv": [1.5, 13, 2, 13.25], "texture": "#0"},
				"west": {"uv": [14, 0, 14.25, 0.25], "texture": "#0"},
				"up": {"uv": [13.5, 2, 13, 1.75], "texture": "#0"},
				"down": {"uv": [2.5, 13, 2, 13.25], "texture": "#0"}
			}
		},
		{
			"from": [7.04119, 11.66795, 6.10559],
			"to": [8.96427, 11.86795, 6.50559],
			"rotation": {"angle": 0, "axis": "x", "origin": [8.00273, 11.36795, -0.59441]},
			"faces": {
				"north": {"uv": [13, 0.25, 13.5, 0.5], "texture": "#0"},
				"east": {"uv": [13.75, 13.5, 14, 13.75], "texture": "#0"},
				"south": {"uv": [13, 0.75, 13.5, 1], "texture": "#0"},
				"west": {"uv": [13.75, 13.75, 14, 14], "texture": "#0"},
				"up": {"uv": [1.5, 13.25, 1, 13], "texture": "#0"},
				"down": {"uv": [13.5, 1, 13, 1.25], "texture": "#0"}
			}
		},
		{
			"from": [7.04119, 11.66795, 4.10559],
			"to": [8.96427, 11.86795, 4.50559],
			"rotation": {"angle": 0, "axis": "x", "origin": [8.00273, 11.36795, -0.59441]},
			"faces": {
				"north": {"uv": [12.75, 11.25, 13.25, 11.5], "texture": "#0"},
				"east": {"uv": [13.75, 13, 14, 13.25], "texture": "#0"},
				"south": {"uv": [12.75, 11.5, 13.25, 11.75], "texture": "#0"},
				"west": {"uv": [13.25, 13.75, 13.5, 14], "texture": "#0"},
				"up": {"uv": [13.25, 12, 12.75, 11.75], "texture": "#0"},
				"down": {"uv": [13.25, 12, 12.75, 12.25], "texture": "#0"}
			}
		},
		{
			"from": [7.04119, 11.66795, 3.10559],
			"to": [8.96427, 11.86795, 3.50559],
			"rotation": {"angle": 0, "axis": "x", "origin": [8.00273, 11.36795, -0.59441]},
			"faces": {
				"north": {"uv": [12.75, 12.25, 13.25, 12.5], "texture": "#0"},
				"east": {"uv": [13.75, 13.25, 14, 13.5], "texture": "#0"},
				"south": {"uv": [12.5, 12.75, 13, 13], "texture": "#0"},
				"west": {"uv": [13.5, 13.75, 13.75, 14], "texture": "#0"},
				"up": {"uv": [13.25, 12.75, 12.75, 12.5], "texture": "#0"},
				"down": {"uv": [13.5, 0, 13, 0.25], "texture": "#0"}
			}
		},
		{
			"from": [7.04119, 11.66795, 2.10559],
			"to": [8.96427, 11.86795, 2.50559],
			"rotation": {"angle": 0, "axis": "x", "origin": [8.00273, 11.36795, -0.59441]},
			"faces": {
				"north": {"uv": [12.75, 9.5, 13.25, 9.75], "texture": "#0"},
				"east": {"uv": [13.75, 12.5, 14, 12.75], "texture": "#0"},
				"south": {"uv": [10, 12.75, 10.5, 13], "texture": "#0"},
				"west": {"uv": [12.75, 13.75, 13, 14], "texture": "#0"},
				"up": {"uv": [13.25, 10.25, 12.75, 10], "texture": "#0"},
				"down": {"uv": [13.25, 10.25, 12.75, 10.5], "texture": "#0"}
			}
		},
		{
			"from": [7.04119, 11.66795, 1.10559],
			"to": [8.96427, 11.86795, 1.50559],
			"rotation": {"angle": 0, "axis": "x", "origin": [8.00273, 11.36795, -0.59441]},
			"faces": {
				"north": {"uv": [10.5, 12.75, 11, 13], "texture": "#0"},
				"east": {"uv": [13.75, 12.75, 14, 13], "texture": "#0"},
				"south": {"uv": [12.75, 10.5, 13.25, 10.75], "texture": "#0"},
				"west": {"uv": [13, 13.75, 13.25, 14], "texture": "#0"},
				"up": {"uv": [13.25, 11, 12.75, 10.75], "texture": "#0"},
				"down": {"uv": [13.25, 11, 12.75, 11.25], "texture": "#0"}
			}
		},
		{
			"from": [7.04119, 11.66795, 0.10559],
			"to": [8.96427, 11.86795, 0.50559],
			"rotation": {"angle": 0, "axis": "x", "origin": [8.00273, 11.36795, -0.59441]},
			"faces": {
				"north": {"uv": [8.75, 12.75, 9.25, 13], "texture": "#0"},
				"east": {"uv": [13.75, 12.25, 14, 12.5], "texture": "#0"},
				"south": {"uv": [12.75, 8.75, 13.25, 9], "texture": "#0"},
				"west": {"uv": [12.5, 13.75, 12.75, 14], "texture": "#0"},
				"up": {"uv": [13.25, 9.25, 12.75, 9], "texture": "#0"},
				"down": {"uv": [13.25, 9.25, 12.75, 9.5], "texture": "#0"}
			}
		},
		{
			"from": [7.04119, 11.66795, -0.89441],
			"to": [8.96427, 11.86795, -0.49441],
			"rotation": {"angle": 0, "axis": "x", "origin": [8.00273, 11.36795, -0.59441]},
			"faces": {
				"north": {"uv": [12.75, 5.75, 13.25, 6], "texture": "#0"},
				"east": {"uv": [13.75, 12, 14, 12.25], "texture": "#0"},
				"south": {"uv": [7.75, 12.75, 8.25, 13], "texture": "#0"},
				"west": {"uv": [12.25, 13.75, 12.5, 14], "texture": "#0"},
				"up": {"uv": [13.25, 8.5, 12.75, 8.25], "texture": "#0"},
				"down": {"uv": [13.25, 8.5, 12.75, 8.75], "texture": "#0"}
			}
		},
		{
			"from": [7.04023, 11.01439, -1.24085],
			"to": [8.96523, 11.51439, -0.24085],
			"rotation": {"angle": 45, "axis": "x", "origin": [8.00273, 11.51439, -0.74085]},
			"faces": {
				"north": {"uv": [8, 4.75, 8.5, 5], "texture": "#0"},
				"east": {"uv": [1.75, 2.75, 2, 3], "texture": "#0"},
				"south": {"uv": [5, 8.75, 5.5, 9], "texture": "#0"},
				"west": {"uv": [7.75, 4.25, 8, 4.5], "texture": "#0"},
				"up": {"uv": [9.5, 5.5, 9, 5.25], "texture": "#0"},
				"down": {"uv": [10, 5.75, 9.5, 6], "texture": "#0"}
			}
		},
		{
			"from": [7.04119, 11.26414, -1.44746],
			"to": [8.96427, 11.51389, -0.44846],
			"rotation": {"angle": 0, "axis": "x", "origin": [8.00273, 11.01439, -0.94796]},
			"faces": {
				"north": {"uv": [9.5, 12.25, 10, 12.5], "texture": "#0"},
				"east": {"uv": [8.5, 10.25, 8.75, 10.5], "texture": "#0"},
				"south": {"uv": [12.25, 10, 12.75, 10.25], "texture": "#0"},
				"west": {"uv": [10.75, 10.25, 11, 10.5], "texture": "#0"},
				"up": {"uv": [12.75, 10.5, 12.25, 10.25], "texture": "#0"},
				"down": {"uv": [12.75, 10.5, 12.25, 10.75], "texture": "#0"}
			}
		},
		{
			"from": [7.04119, 4.94818, 2.54854],
			"to": [8.96427, 6.19693, 7.04404],
			"rotation": {"angle": 0, "axis": "x", "origin": [8.00273, 11.09203, -0.94796]},
			"faces": {
				"north": {"uv": [12.25, 10.75, 12.75, 11], "texture": "#0"},
				"east": {"uv": [7.75, 2.75, 8.75, 3], "texture": "#0"},
				"south": {"uv": [11.5, 12.25, 12, 12.5], "texture": "#0"},
				"west": {"uv": [11.25, 3.75, 12.25, 4], "texture": "#0"},
				"up": {"uv": [4.25, 10.25, 3.75, 9.25], "texture": "#0"},
				"down": {"uv": [4.75, 9.25, 4.25, 10.25], "texture": "#0"}
			}
		},
		{
			"from": [7.04023, 4.64203, 6.35204],
			"to": [8.96523, 6.19203, 10.05204],
			"rotation": {"angle": 0, "axis": "x", "origin": [8.00273, 11.09203, -0.94796]},
			"faces": {
				"north": {"uv": [7.25, 11.25, 7.75, 11.75], "texture": "#0"},
				"east": {"uv": [9.25, 1.5, 10.25, 2], "texture": "#0"},
				"south": {"uv": [7.75, 11.25, 8.25, 11.75], "texture": "#0"},
				"west": {"uv": [6.75, 9.25, 7.75, 9.75], "texture": "#0"},
				"up": {"uv": [5.25, 10.25, 4.75, 9.25], "texture": "#0"},
				"down": {"uv": [9.75, 7, 9.25, 8], "texture": "#0"}
			}
		},
		{
			"from": [7.04119, 5.38664, -1.43852],
			"to": [8.96426, 6.38564, 2.56048],
			"rotation": {"angle": 0, "axis": "z", "origin": [8.04019, 4.38764, 3.55648]},
			"faces": {
				"north": {"uv": [12.5, 2, 13, 2.25], "texture": "#0"},
				"east": {"uv": [10, 13.5, 10.25, 13.75], "texture": "#0"},
				"south": {"uv": [12.5, 2.25, 13, 2.5], "texture": "#0"},
				"west": {"uv": [10.25, 13.5, 10.5, 13.75], "texture": "#0"},
				"up": {"uv": [13, 2.75, 12.5, 2.5], "texture": "#0"},
				"down": {"uv": [13, 2.75, 12.5, 3], "texture": "#0"}
			}
		}
	],
	"display": {
		"thirdperson_righthand": {
			"translation": [0, 3.5, -5],
			"scale": [0.82, 0.82, 0.82]
		},
		"thirdperson_lefthand": {
			"translation": [0, 3.5, -5],
			"scale": [0.82, 0.82, 0.82]
		},
		"firstperson_righthand": {
			"translation": [-1, 4.75, -2.25],
			"scale": [0.77, 0.77, 0.77]
		},
		"firstperson_lefthand": {
			"translation": [-1, 4.75, -2.25],
			"scale": [0.77, 0.77, 0.77]
		},
		"ground": {
			"rotation": [0, 0, 90],
			"translation": [0, -0.25, 0],
			"scale": [0.46, 0.46, 0.46]
		},
		"gui": {
			"rotation": [90, -45, 90],
			"translation": [0, 1.5, 0],
			"scale": [0.62, 0.62, 0.62]
		}
	},
	"groups": [
		{
			"name": "group",
			"origin": [8, -1.41786, 15.92709],
			"color": 0,
			"children": [0, 1, 2, 3, 4, 5, 6, 7, 8]
		},
		{
			"name": "group",
			"origin": [7.96558, 4.87741, 8.26421],
			"color": 0,
			"children": [
				9,
				10,
				11,
				12,
				13,
				14,
				15,
				16,
				17,
				18,
				19,
				20,
				21,
				22,
				23,
				24,
				25,
				26,
				27,
				28,
				29,
				30,
				{
					"name": "group",
					"origin": [7.9683, 5.12514, 5.31625],
					"color": 0,
					"children": [31, 32, 33, 34, 35, 36, 37, 38, 39, 40, 41, 42, 43, 44, 45, 46, 47, 48, 49, 50, 51]
				}
			]
		},
		52,
		53,
		{
			"name": "hexadecagon",
			"origin": [8, 8, 8],
			"color": 0,
			"children": [54, 55, 56, 57, 58, 59, 60]
		},
		{
			"name": "hexadecagon",
			"origin": [8, 8, 8],
			"color": 0,
			"children": [61, 62, 63, 64, 65, 66, 67, 68, 69]
		},
		{
			"name": "group",
			"origin": [7.96558, 4.87741, 8.26421],
			"color": 0,
			"children": [70, 71, 72, 73, 74, 75, 76, 77, 78, 79, 80, 81, 82, 83, 84, 85, 86, 87, 88, 89, 90, 91]
		},
		{
			"name": "group",
			"origin": [8.04019, 4.38764, 3.55648],
			"color": 0,
			"children": [
				92,
				93,
				94,
				95,
				96,
				97,
				98,
				99,
				100,
				101,
				102,
				103,
				104,
				105,
				106,
				107,
				{
					"name": "group",
					"origin": [8.00273, 14.01439, -0.94796],
					"color": 0,
					"children": [108, 109, 110, 111, 112, 113, 114, 115, 116, 117, 118, 119, 120, 121, 122]
				},
				123,
				124,
				125
			]
		}
	]
}