{
	"credit": "Made with Blockbench",
	"texture_size": [96, 96],
	"textures": {
		"0": "item/mob/stick/20068/tultaria",
		"1": "item/mob/stick/20069/sword",
		"particle": "item/mob/stick/20069/sword"
	},
	"elements": [
		{
			"from": [6.5, 7, 6.5],
			"to": [9.5, 14, 9.5],
			"rotation": {"angle": 0, "axis": "z", "origin": [7.5, 13, 8]},
			"faces": {
				"north": {"uv": [0.5, 12.66667, 1, 13.83333], "texture": "#0"},
				"east": {"uv": [0, 12.66667, 0.5, 13.83333], "texture": "#0"},
				"south": {"uv": [1.5, 12.66667, 2, 13.83333], "texture": "#0"},
				"west": {"uv": [1, 12.66667, 1.5, 13.83333], "texture": "#0"},
				"up": {"uv": [1, 12.66667, 0.5, 12.16667], "texture": "#0"},
				"down": {"uv": [1.5, 12.16667, 1, 12.66667], "texture": "#0"}
			}
		},
		{
			"from": [6, 2, 6],
			"to": [10, 7, 10],
			"rotation": {"angle": 0, "axis": "z", "origin": [7.5, 13, 8]},
			"faces": {
				"north": {"uv": [11.66667, 10.83333, 12.33333, 11.66667], "texture": "#0"},
				"east": {"uv": [11, 10.83333, 11.66667, 11.66667], "texture": "#0"},
				"south": {"uv": [13, 10.83333, 13.66667, 11.66667], "texture": "#0"},
				"west": {"uv": [12.33333, 10.83333, 13, 11.66667], "texture": "#0"},
				"up": {"uv": [12.33333, 10.83333, 11.66667, 10.16667], "texture": "#0"},
				"down": {"uv": [13, 10.16667, 12.33333, 10.83333], "texture": "#0"}
			}
		},
		{
			"from": [6.5, 0, 6.5],
			"to": [9.5, 7, 9.5],
			"rotation": {"angle": 0, "axis": "z", "origin": [7.5, 13, 8]},
			"faces": {
				"north": {"uv": [12.5, 4.33333, 13, 5.5], "texture": "#0"},
				"east": {"uv": [12, 4.33333, 12.5, 5.5], "texture": "#0"},
				"south": {"uv": [13.5, 4.33333, 14, 5.5], "texture": "#0"},
				"west": {"uv": [13, 4.33333, 13.5, 5.5], "texture": "#0"},
				"up": {"uv": [13, 4.33333, 12.5, 3.83333], "texture": "#0"},
				"down": {"uv": [13.5, 3.83333, 13, 4.33333], "texture": "#0"}
			}
		},
		{
			"name": "sword_0",
			"from": [7.625, -12.25, -11.625],
			"to": [8.375, -10, -8.625],
			"rotation": {"angle": 22.5, "axis": "x", "origin": [10.25, -3.625, 3.375]},
			"faces": {
				"north": {"uv": [12, 4.5, 12.5, 6], "rotation": 180, "texture": "#1"},
				"east": {"uv": [10.5, 6, 12.5, 4.5], "texture": "#1"},
				"south": {"uv": [10.5, 4.5, 11, 6], "rotation": 180, "texture": "#1"},
				"west": {"uv": [10.5, 4.5, 12.5, 6], "rotation": 180, "texture": "#1"},
				"up": {"uv": [10.5, 5.5, 12.5, 6], "rotation": 270, "texture": "#1"},
				"down": {"uv": [12.5, 4.5, 10.5, 5], "rotation": 270, "texture": "#1"}
			}
		},
		{
			"name": "sword_1",
			"from": [7.625, -12.25, -12.375],
			"to": [8.375, -10.75, -11.625],
			"rotation": {"angle": 22.5, "axis": "x", "origin": [10.25, -3.625, 3.375]},
			"faces": {
				"north": {"uv": [12.5, 4.5, 13, 5.5], "rotation": 180, "texture": "#1"},
				"east": {"uv": [12.5, 5.5, 13, 4.5], "texture": "#1"},
				"south": {"uv": [12.5, 4.5, 13, 5.5], "rotation": 180, "texture": "#1"},
				"west": {"uv": [12.5, 4.5, 13, 5.5], "rotation": 180, "texture": "#1"},
				"up": {"uv": [12.5, 5, 13, 5.5], "rotation": 270, "texture": "#1"},
				"down": {"uv": [13, 4.5, 12.5, 5], "rotation": 270, "texture": "#1"}
			}
		},
		{
			"name": "sword_2",
			"from": [7.625, -11.5, -8.625],
			"to": [8.375, -7.75, -7.125],
			"rotation": {"angle": 22.5, "axis": "x", "origin": [10.25, -3.625, 3.375]},
			"faces": {
				"north": {"uv": [10, 5, 10.5, 7.5], "rotation": 180, "texture": "#1"},
				"east": {"uv": [9.5, 7.5, 10.5, 5], "texture": "#1"},
				"south": {"uv": [9.5, 5, 10, 7.5], "rotation": 180, "texture": "#1"},
				"west": {"uv": [9.5, 5, 10.5, 7.5], "rotation": 180, "texture": "#1"},
				"up": {"uv": [9.5, 7, 10.5, 7.5], "rotation": 270, "texture": "#1"},
				"down": {"uv": [10.5, 5, 9.5, 5.5], "rotation": 270, "texture": "#1"}
			}
		},
		{
			"name": "sword_3",
			"from": [7.625, -10.75, -7.125],
			"to": [8.375, -6.25, -5.625],
			"rotation": {"angle": 22.5, "axis": "x", "origin": [10.25, -3.625, 3.375]},
			"faces": {
				"north": {"uv": [9, 5.5, 9.5, 8.5], "rotation": 180, "texture": "#1"},
				"east": {"uv": [8.5, 8.5, 9.5, 5.5], "texture": "#1"},
				"south": {"uv": [8.5, 5.5, 9, 8.5], "rotation": 180, "texture": "#1"},
				"west": {"uv": [8.5, 5.5, 9.5, 8.5], "rotation": 180, "texture": "#1"},
				"up": {"uv": [8.5, 8, 9.5, 8.5], "rotation": 270, "texture": "#1"},
				"down": {"uv": [9.5, 5.5, 8.5, 6], "rotation": 270, "texture": "#1"}
			}
		},
		{
			"name": "sword_4",
			"from": [7.625, -10, -5.625],
			"to": [8.375, -5.5, -4.875],
			"rotation": {"angle": 22.5, "axis": "x", "origin": [10.25, -3.625, 3.375]},
			"faces": {
				"north": {"uv": [8, 6, 8.5, 9], "rotation": 180, "texture": "#1"},
				"east": {"uv": [8, 9, 8.5, 6], "texture": "#1"},
				"south": {"uv": [8, 6, 8.5, 9], "rotation": 180, "texture": "#1"},
				"west": {"uv": [8, 6, 8.5, 9], "rotation": 180, "texture": "#1"},
				"up": {"uv": [8, 8.5, 8.5, 9], "rotation": 270, "texture": "#1"},
				"down": {"uv": [8.5, 6, 8, 6.5], "rotation": 270, "texture": "#1"}
			}
		},
		{
			"name": "sword_5",
			"from": [7.625, -10, -10.125],
			"to": [8.375, -8.5, -8.625],
			"rotation": {"angle": 22.5, "axis": "x", "origin": [10.25, -3.625, 3.375]},
			"faces": {
				"north": {"uv": [11, 6, 11.5, 7], "rotation": 180, "texture": "#1"},
				"east": {"uv": [10.5, 7, 11.5, 6], "texture": "#1"},
				"south": {"uv": [10.5, 6, 11, 7], "rotation": 180, "texture": "#1"},
				"west": {"uv": [10.5, 6, 11.5, 7], "rotation": 180, "texture": "#1"},
				"up": {"uv": [10.5, 6.5, 11.5, 7], "rotation": 270, "texture": "#1"},
				"down": {"uv": [11.5, 6, 10.5, 6.5], "rotation": 270, "texture": "#1"}
			}
		},
		{
			"name": "sword_6",
			"from": [7.625, -10, -10.875],
			"to": [8.375, -9.25, -10.125],
			"rotation": {"angle": 22.5, "axis": "x", "origin": [10.25, -3.625, 3.375]},
			"faces": {
				"north": {"uv": [11.5, 6, 12, 6.5], "rotation": 180, "texture": "#1"},
				"east": {"uv": [11.5, 6.5, 12, 6], "texture": "#1"},
				"south": {"uv": [11.5, 6, 12, 6.5], "rotation": 180, "texture": "#1"},
				"west": {"uv": [11.5, 6, 12, 6.5], "rotation": 180, "texture": "#1"},
				"up": {"uv": [11.5, 6, 12, 6.5], "rotation": 270, "texture": "#1"},
				"down": {"uv": [12, 6, 11.5, 6.5], "rotation": 270, "texture": "#1"}
			}
		},
		{
			"name": "sword_7",
			"from": [7.625, -9.25, -4.875],
			"to": [8.375, -4.75, -4.125],
			"rotation": {"angle": 22.5, "axis": "x", "origin": [10.25, -3.625, 3.375]},
			"faces": {
				"north": {"uv": [7.5, 6.5, 8, 9.5], "rotation": 180, "texture": "#1"},
				"east": {"uv": [7.5, 9.5, 8, 6.5], "texture": "#1"},
				"south": {"uv": [7.5, 6.5, 8, 9.5], "rotation": 180, "texture": "#1"},
				"west": {"uv": [7.5, 6.5, 8, 9.5], "rotation": 180, "texture": "#1"},
				"up": {"uv": [7.5, 9, 8, 9.5], "rotation": 270, "texture": "#1"},
				"down": {"uv": [8, 6.5, 7.5, 7], "rotation": 270, "texture": "#1"}
			}
		},
		{
			"name": "sword_8",
			"from": [7.625, -8.5, -4.125],
			"to": [8.375, -4, -3.375],
			"rotation": {"angle": 22.5, "axis": "x", "origin": [10.25, -3.625, 3.375]},
			"faces": {
				"north": {"uv": [7, 7, 7.5, 10], "rotation": 180, "texture": "#1"},
				"east": {"uv": [7, 10, 7.5, 7], "texture": "#1"},
				"south": {"uv": [7, 7, 7.5, 10], "rotation": 180, "texture": "#1"},
				"west": {"uv": [7, 7, 7.5, 10], "rotation": 180, "texture": "#1"},
				"up": {"uv": [7, 9.5, 7.5, 10], "rotation": 270, "texture": "#1"},
				"down": {"uv": [7.5, 7, 7, 7.5], "rotation": 270, "texture": "#1"}
			}
		},
		{
			"name": "sword_9",
			"from": [7.625, -7.75, -3.375],
			"to": [8.375, -6.25, -2.625],
			"rotation": {"angle": 22.5, "axis": "x", "origin": [10.25, -3.625, 3.375]},
			"faces": {
				"north": {"uv": [6.5, 7.5, 7, 8.5], "rotation": 180, "texture": "#1"},
				"east": {"uv": [6.5, 8.5, 7, 7.5], "texture": "#1"},
				"south": {"uv": [6.5, 7.5, 7, 8.5], "rotation": 180, "texture": "#1"},
				"west": {"uv": [6.5, 7.5, 7, 8.5], "rotation": 180, "texture": "#1"},
				"up": {"uv": [6.5, 8, 7, 8.5], "rotation": 270, "texture": "#1"},
				"down": {"uv": [7, 7.5, 6.5, 8], "rotation": 270, "texture": "#1"}
			}
		},
		{
			"name": "sword_10",
			"from": [7.625, -7.75, -7.875],
			"to": [8.375, -7, -7.125],
			"rotation": {"angle": 22.5, "axis": "x", "origin": [10.25, -3.625, 3.375]},
			"faces": {
				"north": {"uv": [9.5, 7.5, 10, 8], "rotation": 180, "texture": "#1"},
				"east": {"uv": [9.5, 8, 10, 7.5], "texture": "#1"},
				"south": {"uv": [9.5, 7.5, 10, 8], "rotation": 180, "texture": "#1"},
				"west": {"uv": [9.5, 7.5, 10, 8], "rotation": 180, "texture": "#1"},
				"up": {"uv": [9.5, 7.5, 10, 8], "rotation": 270, "texture": "#1"},
				"down": {"uv": [10, 7.5, 9.5, 8], "rotation": 270, "texture": "#1"}
			}
		},
		{
			"name": "sword_11",
			"from": [7.625, -7, -2.625],
			"to": [8.375, -5.5, -1.875],
			"rotation": {"angle": 22.5, "axis": "x", "origin": [10.25, -3.625, 3.375]},
			"faces": {
				"north": {"uv": [6, 8, 6.5, 9], "rotation": 180, "texture": "#1"},
				"east": {"uv": [6, 9, 6.5, 8], "texture": "#1"},
				"south": {"uv": [6, 8, 6.5, 9], "rotation": 180, "texture": "#1"},
				"west": {"uv": [6, 8, 6.5, 9], "rotation": 180, "texture": "#1"},
				"up": {"uv": [6, 8.5, 6.5, 9], "rotation": 270, "texture": "#1"},
				"down": {"uv": [6.5, 8, 6, 8.5], "rotation": 270, "texture": "#1"}
			}
		},
		{
			"name": "sword_12",
			"from": [7.625, -6.25, -1.875],
			"to": [8.375, -4.75, -1.125],
			"rotation": {"angle": 22.5, "axis": "x", "origin": [10.25, -3.625, 3.375]},
			"faces": {
				"north": {"uv": [5.5, 8.5, 6, 9.5], "rotation": 180, "texture": "#1"},
				"east": {"uv": [5.5, 9.5, 6, 8.5], "texture": "#1"},
				"south": {"uv": [5.5, 8.5, 6, 9.5], "rotation": 180, "texture": "#1"},
				"west": {"uv": [5.5, 8.5, 6, 9.5], "rotation": 180, "texture": "#1"},
				"up": {"uv": [5.5, 9, 6, 9.5], "rotation": 270, "texture": "#1"},
				"down": {"uv": [6, 8.5, 5.5, 9], "rotation": 270, "texture": "#1"}
			}
		},
		{
			"name": "sword_13",
			"from": [7.625, -5.5, -1.125],
			"to": [8.375, -4, -0.375],
			"rotation": {"angle": 22.5, "axis": "x", "origin": [10.25, -3.625, 3.375]},
			"faces": {
				"north": {"uv": [5, 9, 5.5, 10], "rotation": 180, "texture": "#1"},
				"east": {"uv": [5, 10, 5.5, 9], "texture": "#1"},
				"south": {"uv": [5, 9, 5.5, 10], "rotation": 180, "texture": "#1"},
				"west": {"uv": [5, 9, 5.5, 10], "rotation": 180, "texture": "#1"},
				"up": {"uv": [5, 9.5, 5.5, 10], "rotation": 270, "texture": "#1"},
				"down": {"uv": [5.5, 9, 5, 9.5], "rotation": 270, "texture": "#1"}
			}
		},
		{
			"name": "sword_14",
			"from": [7.625, -5.5, -3.375],
			"to": [8.375, -2.5, -2.625],
			"rotation": {"angle": 22.5, "axis": "x", "origin": [10.25, -3.625, 3.375]},
			"faces": {
				"north": {"uv": [6.5, 9, 7, 11], "rotation": 180, "texture": "#1"},
				"east": {"uv": [6.5, 11, 7, 9], "texture": "#1"},
				"south": {"uv": [6.5, 9, 7, 11], "rotation": 180, "texture": "#1"},
				"west": {"uv": [6.5, 9, 7, 11], "rotation": 180, "texture": "#1"},
				"up": {"uv": [6.5, 10.5, 7, 11], "rotation": 270, "texture": "#1"},
				"down": {"uv": [7, 9, 6.5, 9.5], "rotation": 270, "texture": "#1"}
			}
		},
		{
			"name": "sword_15",
			"from": [7.625, -4.75, -0.375],
			"to": [8.375, 2.75, 0.375],
			"rotation": {"angle": 22.5, "axis": "x", "origin": [10.25, -3.625, 3.375]},
			"faces": {
				"north": {"uv": [4.5, 9.5, 5, 14.5], "rotation": 180, "texture": "#1"},
				"east": {"uv": [4.5, 14.5, 5, 9.5], "texture": "#1"},
				"south": {"uv": [4.5, 9.5, 5, 14.5], "rotation": 180, "texture": "#1"},
				"west": {"uv": [4.5, 9.5, 5, 14.5], "rotation": 180, "texture": "#1"},
				"up": {"uv": [4.5, 14, 5, 14.5], "rotation": 270, "texture": "#1"},
				"down": {"uv": [5, 9.5, 4.5, 10], "rotation": 270, "texture": "#1"}
			}
		},
		{
			"name": "sword_16",
			"from": [7.625, -4.75, -2.625],
			"to": [8.375, -1.75, -1.875],
			"rotation": {"angle": 22.5, "axis": "x", "origin": [10.25, -3.625, 3.375]},
			"faces": {
				"north": {"uv": [6, 9.5, 6.5, 11.5], "rotation": 180, "texture": "#1"},
				"east": {"uv": [6, 11.5, 6.5, 9.5], "texture": "#1"},
				"south": {"uv": [6, 9.5, 6.5, 11.5], "rotation": 180, "texture": "#1"},
				"west": {"uv": [6, 9.5, 6.5, 11.5], "rotation": 180, "texture": "#1"},
				"up": {"uv": [6, 11, 6.5, 11.5], "rotation": 270, "texture": "#1"},
				"down": {"uv": [6.5, 9.5, 6, 10], "rotation": 270, "texture": "#1"}
			}
		},
		{
			"name": "sword_17",
			"from": [7.625, -4, 0.375],
			"to": [8.375, 3.5, 1.125],
			"rotation": {"angle": 22.5, "axis": "x", "origin": [10.25, -3.625, 3.375]},
			"faces": {
				"north": {"uv": [4, 10, 4.5, 15], "rotation": 180, "texture": "#1"},
				"east": {"uv": [4, 15, 4.5, 10], "texture": "#1"},
				"south": {"uv": [4, 10, 4.5, 15], "rotation": 180, "texture": "#1"},
				"west": {"uv": [4, 10, 4.5, 15], "rotation": 180, "texture": "#1"},
				"up": {"uv": [4, 14.5, 4.5, 15], "rotation": 270, "texture": "#1"},
				"down": {"uv": [4.5, 10, 4, 10.5], "rotation": 270, "texture": "#1"}
			}
		},
		{
			"name": "sword_18",
			"from": [7.625, -4, -1.875],
			"to": [8.375, -1, -1.125],
			"rotation": {"angle": 22.5, "axis": "x", "origin": [10.25, -3.625, 3.375]},
			"faces": {
				"north": {"uv": [5.5, 10, 6, 12], "rotation": 180, "texture": "#1"},
				"east": {"uv": [5.5, 12, 6, 10], "texture": "#1"},
				"south": {"uv": [5.5, 10, 6, 12], "rotation": 180, "texture": "#1"},
				"west": {"uv": [5.5, 10, 6, 12], "rotation": 180, "texture": "#1"},
				"up": {"uv": [5.5, 11.5, 6, 12], "rotation": 270, "texture": "#1"},
				"down": {"uv": [6, 10, 5.5, 10.5], "rotation": 270, "texture": "#1"}
			}
		},
		{
			"name": "sword_19",
			"from": [7.625, -3.25, 1.125],
			"to": [8.375, 2.75, 2.625],
			"rotation": {"angle": 22.5, "axis": "x", "origin": [10.25, -3.625, 3.375]},
			"faces": {
				"north": {"uv": [3.5, 10.5, 4, 14.5], "rotation": 180, "texture": "#1"},
				"east": {"uv": [3, 14.5, 4, 10.5], "texture": "#1"},
				"south": {"uv": [3, 10.5, 3.5, 14.5], "rotation": 180, "texture": "#1"},
				"west": {"uv": [3, 10.5, 4, 14.5], "rotation": 180, "texture": "#1"},
				"up": {"uv": [3, 14, 4, 14.5], "rotation": 270, "texture": "#1"},
				"down": {"uv": [4, 10.5, 3, 11], "rotation": 270, "texture": "#1"}
			}
		},
		{
			"name": "sword_20",
			"from": [7.625, -3.25, -1.125],
			"to": [8.375, 0.5, -0.375],
			"rotation": {"angle": 22.5, "axis": "x", "origin": [10.25, -3.625, 3.375]},
			"faces": {
				"north": {"uv": [5, 10.5, 5.5, 13], "rotation": 180, "texture": "#1"},
				"east": {"uv": [5, 13, 5.5, 10.5], "texture": "#1"},
				"south": {"uv": [5, 10.5, 5.5, 13], "rotation": 180, "texture": "#1"},
				"west": {"uv": [5, 10.5, 5.5, 13], "rotation": 180, "texture": "#1"},
				"up": {"uv": [5, 12.5, 5.5, 13], "rotation": 270, "texture": "#1"},
				"down": {"uv": [5.5, 10.5, 5, 11], "rotation": 270, "texture": "#1"}
			}
		},
		{
			"name": "sword_21",
			"from": [7.625, -2.5, 2.625],
			"to": [8.375, 2.75, 4.875],
			"rotation": {"angle": 22.5, "axis": "x", "origin": [10.25, -3.625, 3.375]},
			"faces": {
				"north": {"uv": [2.5, 11, 3, 14.5], "rotation": 180, "texture": "#1"},
				"east": {"uv": [1.5, 14.5, 3, 11], "texture": "#1"},
				"south": {"uv": [1.5, 11, 2, 14.5], "rotation": 180, "texture": "#1"},
				"west": {"uv": [1.5, 11, 3, 14.5], "rotation": 180, "texture": "#1"},
				"up": {"uv": [1.5, 14, 3, 14.5], "rotation": 270, "texture": "#1"},
				"down": {"uv": [3, 11, 1.5, 11.5], "rotation": 270, "texture": "#1"}
			}
		},
		{
			"name": "sword_22",
			"from": [7.625, -1.75, 4.875],
			"to": [8.375, -1, 5.625],
			"rotation": {"angle": 22.5, "axis": "x", "origin": [10.25, -3.625, 3.375]},
			"faces": {
				"north": {"uv": [1, 11.5, 1.5, 12], "rotation": 180, "texture": "#1"},
				"east": {"uv": [1, 12, 1.5, 11.5], "texture": "#1"},
				"south": {"uv": [1, 11.5, 1.5, 12], "rotation": 180, "texture": "#1"},
				"west": {"uv": [1, 11.5, 1.5, 12], "rotation": 180, "texture": "#1"},
				"up": {"uv": [1, 11.5, 1.5, 12], "rotation": 270, "texture": "#1"},
				"down": {"uv": [1.5, 11.5, 1, 12], "rotation": 270, "texture": "#1"}
			}
		},
		{
			"name": "sword_23",
			"from": [7.625, -0.25, 4.875],
			"to": [8.375, 0.5, 5.625],
			"rotation": {"angle": 22.5, "axis": "x", "origin": [10.25, -3.625, 3.375]},
			"faces": {
				"north": {"uv": [1, 12.5, 1.5, 13], "rotation": 180, "texture": "#1"},
				"east": {"uv": [1, 13, 1.5, 12.5], "texture": "#1"},
				"south": {"uv": [1, 12.5, 1.5, 13], "rotation": 180, "texture": "#1"},
				"west": {"uv": [1, 12.5, 1.5, 13], "rotation": 180, "texture": "#1"},
				"up": {"uv": [1, 12.5, 1.5, 13], "rotation": 270, "texture": "#1"},
				"down": {"uv": [1.5, 12.5, 1, 13], "rotation": 270, "texture": "#1"}
			}
		},
		{
			"name": "sword_24",
			"from": [7.625, 2, 4.875],
			"to": [8.375, 4.25, 5.625],
			"rotation": {"angle": 22.5, "axis": "x", "origin": [10.25, -3.625, 3.375]},
			"faces": {
				"north": {"uv": [1, 14, 1.5, 15.5], "rotation": 180, "texture": "#1"},
				"east": {"uv": [1, 15.5, 1.5, 14], "texture": "#1"},
				"south": {"uv": [1, 14, 1.5, 15.5], "rotation": 180, "texture": "#1"},
				"west": {"uv": [1, 14, 1.5, 15.5], "rotation": 180, "texture": "#1"},
				"up": {"uv": [1, 15, 1.5, 15.5], "rotation": 270, "texture": "#1"},
				"down": {"uv": [1.5, 14, 1, 14.5], "rotation": 270, "texture": "#1"}
			}
		},
		{
			"name": "sword_25",
			"from": [7.625, 2.75, 5.625],
			"to": [8.375, 5, 6.375],
			"rotation": {"angle": 22.5, "axis": "x", "origin": [10.25, -3.625, 3.375]},
			"faces": {
				"north": {"uv": [0.5, 14.5, 1, 16], "rotation": 180, "texture": "#1"},
				"east": {"uv": [0.5, 16, 1, 14.5], "texture": "#1"},
				"south": {"uv": [0.5, 14.5, 1, 16], "rotation": 180, "texture": "#1"},
				"west": {"uv": [0.5, 14.5, 1, 16], "rotation": 180, "texture": "#1"},
				"up": {"uv": [0.5, 15.5, 1, 16], "rotation": 270, "texture": "#1"},
				"down": {"uv": [1, 14.5, 0.5, 15], "rotation": 270, "texture": "#1"}
			}
		},
		{
			"name": "sword_26",
			"from": [7.625, 2.75, 4.125],
			"to": [8.375, 3.5, 4.875],
			"rotation": {"angle": 22.5, "axis": "x", "origin": [10.25, -3.625, 3.375]},
			"faces": {
				"north": {"uv": [1.5, 14.5, 2, 15], "rotation": 180, "texture": "#1"},
				"east": {"uv": [1.5, 15, 2, 14.5], "texture": "#1"},
				"south": {"uv": [1.5, 14.5, 2, 15], "rotation": 180, "texture": "#1"},
				"west": {"uv": [1.5, 14.5, 2, 15], "rotation": 180, "texture": "#1"},
				"up": {"uv": [1.5, 14.5, 2, 15], "rotation": 270, "texture": "#1"},
				"down": {"uv": [2, 14.5, 1.5, 15], "rotation": 270, "texture": "#1"}
			}
		},
		{
			"name": "sword_27",
			"from": [7.625, 2.75, 1.875],
			"to": [8.375, 3.5, 2.625],
			"rotation": {"angle": 22.5, "axis": "x", "origin": [10.25, -3.625, 3.375]},
			"faces": {
				"north": {"uv": [3, 14.5, 3.5, 15], "rotation": 180, "texture": "#1"},
				"east": {"uv": [3, 15, 3.5, 14.5], "texture": "#1"},
				"south": {"uv": [3, 14.5, 3.5, 15], "rotation": 180, "texture": "#1"},
				"west": {"uv": [3, 14.5, 3.5, 15], "rotation": 180, "texture": "#1"},
				"up": {"uv": [3, 14.5, 3.5, 15], "rotation": 270, "texture": "#1"},
				"down": {"uv": [3.5, 14.5, 3, 15], "rotation": 270, "texture": "#1"}
			}
		},
		{
			"name": "sword_28",
			"from": [7.625, 3.5, 6.375],
			"to": [8.375, 5, 7.125],
			"rotation": {"angle": 22.5, "axis": "x", "origin": [10.25, -3.625, 3.375]},
			"faces": {
				"north": {"uv": [0, 15, 0.5, 16], "rotation": 180, "texture": "#1"},
				"east": {"uv": [0, 16, 0.5, 15], "texture": "#1"},
				"south": {"uv": [0, 15, 0.5, 16], "rotation": 180, "texture": "#1"},
				"west": {"uv": [0, 15, 0.5, 16], "rotation": 180, "texture": "#1"},
				"up": {"uv": [0, 15.5, 0.5, 16], "rotation": 270, "texture": "#1"},
				"down": {"uv": [0.5, 15, 0, 15.5], "rotation": 270, "texture": "#1"}
			}
		}
	],
	"display": {
		"thirdperson_righthand": {
			"rotation": [90, 0, 0],
			"translation": [-0.5, -2, 4.75],
			"scale": [1.2, 1.2, 1.2]
		},
		"thirdperson_lefthand": {
			"rotation": [90, 0, 0],
			"translation": [-0.5, -2, 4.75],
			"scale": [1.2, 1.2, 1.2]
		}
	},
	"groups": [
		{
			"name": "right_arm",
			"origin": [11.5, 22.5, 8],
			"color": 0,
			"children": [
				0,
				{
					"name": "right_hand",
					"origin": [11.5, 22.5, 8],
					"color": 0,
					"children": [1, 2]
				}
			]
		},
		{
			"name": "sword",
			"origin": [8, 8, 8],
			"color": 0,
			"children": [3, 4, 5, 6, 7, 8, 9, 10, 11, 12, 13, 14, 15, 16, 17, 18, 19, 20, 21, 22, 23, 24, 25, 26, 27, 28, 29, 30, 31]
		}
	]
}