{
	"credit": "Made with Blockbench",
	"texture_size": [96, 96],
	"textures": {
		"0": "item/mob/stick/20068/tultaria"
	},
	"elements": [
		{
			"name": "head",
			"from": [4, 19, 3.5],
			"to": [12, 27, 11.5],
			"rotation": {"angle": -22.5, "axis": "x", "origin": [8, 20, 8]},
			"faces": {
				"north": {"uv": [0, 14.66667, 1.33334, 16], "texture": "#0"},
				"east": {"uv": [0, 9, 1.33333, 10.33333], "texture": "#0"},
				"south": {"uv": [4, 9, 5.33333, 10.33333], "texture": "#0"},
				"west": {"uv": [2.66667, 9, 4, 10.33333], "texture": "#0"},
				"up": {"uv": [2.66667, 9, 1.33333, 7.66667], "texture": "#0"},
				"down": {"uv": [4, 7.66667, 2.66667, 9], "texture": "#0"}
			}
		},
		{
			"name": "layer",
			"from": [3.75, 16.75, 3.5],
			"to": [12.25, 27.25, 12],
			"rotation": {"angle": -22.5, "axis": "x", "origin": [8.25, 19.25, 8.25]},
			"faces": {
				"north": {"uv": [6, 7.33333, 7.33333, 9], "texture": "#0"},
				"east": {"uv": [4.66667, 7.33333, 6, 9], "texture": "#0"},
				"south": {"uv": [8.66667, 7.33333, 10, 9], "texture": "#0"},
				"west": {"uv": [7.33333, 7.33333, 8.66667, 9], "texture": "#0"},
				"up": {"uv": [7.33333, 7.33333, 6, 6], "texture": "#0"},
				"down": {"uv": [8.66667, 6, 7.33333, 7.33333], "texture": "#0"}
			}
		},
		{
			"name": "neck",
			"from": [6, 18, 6.5],
			"to": [10, 20, 9.5],
			"rotation": {"angle": 0, "axis": "y", "origin": [17, 0, 0]},
			"faces": {
				"north": {"uv": [2.5, 12.66667, 3.16667, 13], "texture": "#0"},
				"east": {"uv": [2, 12.66667, 2.5, 13], "texture": "#0"},
				"south": {"uv": [3.66667, 12.66667, 4.33333, 13], "texture": "#0"},
				"west": {"uv": [3.16667, 12.66667, 3.66667, 13], "texture": "#0"},
				"up": {"uv": [3.16667, 12.66667, 2.5, 12.16667], "texture": "#0"},
				"down": {"uv": [3.83333, 12.16667, 3.16667, 12.66667], "texture": "#0"}
			}
		},
		{
			"from": [4.499, 8, 6],
			"to": [11.501, 18, 10],
			"rotation": {"angle": 0, "axis": "y", "origin": [-0.5, -4, 0]},
			"faces": {
				"north": {"uv": [6, 9.66667, 7.16667, 11.33333], "texture": "#0"},
				"east": {"uv": [5.33333, 9.66667, 6, 11.33333], "texture": "#0"},
				"south": {"uv": [7.83333, 9.66667, 9, 11.33333], "texture": "#0"},
				"west": {"uv": [7.16667, 9.66667, 7.83333, 11.33333], "texture": "#0"},
				"up": {"uv": [7.16667, 9.66667, 6, 9], "texture": "#0"},
				"down": {"uv": [8.33333, 9, 7.16667, 9.66667], "texture": "#0"}
			}
		},
		{
			"from": [3.5, 6, 5.5],
			"to": [12.5, 8, 10.75],
			"rotation": {"angle": 0, "axis": "y", "origin": [0, -4, 0]},
			"faces": {
				"north": {"uv": [9.5, 6.83333, 11, 7.16667], "texture": "#0"},
				"east": {"uv": [8.66667, 6.83333, 9.5, 7.16667], "texture": "#0"},
				"south": {"uv": [11.83333, 6.83333, 13.33333, 7.16667], "texture": "#0"},
				"west": {"uv": [11, 6.83333, 11.83333, 7.16667], "texture": "#0"},
				"up": {"uv": [11, 6.83333, 9.5, 6], "texture": "#0"},
				"down": {"uv": [12.5, 6, 11, 6.83333], "texture": "#0"}
			}
		},
		{
			"from": [2.5, -4, 4.5],
			"to": [13.5, 7, 11.5],
			"rotation": {"angle": 22.5, "axis": "x", "origin": [8, 6, 8]},
			"faces": {
				"north": {"uv": [7.16667, 4.16667, 9, 6], "texture": "#0"},
				"east": {"uv": [6, 4.16667, 7.16667, 6], "texture": "#0"},
				"south": {"uv": [10.16667, 4.16667, 12, 6], "texture": "#0"},
				"west": {"uv": [9, 4.16667, 10.16667, 6], "texture": "#0"},
				"up": {"uv": [9, 4.16667, 7.16667, 3], "texture": "#0"},
				"down": {"uv": [10.83333, 3, 9, 4.16667], "texture": "#0"}
			}
		},
		{
			"name": "cube_outline",
			"from": [13.5, 7, 11.5],
			"to": [2.5, -4, 4.5],
			"rotation": {"angle": 22.5, "axis": "x", "origin": [8, 6, 8]},
			"faces": {
				"north": {"uv": [7.16667, 1.16667, 9, 3], "texture": "#0"},
				"east": {"uv": [6, 1.16667, 7.16667, 3], "texture": "#0"},
				"south": {"uv": [10.16667, 1.16667, 12, 3], "texture": "#0"},
				"west": {"uv": [9, 1.16667, 10.16667, 3], "texture": "#0"},
				"up": {"uv": [9, 1.16667, 7.16667, 0], "texture": "#0"},
				"down": {"uv": [10.83333, 0, 9, 1.16667], "texture": "#0"}
			}
		},
		{
			"from": [4.5, 13.58579, 4.58579],
			"to": [11.5, 15.58579, 7.58579],
			"rotation": {"angle": 0, "axis": "y", "origin": [-0.5, -4.41421, 1.58579]},
			"faces": {
				"north": {"uv": [11.33333, 3.5, 12.5, 3.83333], "texture": "#0"},
				"east": {"uv": [10.83333, 3.5, 11.33333, 3.83333], "texture": "#0"},
				"south": {"uv": [13, 3.5, 14.16667, 3.83333], "texture": "#0"},
				"west": {"uv": [12.5, 3.5, 13, 3.83333], "texture": "#0"},
				"up": {"uv": [12.5, 3.5, 11.33333, 3], "texture": "#0"},
				"down": {"uv": [13.66667, 3, 12.5, 3.5], "texture": "#0"}
			}
		},
		{
			"from": [4.5, 12.08579, 5.20711],
			"to": [11.5, 15.08579, 8.20711],
			"rotation": {"angle": -45, "axis": "x", "origin": [9, 13.58579, 6.70711]},
			"faces": {
				"north": {"uv": [11.33333, 0.5, 12.5, 1], "texture": "#0"},
				"east": {"uv": [10.83333, 0.5, 11.33333, 1], "texture": "#0"},
				"south": {"uv": [13, 0.5, 14.16667, 1], "texture": "#0"},
				"west": {"uv": [12.5, 0.5, 13, 1], "texture": "#0"},
				"up": {"uv": [12.5, 0.5, 11.33333, 0], "texture": "#0"},
				"down": {"uv": [13.66667, 0, 12.5, 0.5], "texture": "#0"}
			}
		},
		{
			"from": [4.5, 15.08579, 5.20711],
			"to": [11.5, 17.08579, 7.20711],
			"rotation": {"angle": -45, "axis": "x", "origin": [9, 15.58579, 6.70711]},
			"faces": {
				"north": {"uv": [12.33333, 7.5, 13.5, 7.83333], "texture": "#0"},
				"east": {"uv": [12, 7.5, 12.33333, 7.83333], "texture": "#0"},
				"south": {"uv": [13.83333, 7.5, 15, 7.83333], "texture": "#0"},
				"west": {"uv": [13.5, 7.5, 13.83333, 7.83333], "texture": "#0"},
				"up": {"uv": [13.5, 7.5, 12.33333, 7.16667], "texture": "#0"},
				"down": {"uv": [14.66667, 7.16667, 13.5, 7.5], "texture": "#0"}
			}
		},
		{
			"from": [-11, 3, 10],
			"to": [7, 25, 10],
			"rotation": {"angle": 22.5, "axis": "y", "origin": [7, 17, 10]},
			"faces": {
				"north": {"uv": [0, 3.66667, 3, 7.33333], "texture": "#0"},
				"east": {"uv": [0, 3.66667, 0, 7.33333], "texture": "#0"},
				"south": {"uv": [3, 3.66667, 6, 7.33333], "texture": "#0"},
				"west": {"uv": [3, 3.66667, 3, 7.33333], "texture": "#0"},
				"up": {"uv": [3, 3.66667, 0, 3.66667], "texture": "#0"},
				"down": {"uv": [6, 3.66667, 3, 3.66667], "texture": "#0"}
			}
		},
		{
			"from": [9, 3, 10],
			"to": [27, 25, 10],
			"rotation": {"angle": -45, "axis": "y", "origin": [9, 17, 10]},
			"faces": {
				"north": {"uv": [0, 0, 3, 3.66667], "texture": "#0"},
				"east": {"uv": [0, 0, 0, 3.66667], "texture": "#0"},
				"south": {"uv": [3, 0, 6, 3.66667], "texture": "#0"},
				"west": {"uv": [3, 0, 3, 3.66667], "texture": "#0"},
				"up": {"uv": [3, 0, 0, 0], "texture": "#0"},
				"down": {"uv": [6, 0, 3, 0], "texture": "#0"}
			}
		},
		{
			"name": "leg",
			"from": [4, -1.73358, 2.70809],
			"to": [8, 5.26642, 6.70809],
			"rotation": {"angle": 22.5, "axis": "x", "origin": [6.0005, -2.14156, 5.68435]},
			"faces": {
				"north": {"uv": [3.33333, 11, 4, 12.16667], "texture": "#0"},
				"east": {"uv": [2.66667, 11, 3.33333, 12.16667], "texture": "#0"},
				"south": {"uv": [4.66667, 11, 5.33333, 12.16667], "texture": "#0"},
				"west": {"uv": [4, 11, 4.66667, 12.16667], "texture": "#0"},
				"up": {"uv": [4, 11, 3.33333, 10.33333], "texture": "#0"},
				"down": {"uv": [4.66667, 10.33333, 4, 11], "texture": "#0"}
			}
		},
		{
			"name": "leg",
			"from": [3.999, -7.62567, 3.09077],
			"to": [8.001, -0.62567, 7.09077],
			"rotation": {"angle": 0, "axis": "x", "origin": [6.0005, -2.14156, 5.68435]},
			"faces": {
				"north": {"uv": [0.66667, 11, 1.33333, 12.16667], "texture": "#0"},
				"east": {"uv": [0, 11, 0.66667, 12.16667], "texture": "#0"},
				"south": {"uv": [2, 11, 2.66667, 12.16667], "texture": "#0"},
				"west": {"uv": [1.33333, 11, 2, 12.16667], "texture": "#0"},
				"up": {"uv": [1.33333, 11, 0.66667, 10.33333], "texture": "#0"},
				"down": {"uv": [2, 10.33333, 1.33333, 11], "texture": "#0"}
			}
		},
		{
			"name": "boots",
			"from": [3.751, -7.87567, 2.84077],
			"to": [8.251, -4.37567, 7.34077],
			"rotation": {"angle": 0, "axis": "x", "origin": [6.0005, -2.14156, 5.68435]},
			"faces": {
				"north": {"uv": [12.33333, 9.66667, 13, 10.16667], "texture": "#0"},
				"east": {"uv": [11.66667, 9.66667, 12.33333, 10.16667], "texture": "#0"},
				"south": {"uv": [13.66667, 9.66667, 14.33333, 10.16667], "texture": "#0"},
				"west": {"uv": [13, 9.66667, 13.66667, 10.16667], "texture": "#0"},
				"up": {"uv": [13, 9.66667, 12.33333, 9], "texture": "#0"},
				"down": {"uv": [13.66667, 9, 13, 9.66667], "texture": "#0"}
			}
		},
		{
			"name": "leg",
			"from": [8, 3, 1],
			"to": [12, 7, 8],
			"rotation": {"angle": -22.5, "axis": "x", "origin": [10, 5, 8]},
			"faces": {
				"north": {"uv": [12, 7.16667, 11.33333, 7.83333], "rotation": 180, "texture": "#0"},
				"east": {"uv": [10, 7.83333, 10.66667, 9], "rotation": 270, "texture": "#0"},
				"south": {"uv": [11.33333, 7.83333, 10.66667, 7.16667], "texture": "#0"},
				"west": {"uv": [11.33333, 7.83333, 12, 9], "rotation": 90, "texture": "#0"},
				"up": {"uv": [10.66667, 7.83333, 11.33333, 9], "rotation": 180, "texture": "#0"},
				"down": {"uv": [12, 7.83333, 12.66667, 9], "texture": "#0"}
			}
		},
		{
			"name": "bottom",
			"from": [7.999, 7.87608, -3.62592],
			"to": [12.001, 11.87608, 3.37408],
			"rotation": {"angle": -45, "axis": "x", "origin": [10.0007, 4.87608, 11.37408]},
			"faces": {
				"north": {"uv": [11, 9, 10.33333, 9.66667], "rotation": 180, "texture": "#0"},
				"east": {"uv": [9, 9.66667, 9.66667, 10.83333], "rotation": 270, "texture": "#0"},
				"south": {"uv": [10.33333, 9.66667, 9.66667, 9], "texture": "#0"},
				"west": {"uv": [10.33333, 9.66667, 11, 10.83333], "rotation": 90, "texture": "#0"},
				"up": {"uv": [9.66667, 9.66667, 10.33333, 10.83333], "rotation": 180, "texture": "#0"},
				"down": {"uv": [11, 9.66667, 11.66667, 10.83333], "texture": "#0"}
			}
		},
		{
			"name": "boots",
			"from": [7.749, 7.62608, -3.87592],
			"to": [12.249, 12.12608, -0.37592],
			"rotation": {"angle": -45, "axis": "x", "origin": [10.0007, 4.87608, 11.37408]},
			"faces": {
				"north": {"uv": [7.33333, 11.33333, 6.66667, 12], "rotation": 180, "texture": "#0"},
				"east": {"uv": [5.33333, 12, 6, 12.5], "rotation": 270, "texture": "#0"},
				"south": {"uv": [6.66667, 12, 6, 11.33333], "texture": "#0"},
				"west": {"uv": [6.66667, 12, 7.33333, 12.5], "rotation": 90, "texture": "#0"},
				"up": {"uv": [6, 12, 6.66667, 12.5], "rotation": 180, "texture": "#0"},
				"down": {"uv": [7.33333, 12, 8, 12.5], "texture": "#0"}
			}
		}
	],
	"display": {
		"thirdperson_righthand": {
			"rotation": [75, 45, 0],
			"translation": [0, 2.5, 0],
			"scale": [0.375, 0.375, 0.375]
		},
		"thirdperson_lefthand": {
			"rotation": [75, 45, 0],
			"translation": [0, 2.5, 0],
			"scale": [0.375, 0.375, 0.375]
		},
		"firstperson_righthand": {
			"rotation": [0, 45, 0],
			"scale": [0.4, 0.4, 0.4]
		},
		"firstperson_lefthand": {
			"rotation": [0, 225, 0],
			"scale": [0.4, 0.4, 0.4]
		},
		"ground": {
			"translation": [0, 3, 0],
			"scale": [0.25, 0.25, 0.25]
		},
		"gui": {
			"rotation": [30, 225, 0],
			"scale": [0.625, 0.625, 0.625]
		},
		"head": {
			"translation": [0, -21.75, -0.5],
			"scale": [1.8, 1.8, 1.8]
		},
		"fixed": {
			"scale": [0.5, 0.5, 0.5]
		}
	},
	"groups": [
		{
			"name": "head",
			"origin": [0, 0, 0],
			"color": 0,
			"children": [0, 1]
		},
		{
			"name": "body",
			"origin": [0, 0, 0],
			"color": 0,
			"children": [
				2,
				3,
				4,
				{
					"name": "skirt",
					"origin": [0, -6, 0],
					"color": 0,
					"children": [5, 6]
				},
				{
					"name": "bust",
					"origin": [0, 0, 0],
					"color": 0,
					"children": [7, 8, 9]
				},
				{
					"name": "wing",
					"origin": [11, 20, 10],
					"color": 0,
					"children": [10, 11]
				}
			]
		},
		{
			"name": "left_leg",
			"origin": [0, 0, 0],
			"color": 0,
			"children": [
				{
					"name": "upper",
					"origin": [0, 0, 0],
					"color": 0,
					"children": [12]
				},
				{
					"name": "bottom",
					"origin": [5.875, 13.625, 8],
					"color": 0,
					"children": [13, 14]
				}
			]
		},
		{
			"name": "right_leg",
			"origin": [0, 0, 0],
			"color": 0,
			"children": [
				{
					"name": "upper",
					"origin": [0, 2, 0],
					"color": 0,
					"children": [15]
				},
				{
					"name": "bottom",
					"origin": [8, 5, 4.5],
					"color": 0,
					"children": [16, 17]
				}
			]
		}
	]
}