{
	"credit": "Made with Blockbench",
	"texture_size": [128, 128],
	"textures": {
		"0": "item/mob/stick/20125/texture",
		"2": "item/mob/stick/20125/sword",
		"particle": "item/mob/stick/20125/texture"
	},
	"elements": [
		{
			"from": [6.82267, 8.26912, 8.06196],
			"to": [9.32267, 13.26913, 10.56196],
			"rotation": {"angle": 22.5, "axis": "z", "origin": [9.57267, 10.26912, 9.31196]},
			"faces": {
				"north": {"uv": [4, 4, 4.625, 5.25], "texture": "#0"},
				"east": {"uv": [0, 4.25, 0.625, 5.5], "texture": "#0"},
				"south": {"uv": [0.625, 4.25, 1.25, 5.5], "texture": "#0"},
				"west": {"uv": [4.375, 0, 5, 1.25], "texture": "#0"},
				"up": {"uv": [7.375, 2.75, 6.75, 2.125], "texture": "#0"},
				"down": {"uv": [7.5, 0, 6.875, 0.625], "texture": "#0"}
			}
		},
		{
			"from": [7.82267, 2.76913, 10.06196],
			"to": [9.82267, 7.76913, 12.56196],
			"rotation": {"angle": 45, "axis": "x", "origin": [9.57267, 10.26912, 9.31196]},
			"faces": {
				"north": {"uv": [3.5, 5.25, 4, 6.5], "texture": "#0"},
				"east": {"uv": [4.375, 1.25, 5, 2.5], "texture": "#0"},
				"south": {"uv": [4, 5.25, 4.5, 6.5], "texture": "#0"},
				"west": {"uv": [4.625, 4, 5.25, 5.25], "texture": "#0"},
				"up": {"uv": [3.5, 7.75, 3, 7.125], "texture": "#0"},
				"down": {"uv": [4, 7.125, 3.5, 7.75], "texture": "#0"}
			}
		},
		{
			"from": [7.32267, -0.23088, 10.06196],
			"to": [9.82267, 2.26912, 12.56196],
			"rotation": {"angle": 45, "axis": "x", "origin": [9.57267, 10.26912, 9.31196]},
			"faces": {
				"north": {"uv": [6.875, 0.625, 7.5, 1.25], "texture": "#0"},
				"east": {"uv": [1.25, 6.875, 1.875, 7.5], "texture": "#0"},
				"south": {"uv": [1.875, 6.875, 2.5, 7.5], "texture": "#0"},
				"west": {"uv": [6.875, 4.125, 7.5, 4.75], "texture": "#0"},
				"up": {"uv": [7.5, 5.375, 6.875, 4.75], "texture": "#0"},
				"down": {"uv": [5, 7, 4.375, 7.625], "texture": "#0"}
			}
		},
		{
			"name": "sword_0",
			"from": [8, 6.032, -4.292],
			"to": [8.544, 18, -3.748],
			"rotation": {"angle": 0, "axis": "x", "origin": [8, 18, 5.5]},
			"faces": {
				"north": {"uv": [8.5, 0, 9, 11], "texture": "#2"},
				"east": {"uv": [8.5, 0, 9, 11], "texture": "#2"},
				"south": {"uv": [8.5, 0, 9, 11], "texture": "#2"},
				"west": {"uv": [8.5, 11, 9, 0], "rotation": 180, "texture": "#2"},
				"up": {"uv": [9, 0, 8.5, 0.5], "rotation": 90, "texture": "#2"},
				"down": {"uv": [8.5, 10.5, 9, 11], "rotation": 90, "texture": "#2"}
			}
		},
		{
			"name": "sword_1",
			"from": [8, 5.488, -3.748],
			"to": [8.544, 16.912, -3.204],
			"rotation": {"angle": 0, "axis": "x", "origin": [8, 18, 5.5]},
			"faces": {
				"north": {"uv": [8, 1, 8.5, 11.5], "texture": "#2"},
				"east": {"uv": [8, 1, 8.5, 11.5], "texture": "#2"},
				"south": {"uv": [8, 1, 8.5, 11.5], "texture": "#2"},
				"west": {"uv": [8, 11.5, 8.5, 1], "rotation": 180, "texture": "#2"},
				"up": {"uv": [8.5, 1, 8, 1.5], "rotation": 90, "texture": "#2"},
				"down": {"uv": [8, 11, 8.5, 11.5], "rotation": 90, "texture": "#2"}
			}
		},
		{
			"name": "sword_2",
			"from": [8, 6.576, -4.836],
			"to": [8.544, 16.912, -4.292],
			"rotation": {"angle": 0, "axis": "x", "origin": [8, 18, 5.5]},
			"faces": {
				"north": {"uv": [9, 1, 9.5, 10.5], "texture": "#2"},
				"east": {"uv": [9, 1, 9.5, 10.5], "texture": "#2"},
				"south": {"uv": [9, 1, 9.5, 10.5], "texture": "#2"},
				"west": {"uv": [9, 10.5, 9.5, 1], "rotation": 180, "texture": "#2"},
				"up": {"uv": [9.5, 1, 9, 1.5], "rotation": 90, "texture": "#2"},
				"down": {"uv": [9, 10, 9.5, 10.5], "rotation": 90, "texture": "#2"}
			}
		},
		{
			"name": "sword_3",
			"from": [8, 7.664, -5.38],
			"to": [8.544, 14.736, -4.836],
			"rotation": {"angle": 0, "axis": "x", "origin": [8, 18, 5.5]},
			"faces": {
				"north": {"uv": [9.5, 3, 10, 9.5], "texture": "#2"},
				"east": {"uv": [9.5, 3, 10, 9.5], "texture": "#2"},
				"south": {"uv": [9.5, 3, 10, 9.5], "texture": "#2"},
				"west": {"uv": [9.5, 9.5, 10, 3], "rotation": 180, "texture": "#2"},
				"up": {"uv": [10, 3, 9.5, 3.5], "rotation": 90, "texture": "#2"},
				"down": {"uv": [9.5, 9, 10, 9.5], "rotation": 90, "texture": "#2"}
			}
		},
		{
			"name": "sword_4",
			"from": [8, 4.944, -3.204],
			"to": [8.544, 13.104, -2.66],
			"rotation": {"angle": 0, "axis": "x", "origin": [8, 18, 5.5]},
			"faces": {
				"north": {"uv": [7.5, 4.5, 8, 12], "texture": "#2"},
				"east": {"uv": [7.5, 4.5, 8, 12], "texture": "#2"},
				"south": {"uv": [7.5, 4.5, 8, 12], "texture": "#2"},
				"west": {"uv": [7.5, 12, 8, 4.5], "rotation": 180, "texture": "#2"},
				"up": {"uv": [8, 4.5, 7.5, 5], "rotation": 90, "texture": "#2"},
				"down": {"uv": [7.5, 11.5, 8, 12], "rotation": 90, "texture": "#2"}
			}
		},
		{
			"name": "sword_5",
			"from": [8, 9.84, -5.924],
			"to": [8.544, 13.104, -5.38],
			"rotation": {"angle": 0, "axis": "x", "origin": [8, 18, 5.5]},
			"faces": {
				"north": {"uv": [10, 4.5, 10.5, 7.5], "texture": "#2"},
				"east": {"uv": [10, 4.5, 10.5, 7.5], "texture": "#2"},
				"south": {"uv": [10, 4.5, 10.5, 7.5], "texture": "#2"},
				"west": {"uv": [10, 7.5, 10.5, 4.5], "rotation": 180, "texture": "#2"},
				"up": {"uv": [10.5, 4.5, 10, 5], "rotation": 90, "texture": "#2"},
				"down": {"uv": [10, 7, 10.5, 7.5], "rotation": 90, "texture": "#2"}
			}
		},
		{
			"name": "sword_6",
			"from": [8, 4.4, -2.66],
			"to": [8.544, 10.928, -2.116],
			"rotation": {"angle": 0, "axis": "x", "origin": [8, 18, 5.5]},
			"faces": {
				"north": {"uv": [7, 6.5, 7.5, 12.5], "texture": "#2"},
				"east": {"uv": [7, 6.5, 7.5, 12.5], "texture": "#2"},
				"south": {"uv": [7, 6.5, 7.5, 12.5], "texture": "#2"},
				"west": {"uv": [7, 12.5, 7.5, 6.5], "rotation": 180, "texture": "#2"},
				"up": {"uv": [7.5, 6.5, 7, 7], "rotation": 90, "texture": "#2"},
				"down": {"uv": [7, 12, 7.5, 12.5], "rotation": 90, "texture": "#2"}
			}
		},
		{
			"name": "sword_7",
			"from": [8, 3.856, -2.116],
			"to": [8.544, 9.84, -1.572],
			"rotation": {"angle": 0, "axis": "x", "origin": [8, 18, 5.5]},
			"faces": {
				"north": {"uv": [6.5, 7.5, 7, 13], "texture": "#2"},
				"east": {"uv": [6.5, 7.5, 7, 13], "texture": "#2"},
				"south": {"uv": [6.5, 7.5, 7, 13], "texture": "#2"},
				"west": {"uv": [6.5, 13, 7, 7.5], "rotation": 180, "texture": "#2"},
				"up": {"uv": [7, 7.5, 6.5, 8], "rotation": 90, "texture": "#2"},
				"down": {"uv": [6.5, 12.5, 7, 13], "rotation": 90, "texture": "#2"}
			}
		},
		{
			"name": "sword_8",
			"from": [8, 3.856, -1.572],
			"to": [8.544, 9.296, -1.028],
			"rotation": {"angle": 0, "axis": "x", "origin": [8, 18, 5.5]},
			"faces": {
				"north": {"uv": [6, 8, 6.5, 13], "texture": "#2"},
				"east": {"uv": [6, 8, 6.5, 13], "texture": "#2"},
				"south": {"uv": [6, 8, 6.5, 13], "texture": "#2"},
				"west": {"uv": [6, 13, 6.5, 8], "rotation": 180, "texture": "#2"},
				"up": {"uv": [6.5, 8, 6, 8.5], "rotation": 90, "texture": "#2"},
				"down": {"uv": [6, 12.5, 6.5, 13], "rotation": 90, "texture": "#2"}
			}
		},
		{
			"name": "sword_9",
			"from": [8, 3.856, -1.028],
			"to": [8.544, 8.752, 0.06],
			"rotation": {"angle": 0, "axis": "x", "origin": [8, 18, 5.5]},
			"faces": {
				"north": {"uv": [5.5, 8.5, 6, 13], "texture": "#2"},
				"east": {"uv": [5, 8.5, 6, 13], "texture": "#2"},
				"south": {"uv": [5, 8.5, 5.5, 13], "texture": "#2"},
				"west": {"uv": [5, 13, 6, 8.5], "rotation": 180, "texture": "#2"},
				"up": {"uv": [6, 8.5, 5, 9], "rotation": 90, "texture": "#2"},
				"down": {"uv": [5, 12.5, 6, 13], "rotation": 90, "texture": "#2"}
			}
		},
		{
			"name": "sword_10",
			"from": [8, 1.68, 0.06],
			"to": [8.544, 8.208, 0.604],
			"rotation": {"angle": 0, "axis": "x", "origin": [8, 18, 5.5]},
			"faces": {
				"north": {"uv": [4.5, 9, 5, 15], "texture": "#2"},
				"east": {"uv": [4.5, 9, 5, 15], "texture": "#2"},
				"south": {"uv": [4.5, 9, 5, 15], "texture": "#2"},
				"west": {"uv": [4.5, 15, 5, 9], "rotation": 180, "texture": "#2"},
				"up": {"uv": [5, 9, 4.5, 9.5], "rotation": 90, "texture": "#2"},
				"down": {"uv": [4.5, 14.5, 5, 15], "rotation": 90, "texture": "#2"}
			}
		},
		{
			"name": "sword_11",
			"from": [8, 1.68, 0.604],
			"to": [8.544, 7.664, 1.148],
			"rotation": {"angle": 0, "axis": "x", "origin": [8, 18, 5.5]},
			"faces": {
				"north": {"uv": [4, 9.5, 4.5, 15], "texture": "#2"},
				"east": {"uv": [4, 9.5, 4.5, 15], "texture": "#2"},
				"south": {"uv": [4, 9.5, 4.5, 15], "texture": "#2"},
				"west": {"uv": [4, 15, 4.5, 9.5], "rotation": 180, "texture": "#2"},
				"up": {"uv": [4.5, 9.5, 4, 10], "rotation": 90, "texture": "#2"},
				"down": {"uv": [4, 14.5, 4.5, 15], "rotation": 90, "texture": "#2"}
			}
		},
		{
			"name": "sword_12",
			"from": [8, 1.136, 1.148],
			"to": [8.544, 7.12, 1.692],
			"rotation": {"angle": 0, "axis": "x", "origin": [8, 18, 5.5]},
			"faces": {
				"north": {"uv": [3.5, 10, 4, 15.5], "texture": "#2"},
				"east": {"uv": [3.5, 10, 4, 15.5], "texture": "#2"},
				"south": {"uv": [3.5, 10, 4, 15.5], "texture": "#2"},
				"west": {"uv": [3.5, 15.5, 4, 10], "rotation": 180, "texture": "#2"},
				"up": {"uv": [4, 10, 3.5, 10.5], "rotation": 90, "texture": "#2"},
				"down": {"uv": [3.5, 15, 4, 15.5], "rotation": 90, "texture": "#2"}
			}
		},
		{
			"name": "sword_13",
			"from": [8, 2.224, 2.78],
			"to": [8.544, 6.576, 3.868],
			"rotation": {"angle": 0, "axis": "x", "origin": [8, 18, 5.5]},
			"faces": {
				"north": {"uv": [2, 10.5, 2.5, 14.5], "texture": "#2"},
				"east": {"uv": [1.5, 10.5, 2.5, 14.5], "texture": "#2"},
				"south": {"uv": [1.5, 10.5, 2, 14.5], "texture": "#2"},
				"west": {"uv": [1.5, 14.5, 2.5, 10.5], "rotation": 180, "texture": "#2"},
				"up": {"uv": [2.5, 10.5, 1.5, 11], "rotation": 90, "texture": "#2"},
				"down": {"uv": [1.5, 14, 2.5, 14.5], "rotation": 90, "texture": "#2"}
			}
		},
		{
			"name": "sword_14",
			"from": [8, 1.68, 1.692],
			"to": [8.544, 6.576, 2.236],
			"rotation": {"angle": 0, "axis": "x", "origin": [8, 18, 5.5]},
			"faces": {
				"north": {"uv": [3, 10.5, 3.5, 15], "texture": "#2"},
				"east": {"uv": [3, 10.5, 3.5, 15], "texture": "#2"},
				"south": {"uv": [3, 10.5, 3.5, 15], "texture": "#2"},
				"west": {"uv": [3, 15, 3.5, 10.5], "rotation": 180, "texture": "#2"},
				"up": {"uv": [3.5, 10.5, 3, 11], "rotation": 90, "texture": "#2"},
				"down": {"uv": [3, 14.5, 3.5, 15], "rotation": 90, "texture": "#2"}
			}
		},
		{
			"name": "sword_15",
			"from": [8, 3.312, 3.868],
			"to": [8.544, 6.032, 4.412],
			"rotation": {"angle": 0, "axis": "x", "origin": [8, 18, 5.5]},
			"faces": {
				"north": {"uv": [1, 11, 1.5, 13.5], "texture": "#2"},
				"east": {"uv": [1, 11, 1.5, 13.5], "texture": "#2"},
				"south": {"uv": [1, 11, 1.5, 13.5], "texture": "#2"},
				"west": {"uv": [1, 13.5, 1.5, 11], "rotation": 180, "texture": "#2"},
				"up": {"uv": [1.5, 11, 1, 11.5], "rotation": 90, "texture": "#2"},
				"down": {"uv": [1, 13, 1.5, 13.5], "rotation": 90, "texture": "#2"}
			}
		},
		{
			"name": "sword_16",
			"from": [8, 2.224, 2.236],
			"to": [8.544, 6.032, 2.78],
			"rotation": {"angle": 0, "axis": "x", "origin": [8, 18, 5.5]},
			"faces": {
				"north": {"uv": [2.5, 11, 3, 14.5], "texture": "#2"},
				"east": {"uv": [2.5, 11, 3, 14.5], "texture": "#2"},
				"south": {"uv": [2.5, 11, 3, 14.5], "texture": "#2"},
				"west": {"uv": [2.5, 14.5, 3, 11], "rotation": 180, "texture": "#2"},
				"up": {"uv": [3, 11, 2.5, 11.5], "rotation": 90, "texture": "#2"},
				"down": {"uv": [2.5, 14, 3, 14.5], "rotation": 90, "texture": "#2"}
			}
		},
		{
			"name": "sword_17",
			"from": [8, 4.4, 4.412],
			"to": [8.544, 4.944, 4.956],
			"rotation": {"angle": 0, "axis": "x", "origin": [8, 18, 5.5]},
			"faces": {
				"north": {"uv": [0.5, 12, 1, 12.5], "texture": "#2"},
				"east": {"uv": [0.5, 12, 1, 12.5], "texture": "#2"},
				"south": {"uv": [0.5, 12, 1, 12.5], "texture": "#2"},
				"west": {"uv": [0.5, 12.5, 1, 12], "rotation": 180, "texture": "#2"},
				"up": {"uv": [1, 12, 0.5, 12.5], "rotation": 90, "texture": "#2"},
				"down": {"uv": [0.5, 12, 1, 12.5], "rotation": 90, "texture": "#2"}
			}
		},
		{
			"name": "sword_18",
			"from": [8, 3.312, -1.028],
			"to": [8.544, 3.856, -0.484],
			"rotation": {"angle": 0, "axis": "x", "origin": [8, 18, 5.5]},
			"faces": {
				"north": {"uv": [5.5, 13, 6, 13.5], "texture": "#2"},
				"east": {"uv": [5.5, 13, 6, 13.5], "texture": "#2"},
				"south": {"uv": [5.5, 13, 6, 13.5], "texture": "#2"},
				"west": {"uv": [5.5, 13.5, 6, 13], "rotation": 180, "texture": "#2"},
				"up": {"uv": [6, 13, 5.5, 13.5], "rotation": 90, "texture": "#2"},
				"down": {"uv": [5.5, 13, 6, 13.5], "rotation": 90, "texture": "#2"}
			}
		},
		{
			"name": "sword_19",
			"from": [8, 2.224, -0.484],
			"to": [8.544, 3.312, 0.06],
			"rotation": {"angle": 0, "axis": "x", "origin": [8, 18, 5.5]},
			"faces": {
				"north": {"uv": [5, 13.5, 5.5, 14.5], "texture": "#2"},
				"east": {"uv": [5, 13.5, 5.5, 14.5], "texture": "#2"},
				"south": {"uv": [5, 13.5, 5.5, 14.5], "texture": "#2"},
				"west": {"uv": [5, 14.5, 5.5, 13.5], "rotation": 180, "texture": "#2"},
				"up": {"uv": [5.5, 13.5, 5, 14], "rotation": 90, "texture": "#2"},
				"down": {"uv": [5, 14, 5.5, 14.5], "rotation": 90, "texture": "#2"}
			}
		},
		{
			"name": "sword_20",
			"from": [8, 0.592, 3.868],
			"to": [8.544, 2.768, 4.412],
			"rotation": {"angle": 0, "axis": "x", "origin": [8, 18, 5.5]},
			"faces": {
				"north": {"uv": [1, 14, 1.5, 16], "texture": "#2"},
				"east": {"uv": [1, 14, 1.5, 16], "texture": "#2"},
				"south": {"uv": [1, 14, 1.5, 16], "texture": "#2"},
				"west": {"uv": [1, 16, 1.5, 14], "rotation": 180, "texture": "#2"},
				"up": {"uv": [1.5, 14, 1, 14.5], "rotation": 90, "texture": "#2"},
				"down": {"uv": [1, 15.5, 1.5, 16], "rotation": 90, "texture": "#2"}
			}
		},
		{
			"name": "sword_21",
			"from": [8, 0.592, 4.412],
			"to": [8.544, 2.224, 5.5],
			"rotation": {"angle": 0, "axis": "x", "origin": [8, 18, 5.5]},
			"faces": {
				"north": {"uv": [0.5, 14.5, 1, 16], "texture": "#2"},
				"east": {"uv": [0, 14.5, 1, 16], "texture": "#2"},
				"south": {"uv": [0, 14.5, 0.5, 16], "texture": "#2"},
				"west": {"uv": [0, 16, 1, 14.5], "rotation": 180, "texture": "#2"},
				"up": {"uv": [1, 14.5, 0, 15], "rotation": 90, "texture": "#2"},
				"down": {"uv": [0, 15.5, 1, 16], "rotation": 90, "texture": "#2"}
			}
		},
		{
			"name": "sword_22",
			"from": [8, 1.68, 3.324],
			"to": [8.544, 2.224, 3.868],
			"rotation": {"angle": 0, "axis": "x", "origin": [8, 18, 5.5]},
			"faces": {
				"north": {"uv": [1.5, 14.5, 2, 15], "texture": "#2"},
				"east": {"uv": [1.5, 14.5, 2, 15], "texture": "#2"},
				"south": {"uv": [1.5, 14.5, 2, 15], "texture": "#2"},
				"west": {"uv": [1.5, 15, 2, 14.5], "rotation": 180, "texture": "#2"},
				"up": {"uv": [2, 14.5, 1.5, 15], "rotation": 90, "texture": "#2"},
				"down": {"uv": [1.5, 14.5, 2, 15], "rotation": 90, "texture": "#2"}
			}
		}
	],
	"display": {
		"thirdperson_righthand": {
			"rotation": [90, 0, 0],
			"translation": [16, 1.25, 3.25],
			"scale": [3, 3, 3]
		},
		"thirdperson_lefthand": {
			"rotation": [90, 0, 0],
			"translation": [8, 1.25, 3.25]
		},
		"head": {
			"translation": [0, -12, -4.5]
		}
	},
	"groups": [
		{
			"name": "group",
			"origin": [-6.93182, 8.5, 10.97176],
			"color": 0,
			"children": [
				{
					"name": "group",
					"origin": [22.93182, 8.5, 10.97176],
					"color": 0,
					"children": [0, 1, 2]
				}
			]
		},
		{
			"name": "sword",
			"origin": [8, 8, 8],
			"color": 0,
			"children": [3, 4, 5, 6, 7, 8, 9, 10, 11, 12, 13, 14, 15, 16, 17, 18, 19, 20, 21, 22, 23, 24, 25]
		}
	]
}