{
	"credit": "Made with Blockbench",
	"texture_size": [128, 128],
	"textures": {
		"0": "item/mob/stick/20124/texture",
		"particle": "item/mob/stick/20124/texture"
	},
	"elements": [
		{
			"from": [6.82267, 8.26912, 8.06196],
			"to": [9.32267, 13.26913, 10.56196],
			"rotation": {"angle": 22.5, "axis": "z", "origin": [9.57267, 10.26912, 9.31196]},
			"faces": {
				"north": {"uv": [4, 4, 4.625, 5.25], "texture": "#0"},
				"east": {"uv": [0, 4.25, 0.625, 5.5], "texture": "#0"},
				"south": {"uv": [0.625, 4.25, 1.25, 5.5], "texture": "#0"},
				"west": {"uv": [4.375, 0, 5, 1.25], "texture": "#0"},
				"up": {"uv": [7.375, 2.75, 6.75, 2.125], "texture": "#0"},
				"down": {"uv": [7.5, 0, 6.875, 0.625], "texture": "#0"}
			}
		},
		{
			"from": [7.82267, 2.76913, 10.06196],
			"to": [9.82267, 7.76913, 12.56196],
			"rotation": {"angle": 45, "axis": "x", "origin": [9.57267, 10.26912, 9.31196]},
			"faces": {
				"north": {"uv": [3.5, 5.25, 4, 6.5], "texture": "#0"},
				"east": {"uv": [4.375, 1.25, 5, 2.5], "texture": "#0"},
				"south": {"uv": [4, 5.25, 4.5, 6.5], "texture": "#0"},
				"west": {"uv": [4.625, 4, 5.25, 5.25], "texture": "#0"},
				"up": {"uv": [3.5, 7.75, 3, 7.125], "texture": "#0"},
				"down": {"uv": [4, 7.125, 3.5, 7.75], "texture": "#0"}
			}
		},
		{
			"from": [7.32267, -0.23088, 10.06196],
			"to": [9.82267, 2.26912, 12.56196],
			"rotation": {"angle": 45, "axis": "x", "origin": [9.57267, 10.26912, 9.31196]},
			"faces": {
				"north": {"uv": [6.875, 0.625, 7.5, 1.25], "texture": "#0"},
				"east": {"uv": [1.25, 6.875, 1.875, 7.5], "texture": "#0"},
				"south": {"uv": [1.875, 6.875, 2.5, 7.5], "texture": "#0"},
				"west": {"uv": [6.875, 4.125, 7.5, 4.75], "texture": "#0"},
				"up": {"uv": [7.5, 5.375, 6.875, 4.75], "texture": "#0"},
				"down": {"uv": [5, 7, 4.375, 7.625], "texture": "#0"}
			}
		}
	],
	"display": {
		"thirdperson_righthand": {
			"rotation": [90, 0, 0],
			"translation": [16, 1.25, 3.25],
			"scale": [3, 3, 3]
		},
		"thirdperson_lefthand": {
			"rotation": [90, 0, 0],
			"translation": [8, 1.25, 3.25]
		},
		"head": {
			"translation": [0, -12, -4.5]
		}
	},
	"groups": [
		{
			"name": "group",
			"origin": [-6.93182, 8.5, 10.97176],
			"color": 0,
			"children": [
				{
					"name": "group",
					"origin": [22.93182, 8.5, 10.97176],
					"color": 0,
					"children": [0, 1, 2]
				}
			]
		}
	]
}