{
	"credit": "Made with Blockbench",
	"texture_size": [128, 128],
	"textures": {
		"0": "item/mob/stick/20128/texture",
		"particle": "item/mob/stick/20128/texture"
	},
	"elements": [
		{
			"from": [6.67734, 8.26913, 8.56196],
			"to": [9.17734, 13.26913, 11.06196],
			"rotation": {"angle": -22.5, "axis": "z", "origin": [6.42734, 10.26913, 9.81196]},
			"faces": {
				"north": {"uv": [3.75, 0, 4.375, 1.25], "texture": "#0"},
				"east": {"uv": [3.75, 1.25, 4.375, 2.5], "texture": "#0"},
				"south": {"uv": [1.5, 4, 2.125, 5.25], "texture": "#0"},
				"west": {"uv": [2.125, 4, 2.75, 5.25], "texture": "#0"},
				"up": {"uv": [1.25, 7.375, 0.625, 6.75], "texture": "#0"},
				"down": {"uv": [7.375, 1.5, 6.75, 2.125], "texture": "#0"}
			}
		},
		{
			"from": [6.17734, 2.76913, 10.56196],
			"to": [8.17734, 7.76913, 13.06196],
			"rotation": {"angle": 45, "axis": "x", "origin": [6.42734, 10.26913, 9.81196]},
			"faces": {
				"north": {"uv": [3, 5.25, 3.5, 6.5], "texture": "#0"},
				"east": {"uv": [2.75, 4, 3.375, 5.25], "texture": "#0"},
				"south": {"uv": [5.25, 3.375, 5.75, 4.625], "texture": "#0"},
				"west": {"uv": [3.375, 4, 4, 5.25], "texture": "#0"},
				"up": {"uv": [5.25, 4, 4.75, 3.375], "texture": "#0"},
				"down": {"uv": [3, 7.125, 2.5, 7.75], "texture": "#0"}
			}
		},
		{
			"from": [6.17734, -0.23087, 10.56196],
			"to": [8.67734, 2.26913, 13.06196],
			"rotation": {"angle": 45, "axis": "x", "origin": [6.42734, 10.26913, 9.81196]},
			"faces": {
				"north": {"uv": [4.5, 6.375, 5.125, 7], "texture": "#0"},
				"east": {"uv": [6.375, 5.875, 7, 6.5], "texture": "#0"},
				"south": {"uv": [2.5, 6.5, 3.125, 7.125], "texture": "#0"},
				"west": {"uv": [3.125, 6.5, 3.75, 7.125], "texture": "#0"},
				"up": {"uv": [4.375, 7.125, 3.75, 6.5], "texture": "#0"},
				"down": {"uv": [5.75, 6.5, 5.125, 7.125], "texture": "#0"}
			}
		}
	],
	"display": {
		"thirdperson_righthand": {
			"rotation": [90, 0, 0],
			"translation": [8, 1.25, 3.25]
		},
		"thirdperson_lefthand": {
			"rotation": [90, 0, 0],
			"translation": [14.25, 1.25, 3.25],
			"scale": [3, 3, 3]
		},
		"head": {
			"translation": [0, -12, -4.5]
		}
	},
	"groups": [
		{
			"name": "group",
			"origin": [-6.93182, 8.5, 10.97176],
			"color": 0,
			"children": [
				{
					"name": "group",
					"origin": [-6.93182, 8.5, 10.97176],
					"color": 0,
					"children": [0, 1, 2]
				}
			]
		}
	]
}