{
	"credit": "Made with Blockbench",
	"texture_size": [64, 64],
	"textures": {
		"0": "item/mob/stick/20132/texture",
		"1": "item/mob/stick/20132/crossbow",
		"particle": "item/mob/stick/20132/texture"
	},
	"elements": [
		{
			"from": [6.82267, 9.76912, 10.06196],
			"to": [9.32267, 14.76913, 12.56196],
			"rotation": {"angle": 45, "axis": "x", "origin": [9.57267, 10.26912, 9.31196]},
			"faces": {
				"north": {"uv": [4, 4, 4.625, 5.25], "texture": "#0"},
				"east": {"uv": [0, 4.25, 0.625, 5.5], "texture": "#0"},
				"south": {"uv": [0.625, 4.25, 1.25, 5.5], "texture": "#0"},
				"west": {"uv": [4.375, 0, 5, 1.25], "texture": "#0"},
				"up": {"uv": [7.375, 2.75, 6.75, 2.125], "texture": "#0"},
				"down": {"uv": [7.5, 0, 6.875, 0.625], "texture": "#0"}
			}
		},
		{
			"from": [7.82267, 2.76913, 10.06196],
			"to": [9.82267, 7.76913, 12.56196],
			"rotation": {"angle": 45, "axis": "x", "origin": [9.57267, 10.26912, 9.31196]},
			"faces": {
				"north": {"uv": [3.5, 5.25, 4, 6.5], "texture": "#0"},
				"east": {"uv": [4.375, 1.25, 5, 2.5], "texture": "#0"},
				"south": {"uv": [4, 5.25, 4.5, 6.5], "texture": "#0"},
				"west": {"uv": [4.625, 4, 5.25, 5.25], "texture": "#0"},
				"up": {"uv": [3.5, 7.75, 3, 7.125], "texture": "#0"},
				"down": {"uv": [4, 7.125, 3.5, 7.75], "texture": "#0"}
			}
		},
		{
			"from": [7.32267, -0.23088, 10.06196],
			"to": [9.82267, 2.26912, 12.56196],
			"rotation": {"angle": 45, "axis": "x", "origin": [9.57267, 10.26912, 9.31196]},
			"faces": {
				"north": {"uv": [6.875, 0.625, 7.5, 1.25], "texture": "#0"},
				"east": {"uv": [1.25, 6.875, 1.875, 7.5], "texture": "#0"},
				"south": {"uv": [1.875, 6.875, 2.5, 7.5], "texture": "#0"},
				"west": {"uv": [6.875, 4.125, 7.5, 4.75], "texture": "#0"},
				"up": {"uv": [7.5, 5.375, 6.875, 4.75], "texture": "#0"},
				"down": {"uv": [5, 7, 4.375, 7.625], "texture": "#0"}
			}
		},
		{
			"from": [4.06592, -2.6549, 7.77498],
			"to": [11.46592, -0.4349, 9.25498],
			"rotation": {"angle": 45, "axis": "x", "origin": [7.81877, 10.78286, 8.40775]},
			"faces": {
				"north": {"uv": [4, 1.75, 1.5, 1], "rotation": 180, "texture": "#1"},
				"east": {"uv": [0.5, 4.75, 1.25, 5.25], "rotation": 90, "texture": "#1"},
				"south": {"uv": [4, 1.75, 1.5, 2.5], "texture": "#1"},
				"west": {"uv": [4.75, 1, 5.5, 1.5], "rotation": 270, "texture": "#1"},
				"up": {"uv": [1.5, 3, 4, 3.5], "texture": "#1"},
				"down": {"uv": [1.5, 2.5, 4, 3], "rotation": 180, "texture": "#1"}
			}
		},
		{
			"from": [6.668, -0.4349, 8.51498],
			"to": [8.888, 13.6251, 9.99498],
			"rotation": {"angle": 45, "axis": "x", "origin": [8.42286, 10.78286, 8.40775]},
			"faces": {
				"north": {"uv": [0.75, 4.75, 0, 0], "rotation": 180, "texture": "#1"},
				"east": {"uv": [1.5, 0, 6.25, 0.5], "rotation": 90, "texture": "#1"},
				"south": {"uv": [1.5, 0, 0.75, 4.75], "texture": "#1"},
				"west": {"uv": [1.5, 0.5, 6.25, 1], "rotation": 270, "texture": "#1"},
				"up": {"uv": [3.25, 5.5, 4, 6], "texture": "#1"},
				"down": {"uv": [5.5, 2.75, 6.25, 3.25], "rotation": 180, "texture": "#1"}
			}
		},
		{
			"from": [-1.11408, 2.5251, 7.77498],
			"to": [-0.37408, 4.7451, 9.25498],
			"rotation": {"angle": 45, "axis": "x", "origin": [7.81877, 10.78286, 8.40775]},
			"faces": {
				"north": {"uv": [6.5, 1.5, 6.25, 0.75], "rotation": 180, "texture": "#1"},
				"east": {"uv": [4.75, 1.5, 5.5, 2], "rotation": 90, "texture": "#1"},
				"south": {"uv": [1.25, 6.25, 1, 7], "texture": "#1"},
				"west": {"uv": [4.75, 2, 5.5, 2.5], "rotation": 270, "texture": "#1"},
				"up": {"uv": [5.25, 6.75, 5.5, 7.25], "texture": "#1"},
				"down": {"uv": [6.75, 4.75, 7, 5.25], "rotation": 180, "texture": "#1"}
			}
		},
		{
			"from": [-0.37408, 1.0451, 7.77498],
			"to": [0.36592, 3.2651, 9.25498],
			"rotation": {"angle": 45, "axis": "x", "origin": [7.81877, 10.78286, 8.40775]},
			"faces": {
				"north": {"uv": [1.5, 7, 1.25, 6.25], "rotation": 180, "texture": "#1"},
				"east": {"uv": [4.75, 2.5, 5.5, 3], "rotation": 90, "texture": "#1"},
				"south": {"uv": [2.25, 6.25, 2, 7], "texture": "#1"},
				"west": {"uv": [4.75, 3, 5.5, 3.5], "rotation": 270, "texture": "#1"},
				"up": {"uv": [5.5, 6.75, 5.75, 7.25], "texture": "#1"},
				"down": {"uv": [6.75, 5.25, 7, 5.75], "rotation": 180, "texture": "#1"}
			}
		},
		{
			"from": [0.36592, 0.3051, 7.77498],
			"to": [1.10592, 2.5251, 9.25498],
			"rotation": {"angle": 45, "axis": "x", "origin": [7.81877, 10.78286, 8.40775]},
			"faces": {
				"north": {"uv": [2.5, 7, 2.25, 6.25], "rotation": 180, "texture": "#1"},
				"east": {"uv": [4.75, 4.5, 5.5, 5], "rotation": 90, "texture": "#1"},
				"south": {"uv": [6.5, 2.25, 6.25, 3], "texture": "#1"},
				"west": {"uv": [2, 5, 2.75, 5.5], "rotation": 270, "texture": "#1"},
				"up": {"uv": [6.75, 5.75, 7, 6.25], "texture": "#1"},
				"down": {"uv": [5.75, 6.75, 6, 7.25], "rotation": 180, "texture": "#1"}
			}
		},
		{
			"from": [1.10592, -0.4349, 7.77498],
			"to": [1.84592, 1.7851, 9.25498],
			"rotation": {"angle": 45, "axis": "x", "origin": [7.81877, 10.78286, 8.40775]},
			"faces": {
				"north": {"uv": [3.25, 7, 3, 6.25], "rotation": 180, "texture": "#1"},
				"east": {"uv": [2.75, 5, 3.5, 5.5], "rotation": 90, "texture": "#1"},
				"south": {"uv": [3.5, 6.25, 3.25, 7], "texture": "#1"},
				"west": {"uv": [3.5, 5, 4.25, 5.5], "rotation": 270, "texture": "#1"},
				"up": {"uv": [6.25, 6.75, 6.5, 7.25], "texture": "#1"},
				"down": {"uv": [6, 6.75, 6.25, 7.25], "rotation": 180, "texture": "#1"}
			}
		},
		{
			"from": [1.84592, -1.1749, 7.77498],
			"to": [2.58592, 1.0451, 9.25498],
			"rotation": {"angle": 45, "axis": "x", "origin": [7.81877, 10.78286, 8.40775]},
			"faces": {
				"north": {"uv": [3.75, 7, 3.5, 6.25], "rotation": 180, "texture": "#1"},
				"east": {"uv": [5, 4, 5.75, 4.5], "rotation": 90, "texture": "#1"},
				"south": {"uv": [4, 6.25, 3.75, 7], "texture": "#1"},
				"west": {"uv": [4.75, 5, 5.5, 5.5], "rotation": 270, "texture": "#1"},
				"up": {"uv": [6.5, 6.75, 6.75, 7.25], "texture": "#1"},
				"down": {"uv": [6.75, 6.25, 7, 6.75], "rotation": 180, "texture": "#1"}
			}
		},
		{
			"from": [2.58592, -1.9149, 7.77498],
			"to": [4.06592, 0.3051, 9.25498],
			"rotation": {"angle": 45, "axis": "x", "origin": [7.81877, 10.78286, 8.40775]},
			"faces": {
				"north": {"uv": [4.75, 6, 4.25, 5.25], "rotation": 180, "texture": "#1"},
				"east": {"uv": [0.5, 5.25, 1.25, 5.75], "rotation": 90, "texture": "#1"},
				"south": {"uv": [0.5, 5.5, 0, 6.25], "texture": "#1"},
				"west": {"uv": [5.5, 1, 6.25, 1.5], "rotation": 270, "texture": "#1"},
				"up": {"uv": [1, 5.75, 1.5, 6.25], "texture": "#1"},
				"down": {"uv": [0.5, 5.75, 1, 6.25], "rotation": 180, "texture": "#1"}
			}
		},
		{
			"from": [-1.85408, 4.0051, 7.77498],
			"to": [-1.11408, 5.4851, 9.25498],
			"rotation": {"angle": 45, "axis": "x", "origin": [7.81877, 10.78286, 8.40775]},
			"faces": {
				"north": {"uv": [7.25, 0.5, 7, 0], "rotation": 180, "texture": "#1"},
				"east": {"uv": [5.75, 4, 6.25, 4.5], "rotation": 90, "texture": "#1"},
				"south": {"uv": [0.5, 7, 0.25, 7.5], "texture": "#1"},
				"west": {"uv": [5.75, 5.5, 6.25, 6], "rotation": 270, "texture": "#1"},
				"up": {"uv": [0, 7, 0.25, 7.5], "texture": "#1"},
				"down": {"uv": [6.75, 6.75, 7, 7.25], "rotation": 180, "texture": "#1"}
			}
		},
		{
			"from": [15.90592, 2.5251, 7.77498],
			"to": [16.64592, 4.7451, 9.25498],
			"rotation": {"angle": 45, "axis": "x", "origin": [7.81877, 10.78286, 8.40775]},
			"faces": {
				"north": {"uv": [6.25, 5.5, 6, 4.75], "rotation": 180, "texture": "#1"},
				"east": {"uv": [4, 1, 4.75, 1.5], "rotation": 90, "texture": "#1"},
				"south": {"uv": [5.5, 6, 5.25, 6.75], "texture": "#1"},
				"west": {"uv": [4, 1.5, 4.75, 2], "rotation": 270, "texture": "#1"},
				"up": {"uv": [6.5, 0, 6.75, 0.5], "texture": "#1"},
				"down": {"uv": [6.25, 6.25, 6.5, 6.75], "rotation": 180, "texture": "#1"}
			}
		},
		{
			"from": [15.16592, 1.0451, 7.77498],
			"to": [15.90592, 3.2651, 9.25498],
			"rotation": {"angle": 45, "axis": "x", "origin": [7.81877, 10.78286, 8.40775]},
			"faces": {
				"north": {"uv": [5.75, 6.75, 5.5, 6], "rotation": 180, "texture": "#1"},
				"east": {"uv": [2, 4, 2.75, 4.5], "rotation": 90, "texture": "#1"},
				"south": {"uv": [6, 6, 5.75, 6.75], "texture": "#1"},
				"west": {"uv": [4, 2, 4.75, 2.5], "rotation": 270, "texture": "#1"},
				"up": {"uv": [6.5, 1, 6.75, 1.5], "texture": "#1"},
				"down": {"uv": [6.5, 0.5, 6.75, 1], "rotation": 180, "texture": "#1"}
			}
		},
		{
			"from": [14.42592, 0.3051, 7.77498],
			"to": [15.16592, 2.5251, 9.25498],
			"rotation": {"angle": 45, "axis": "x", "origin": [7.81877, 10.78286, 8.40775]},
			"faces": {
				"north": {"uv": [6.25, 6.75, 6, 6], "rotation": 180, "texture": "#1"},
				"east": {"uv": [4, 2.5, 4.75, 3], "rotation": 90, "texture": "#1"},
				"south": {"uv": [0.25, 6.25, 0, 7], "texture": "#1"},
				"west": {"uv": [2.75, 4, 3.5, 4.5], "rotation": 270, "texture": "#1"},
				"up": {"uv": [4, 6.5, 4.25, 7], "texture": "#1"},
				"down": {"uv": [6.5, 2.25, 6.75, 2.75], "rotation": 180, "texture": "#1"}
			}
		},
		{
			"from": [13.68592, -0.4349, 7.77498],
			"to": [14.42592, 1.7851, 9.25498],
			"rotation": {"angle": 45, "axis": "x", "origin": [7.81877, 10.78286, 8.40775]},
			"faces": {
				"north": {"uv": [6.5, 0.75, 6.25, 0], "rotation": 180, "texture": "#1"},
				"east": {"uv": [4, 3, 4.75, 3.5], "rotation": 90, "texture": "#1"},
				"south": {"uv": [0.5, 6.25, 0.25, 7], "texture": "#1"},
				"west": {"uv": [3.5, 4, 4.25, 4.5], "rotation": 270, "texture": "#1"},
				"up": {"uv": [6.5, 5.25, 6.75, 5.75], "texture": "#1"},
				"down": {"uv": [6.5, 4.75, 6.75, 5.25], "rotation": 180, "texture": "#1"}
			}
		},
		{
			"from": [12.94592, -1.1749, 7.77498],
			"to": [13.68592, 1.0451, 9.25498],
			"rotation": {"angle": 45, "axis": "x", "origin": [7.81877, 10.78286, 8.40775]},
			"faces": {
				"north": {"uv": [0.75, 7, 0.5, 6.25], "rotation": 180, "texture": "#1"},
				"east": {"uv": [4.25, 4, 5, 4.5], "rotation": 90, "texture": "#1"},
				"south": {"uv": [1, 6.25, 0.75, 7], "texture": "#1"},
				"west": {"uv": [2, 4.5, 2.75, 5], "rotation": 270, "texture": "#1"},
				"up": {"uv": [6.5, 6.25, 6.75, 6.75], "texture": "#1"},
				"down": {"uv": [6.5, 5.75, 6.75, 6.25], "rotation": 180, "texture": "#1"}
			}
		},
		{
			"from": [11.46592, -1.9149, 7.77498],
			"to": [12.94592, 0.3051, 9.25498],
			"rotation": {"angle": 45, "axis": "x", "origin": [7.81877, 10.78286, 8.40775]},
			"faces": {
				"north": {"uv": [4.75, 5.25, 4.25, 4.5], "rotation": 180, "texture": "#1"},
				"east": {"uv": [2.75, 4.5, 3.5, 5], "rotation": 90, "texture": "#1"},
				"south": {"uv": [0.5, 4.75, 0, 5.5], "texture": "#1"},
				"west": {"uv": [3.5, 4.5, 4.25, 5], "rotation": 270, "texture": "#1"},
				"up": {"uv": [4.75, 5.5, 5.25, 6], "texture": "#1"},
				"down": {"uv": [5.5, 4.5, 6, 5], "rotation": 180, "texture": "#1"}
			}
		},
		{
			"from": [16.64592, 4.0051, 7.77498],
			"to": [17.38592, 5.4851, 9.25498],
			"rotation": {"angle": 45, "axis": "x", "origin": [7.81877, 10.78286, 8.40775]},
			"faces": {
				"north": {"uv": [7, 1.5, 6.75, 1], "rotation": 180, "texture": "#1"},
				"east": {"uv": [5.5, 5, 6, 5.5], "rotation": 90, "texture": "#1"},
				"south": {"uv": [7, 2.25, 6.75, 2.75], "texture": "#1"},
				"west": {"uv": [5.25, 5.5, 5.75, 6], "rotation": 270, "texture": "#1"},
				"up": {"uv": [6.75, 0.5, 7, 1], "texture": "#1"},
				"down": {"uv": [6.75, 0, 7, 0.5], "rotation": 180, "texture": "#1"}
			}
		},
		{
			"from": [-0.46658, 3.8201, 8.21898],
			"to": [15.99842, 4.5601, 8.95898],
			"rotation": {"angle": 45, "axis": "x", "origin": [7.81877, 10.78286, 8.40775]},
			"faces": {
				"north": {"uv": [3.25, 7.5, 3, 7.25], "rotation": 180, "texture": "#1"},
				"east": {"uv": [7.25, 2.25, 7.5, 2.5], "rotation": 90, "texture": "#1"},
				"south": {"uv": [7.5, 3, 7.25, 3.25], "texture": "#1"},
				"west": {"uv": [7.25, 2.5, 7.5, 2.75], "rotation": 270, "texture": "#1"},
				"up": {"uv": [2.5, 7.25, 2.75, 7.5], "texture": "#1"},
				"down": {"uv": [2.25, 7.25, 2.5, 7.5], "rotation": 180, "texture": "#1"}
			}
		}
	],
	"display": {
		"thirdperson_righthand": {
			"rotation": [113, 0, 0],
			"translation": [11.75, 12.5, 9.25],
			"scale": [3, 3, 3]
		},
		"thirdperson_lefthand": {
			"rotation": [90, 0, 0],
			"translation": [8, 1.25, 3.25]
		},
		"head": {
			"translation": [0, -12, -4.5]
		}
	},
	"groups": [
		{
			"name": "group",
			"origin": [-6.93182, 8.5, 10.97176],
			"color": 0,
			"children": [
				{
					"name": "group",
					"origin": [22.93182, 8.5, 10.97176],
					"color": 0,
					"children": [0, 1, 2]
				}
			]
		},
		{
			"name": "group",
			"origin": [7.7551, 14.57143, 8.55102],
			"color": 0,
			"children": [3, 4, 5, 6, 7, 8, 9, 10, 11, 12, 13, 14, 15, 16, 17, 18, 19]
		}
	]
}