{
	"credit": "Made with Blockbench",
	"texture_size": [128, 128],
	"textures": {
		"0": "item/mob/stick/20134/texture",
		"particle": "item/mob/stick/20134/texture"
	},
	"elements": [
		{
			"from": [5.43182, 15.5, 7.47176],
			"to": [10.43182, 22.5, 12.47176],
			"rotation": {"angle": 22.5, "axis": "y", "origin": [8, 18.31818, 9.90358]},
			"faces": {
				"north": {"uv": [5.75, 2.75, 6.375, 3.625], "texture": "#0"},
				"east": {"uv": [0, 5.5, 0.625, 6.375], "texture": "#0"},
				"south": {"uv": [0.625, 5.5, 1.25, 6.375], "texture": "#0"},
				"west": {"uv": [5.625, 5.125, 6.25, 6], "texture": "#0"},
				"up": {"uv": [6.375, 7.125, 5.75, 6.5], "rotation": 90, "texture": "#0"},
				"down": {"uv": [7, 6.5, 6.375, 7.125], "rotation": 270, "texture": "#0"}
			}
		},
		{
			"from": [5.18182, 22, 7.72176],
			"to": [10.18182, 23, 12.72176],
			"rotation": {"angle": 22.5, "axis": "y", "origin": [8, 18.31818, 9.90358]},
			"faces": {
				"north": {"uv": [7.5, 2.75, 8.125, 2.875], "texture": "#0"},
				"east": {"uv": [7.5, 1, 8.125, 1.125], "texture": "#0"},
				"south": {"uv": [7.5, 1.125, 8.125, 1.25], "texture": "#0"},
				"west": {"uv": [1.5, 7.5, 2.125, 7.625], "texture": "#0"},
				"up": {"uv": [7.25, 4.125, 6.625, 3.5], "rotation": 90, "texture": "#0"},
				"down": {"uv": [0.625, 6.75, 0, 7.375], "rotation": 270, "texture": "#0"}
			}
		},
		{
			"from": [4.43182, 16.5, 7.47176],
			"to": [5.43182, 22.5, 12.47176],
			"rotation": {"angle": 22.5, "axis": "y", "origin": [8, 18.31818, 9.90358]},
			"faces": {
				"north": {"uv": [1.375, 4.25, 1.5, 5], "texture": "#0"},
				"east": {"uv": [1.25, 6.125, 1.875, 6.875], "texture": "#0"},
				"south": {"uv": [1.25, 4.25, 1.375, 5], "texture": "#0"},
				"west": {"uv": [6.125, 1.5, 6.75, 2.25], "texture": "#0"},
				"up": {"uv": [8.125, 3, 7.5, 2.875], "rotation": 90, "texture": "#0"},
				"down": {"uv": [8.125, 3, 7.5, 3.125], "rotation": 270, "texture": "#0"}
			}
		},
		{
			"from": [4.43182, 19.5, 6.47176],
			"to": [5.43182, 25.5, 7.47176],
			"rotation": {"angle": 22.5, "axis": "y", "origin": [8, 18.31818, 9.90358]},
			"faces": {
				"north": {"uv": [0.75, 7.375, 0.875, 8.125], "texture": "#0"},
				"east": {"uv": [4, 7.125, 4.125, 7.875], "texture": "#0"},
				"south": {"uv": [4.125, 7.125, 4.25, 7.875], "texture": "#0"},
				"west": {"uv": [4.25, 7.125, 4.375, 7.875], "texture": "#0"},
				"up": {"uv": [3.75, 2.375, 3.625, 2.25], "rotation": 90, "texture": "#0"},
				"down": {"uv": [3.75, 2.375, 3.625, 2.5], "rotation": 270, "texture": "#0"}
			}
		},
		{
			"from": [3.43182, 16.5, 7.47176],
			"to": [4.43182, 19.5, 12.47176],
			"rotation": {"angle": 22.5, "axis": "y", "origin": [8, 18.31818, 9.90358]},
			"faces": {
				"north": {"uv": [2.875, 6.125, 3, 6.5], "texture": "#0"},
				"east": {"uv": [7.375, 1.25, 8, 1.625], "texture": "#0"},
				"south": {"uv": [1.5, 3.625, 1.625, 4], "texture": "#0"},
				"west": {"uv": [7.375, 1.625, 8, 2], "texture": "#0"},
				"up": {"uv": [8.125, 3.25, 7.5, 3.125], "rotation": 90, "texture": "#0"},
				"down": {"uv": [8.125, 3.25, 7.5, 3.375], "rotation": 270, "texture": "#0"}
			}
		},
		{
			"from": [5.43182, 16.5, 12.47176],
			"to": [10.43182, 22.5, 13.47176],
			"rotation": {"angle": 22.5, "axis": "y", "origin": [8, 18.31818, 9.90358]},
			"faces": {
				"north": {"uv": [6.25, 5.125, 6.875, 5.875], "texture": "#0"},
				"east": {"uv": [0.875, 7.375, 1, 8.125], "texture": "#0"},
				"south": {"uv": [1.875, 6.125, 2.5, 6.875], "texture": "#0"},
				"west": {"uv": [1, 7.375, 1.125, 8.125], "texture": "#0"},
				"up": {"uv": [2.25, 8.125, 2.125, 7.5], "rotation": 90, "texture": "#0"},
				"down": {"uv": [2.375, 7.5, 2.25, 8.125], "rotation": 270, "texture": "#0"}
			}
		},
		{
			"from": [10.43182, 19.5, 12.47176],
			"to": [11.43182, 25.5, 13.47176],
			"rotation": {"angle": 22.5, "axis": "y", "origin": [8, 18.31818, 9.90358]},
			"faces": {
				"north": {"uv": [1.375, 7.5, 1.5, 8.25], "texture": "#0"},
				"east": {"uv": [1.125, 7.375, 1.25, 8.125], "texture": "#0"},
				"south": {"uv": [7.5, 0.25, 7.625, 1], "texture": "#0"},
				"west": {"uv": [1.25, 7.5, 1.375, 8.25], "texture": "#0"},
				"up": {"uv": [1.375, 5.125, 1.25, 5], "rotation": 90, "texture": "#0"},
				"down": {"uv": [1.5, 5, 1.375, 5.125], "rotation": 270, "texture": "#0"}
			}
		},
		{
			"from": [5.43182, 16.5, 13.47176],
			"to": [10.43182, 19.5, 14.47176],
			"rotation": {"angle": 22.5, "axis": "y", "origin": [8, 18.31818, 9.90358]},
			"faces": {
				"north": {"uv": [7.375, 2.375, 8, 2.75], "texture": "#0"},
				"east": {"uv": [1.125, 6.375, 1.25, 6.75], "texture": "#0"},
				"south": {"uv": [7.375, 2, 8, 2.375], "texture": "#0"},
				"west": {"uv": [6.625, 2.25, 6.75, 2.625], "texture": "#0"},
				"up": {"uv": [2.5, 8.125, 2.375, 7.5], "rotation": 90, "texture": "#0"},
				"down": {"uv": [7.625, 4.125, 7.5, 4.75], "rotation": 270, "texture": "#0"}
			}
		},
		{
			"from": [5.43182, 15.5, 6.47176],
			"to": [10.43182, 19.5, 7.47176],
			"rotation": {"angle": 22.5, "axis": "y", "origin": [8, 18.31818, 9.90358]},
			"faces": {
				"north": {"uv": [7, 5.875, 7.625, 6.375], "texture": "#0"},
				"east": {"uv": [6.375, 4.625, 6.5, 5.125], "texture": "#0"},
				"south": {"uv": [6.875, 5.375, 7.5, 5.875], "texture": "#0"},
				"west": {"uv": [6.5, 2.25, 6.625, 2.75], "texture": "#0"},
				"up": {"uv": [7.625, 5.375, 7.5, 4.75], "rotation": 90, "texture": "#0"},
				"down": {"uv": [5.125, 7.5, 5, 8.125], "rotation": 270, "texture": "#0"}
			}
		},
		{
			"from": [5.43182, 19.5, 6.47176],
			"to": [8.43182, 20.5, 7.47176],
			"rotation": {"angle": 22.5, "axis": "y", "origin": [8, 18.31818, 9.90358]},
			"faces": {
				"north": {"uv": [5, 2.375, 5.375, 2.5], "texture": "#0"},
				"east": {"uv": [1.25, 5.125, 1.375, 5.25], "texture": "#0"},
				"south": {"uv": [5, 2.25, 5.375, 2.375], "texture": "#0"},
				"west": {"uv": [1.375, 5.125, 1.5, 5.25], "texture": "#0"},
				"up": {"uv": [6.75, 5, 6.625, 4.625], "rotation": 90, "texture": "#0"},
				"down": {"uv": [6.875, 4.625, 6.75, 5], "rotation": 270, "texture": "#0"}
			}
		},
		{
			"from": [10.43182, 15.5, 7.47176],
			"to": [11.43182, 19.5, 12.47176],
			"rotation": {"angle": 22.5, "axis": "y", "origin": [8, 18.31818, 9.90358]},
			"faces": {
				"north": {"uv": [6.5, 4.625, 6.625, 5.125], "texture": "#0"},
				"east": {"uv": [7, 6.375, 7.625, 6.875], "texture": "#0"},
				"south": {"uv": [4.375, 6.5, 4.5, 7], "texture": "#0"},
				"west": {"uv": [7, 6.875, 7.625, 7.375], "texture": "#0"},
				"up": {"uv": [8.125, 3.5, 7.5, 3.375], "rotation": 90, "texture": "#0"},
				"down": {"uv": [5.75, 7.5, 5.125, 7.625], "rotation": 270, "texture": "#0"}
			}
		},
		{
			"from": [10.43182, 15.5, 6.47176],
			"to": [11.43182, 18.5, 7.47176],
			"rotation": {"angle": 22.5, "axis": "y", "origin": [8, 18.31818, 9.90358]},
			"faces": {
				"north": {"uv": [6, 7.5, 6.125, 7.875], "texture": "#0"},
				"east": {"uv": [7.5, 5.375, 7.625, 5.75], "texture": "#0"},
				"south": {"uv": [5.75, 7.5, 5.875, 7.875], "texture": "#0"},
				"west": {"uv": [5.875, 7.5, 6, 7.875], "texture": "#0"},
				"up": {"uv": [5.5, 5.875, 5.375, 5.75], "rotation": 90, "texture": "#0"},
				"down": {"uv": [5.625, 5.75, 5.5, 5.875], "rotation": 270, "texture": "#0"}
			}
		},
		{
			"from": [10.43182, 19.5, 9.47176],
			"to": [11.43182, 20.5, 12.47176],
			"rotation": {"angle": 22.5, "axis": "y", "origin": [8, 18.31818, 9.90358]},
			"faces": {
				"north": {"uv": [5.875, 1.625, 6, 1.75], "texture": "#0"},
				"east": {"uv": [5.25, 5.125, 5.625, 5.25], "texture": "#0"},
				"south": {"uv": [5.875, 1.5, 6, 1.625], "texture": "#0"},
				"west": {"uv": [5.375, 3.125, 5.75, 3.25], "texture": "#0"},
				"up": {"uv": [5.75, 3.375, 5.375, 3.25], "rotation": 90, "texture": "#0"},
				"down": {"uv": [7.25, 1.25, 6.875, 1.375], "rotation": 270, "texture": "#0"}
			}
		},
		{
			"from": [1.56818, 11.5, 4.47176],
			"to": [14.56818, 16.5, 16.47176],
			"rotation": {"angle": -22.5, "axis": "x", "origin": [8.06818, 13.5, 10.97176]},
			"faces": {
				"north": {"uv": [0, 3, 1.625, 3.625], "texture": "#0"},
				"east": {"uv": [3.25, 3.375, 4.75, 4], "texture": "#0"},
				"south": {"uv": [1.625, 3.375, 3.25, 4], "texture": "#0"},
				"west": {"uv": [0, 3.625, 1.5, 4.25], "texture": "#0"},
				"up": {"uv": [1.625, 1.5, 0, 0], "texture": "#0"},
				"down": {"uv": [1.625, 1.5, 0, 3], "texture": "#0"}
			}
		},
		{
			"from": [3.62132, 6.5, 5.79289],
			"to": [10.62132, 13.5, 12.79289],
			"rotation": {"angle": 45, "axis": "y", "origin": [10.12132, 8, 9.29289]},
			"faces": {
				"north": {"uv": [3.625, 2.5, 4.5, 3.375], "texture": "#0"},
				"east": {"uv": [4.5, 2.5, 5.375, 3.375], "texture": "#0"},
				"south": {"uv": [5, 0, 5.875, 0.875], "texture": "#0"},
				"west": {"uv": [5, 0.875, 5.875, 1.75], "texture": "#0"},
				"up": {"uv": [2.125, 6.125, 1.25, 5.25], "texture": "#0"},
				"down": {"uv": [3, 5.25, 2.125, 6.125], "texture": "#0"}
			}
		},
		{
			"from": [2.62132, 3.5, 4.79289],
			"to": [11.62132, 6.5, 13.79289],
			"rotation": {"angle": 45, "axis": "y", "origin": [10.12132, 1, 9.29289]},
			"faces": {
				"north": {"uv": [5.75, 4.25, 6.875, 4.625], "texture": "#0"},
				"east": {"uv": [0, 6.375, 1.125, 6.75], "texture": "#0"},
				"south": {"uv": [6.375, 2.75, 7.5, 3.125], "texture": "#0"},
				"west": {"uv": [6.375, 3.125, 7.5, 3.5], "texture": "#0"},
				"up": {"uv": [2.75, 1.125, 1.625, 0], "texture": "#0"},
				"down": {"uv": [2.75, 1.125, 1.625, 2.25], "texture": "#0"}
			}
		},
		{
			"from": [4.5, 1.5, 8.5],
			"to": [11.5, 3.5, 13.5],
			"rotation": {"angle": 0, "axis": "y", "origin": [8, -2, 8]},
			"faces": {
				"north": {"uv": [7.25, 3.875, 8.125, 4.125], "texture": "#0"},
				"east": {"uv": [7.375, 7.375, 8, 7.625], "texture": "#0"},
				"south": {"uv": [6.5, 7.375, 7.375, 7.625], "texture": "#0"},
				"west": {"uv": [7.5, 0, 8.125, 0.25], "texture": "#0"},
				"up": {"uv": [6.625, 4.25, 5.75, 3.625], "texture": "#0"},
				"down": {"uv": [5.375, 5.75, 4.5, 6.375], "texture": "#0"}
			}
		},
		{
			"from": [4.5, -2.5, 9.5],
			"to": [10.5, 0.5, 12.5],
			"rotation": {"angle": 0, "axis": "y", "origin": [8, -5, 8]},
			"faces": {
				"north": {"uv": [5, 7.125, 5.75, 7.5], "texture": "#0"},
				"east": {"uv": [5.375, 2.75, 5.75, 3.125], "texture": "#0"},
				"south": {"uv": [5.75, 7.125, 6.5, 7.5], "texture": "#0"},
				"west": {"uv": [2.5, 6.125, 2.875, 6.5], "texture": "#0"},
				"up": {"uv": [8, 3.875, 7.25, 3.5], "texture": "#0"},
				"down": {"uv": [0.75, 7.375, 0, 7.75], "texture": "#0"}
			}
		},
		{
			"from": [-4.43182, 13.5, 6.47176],
			"to": [3.56818, 17.5, 15.47176],
			"rotation": {"angle": 22.5, "axis": "z", "origin": [-2.93182, 14.5, 10.97176]},
			"faces": {
				"north": {"uv": [5.875, 0, 6.875, 0.5], "texture": "#0"},
				"east": {"uv": [5, 1.75, 6.125, 2.25], "texture": "#0"},
				"south": {"uv": [5.875, 0.5, 6.875, 1], "texture": "#0"},
				"west": {"uv": [4.5, 5.25, 5.625, 5.75], "texture": "#0"},
				"up": {"uv": [2.625, 3.375, 1.625, 2.25], "texture": "#0"},
				"down": {"uv": [3.625, 2.25, 2.625, 3.375], "texture": "#0"}
			}
		},
		{
			"from": [13.43182, 13.5, 6.47176],
			"to": [21.43182, 17.5, 15.47176],
			"rotation": {"angle": -22.5, "axis": "z", "origin": [19.93182, 14.5, 10.97176]},
			"faces": {
				"north": {"uv": [5.875, 1, 6.875, 1.5], "texture": "#0"},
				"east": {"uv": [5.25, 4.625, 6.375, 5.125], "texture": "#0"},
				"south": {"uv": [5.375, 6, 6.375, 6.5], "texture": "#0"},
				"west": {"uv": [5.375, 2.25, 6.5, 2.75], "texture": "#0"},
				"up": {"uv": [3.75, 1.125, 2.75, 0], "texture": "#0"},
				"down": {"uv": [3.75, 1.125, 2.75, 2.25], "texture": "#0"}
			}
		}
	],
	"display": {
		"thirdperson_righthand": {
			"rotation": [90, 0, 0],
			"translation": [8.25, 0, 3]
		},
		"head": {
			"translation": [0, -23.5, -4.5],
			"scale": [3, 3, 3]
		}
	},
	"groups": [
		{
			"name": "group",
			"origin": [8, 16.31818, 8.90358],
			"color": 0,
			"children": [0, 1, 2, 3, 4, 5, 6, 7, 8, 9, 10, 11, 12]
		},
		{
			"name": "group",
			"origin": [8, -5, 8],
			"color": 0,
			"children": [13, 14, 15, 16, 17]
		},
		18,
		19
	]
}