{
	"credit": "Made with Blockbench",
	"texture_size": [32, 32],
	"textures": {
		"1": "item/mob/stick/20139/thunder",
		"4": "item/mob/stick/20139/head",
		"5": "item/mob/stick/20139/2"
	},
	"elements": [
		{
			"name": "head",
			"from": [4, 4, 4],
			"to": [12, 12, 12],
			"rotation": {"angle": 0, "axis": "y", "origin": [0, -19.5, 0]},
			"faces": {
				"north": {"uv": [4, 12, 8, 16], "texture": "#4"},
				"east": {"uv": [0, 12, 4, 16], "texture": "#4"},
				"south": {"uv": [12, 12, 16, 16], "texture": "#4"},
				"west": {"uv": [8, 12, 12, 16], "texture": "#4"},
				"up": {"uv": [8, 12, 4, 8], "texture": "#4"},
				"down": {"uv": [12, 8, 8, 12], "texture": "#4"}
			}
		},
		{
			"name": "head_2nd_layer",
			"from": [3.465, 3.27, 3.465],
			"to": [12.375, 12.18, 12.375],
			"rotation": {"angle": 0, "axis": "y", "origin": [0, -19.5, 0]},
			"faces": {
				"north": {"uv": [4, 4, 8, 8], "texture": "#4"},
				"east": {"uv": [0, 4, 4, 8], "texture": "#4"},
				"south": {"uv": [12, 4, 16, 8], "texture": "#4"},
				"west": {"uv": [8, 4, 12, 8], "texture": "#4"},
				"up": {"uv": [8, 4, 4, 0], "texture": "#4"},
				"down": {"uv": [12, 0, 8, 4], "texture": "#4"}
			}
		},
		{
			"from": [10.5, 5.5, -0.975],
			"to": [11.5, 10.5, 4.025],
			"rotation": {"angle": 0, "axis": "y", "origin": [5.5, 5.5, -3.975]},
			"faces": {
				"north": {"uv": [0, 11, 0.5, 13.5], "texture": "#5"},
				"east": {"uv": [8, 4.5, 10.5, 7], "texture": "#5"},
				"south": {"uv": [0.5, 11, 1, 13.5], "texture": "#5"},
				"west": {"uv": [8, 7, 10.5, 9.5], "texture": "#5"},
				"up": {"uv": [1.5, 13.5, 1, 11], "texture": "#5"},
				"down": {"uv": [2, 11, 1.5, 13.5], "texture": "#5"}
			}
		},
		{
			"from": [4.5, 5.5, -0.975],
			"to": [5.5, 10.5, 4.025],
			"rotation": {"angle": 0, "axis": "y", "origin": [5.5, 5.5, -3.975]},
			"faces": {
				"north": {"uv": [2, 11, 2.5, 13.5], "texture": "#5"},
				"east": {"uv": [0, 8.5, 2.5, 11], "texture": "#5"},
				"south": {"uv": [2.5, 11, 3, 13.5], "texture": "#5"},
				"west": {"uv": [2.5, 8.5, 5, 11], "texture": "#5"},
				"up": {"uv": [3.5, 13.5, 3, 11], "texture": "#5"},
				"down": {"uv": [4, 11, 3.5, 13.5], "texture": "#5"}
			}
		},
		{
			"from": [5.5, 4.5, -0.975],
			"to": [10.5, 11.5, 4.025],
			"rotation": {"angle": 0, "axis": "y", "origin": [5.5, 5.5, -3.975]},
			"faces": {
				"north": {"uv": [0, 0, 2.5, 3.5], "texture": "#5"},
				"east": {"uv": [2.5, 0, 5, 3.5], "texture": "#5"},
				"south": {"uv": [0, 3.5, 2.5, 7], "texture": "#5"},
				"west": {"uv": [2.5, 3.5, 5, 7], "texture": "#5"},
				"up": {"uv": [7.5, 11.5, 5, 9], "texture": "#5"},
				"down": {"uv": [10, 9.5, 7.5, 12], "texture": "#5"}
			}
		},
		{
			"from": [6.5, 3.5, 1.025],
			"to": [9.5, 12.5, 4.025],
			"rotation": {"angle": 0, "axis": "y", "origin": [5.5, 6.5, -3.975]},
			"faces": {
				"north": {"uv": [5, 0, 6.5, 4.5], "texture": "#5"},
				"east": {"uv": [5, 4.5, 6.5, 9], "texture": "#5"},
				"south": {"uv": [6.5, 0, 8, 4.5], "texture": "#5"},
				"west": {"uv": [6.5, 4.5, 8, 9], "texture": "#5"},
				"up": {"uv": [11.5, 11, 10, 9.5], "texture": "#5"},
				"down": {"uv": [12, 4.5, 10.5, 6], "texture": "#5"}
			}
		},
		{
			"from": [3.5, 6.5, 1.025],
			"to": [12.5, 9.5, 4.025],
			"shade": false,
			"rotation": {"angle": 0, "axis": "y", "origin": [8, 8, 2.525]},
			"faces": {
				"north": {"uv": [0, 7, 4.5, 8.5], "texture": "#5"},
				"east": {"uv": [10.5, 6, 12, 7.5], "texture": "#5"},
				"south": {"uv": [8, 0, 12.5, 1.5], "texture": "#5"},
				"west": {"uv": [10.5, 7.5, 12, 9], "texture": "#5"},
				"up": {"uv": [12.5, 3, 8, 1.5], "texture": "#5"},
				"down": {"uv": [12.5, 3, 8, 4.5], "texture": "#5"}
			}
		},
		{
			"from": [7.5, 4.06066, -2.91434],
			"to": [8.5, 5.06066, 0.08566],
			"rotation": {"angle": 45, "axis": "x", "origin": [7.5, 5.56066, 0.08566]},
			"faces": {
				"north": {"uv": [12.5, 1, 13, 1.5], "texture": "#5"},
				"east": {"uv": [11.5, 11, 13, 11.5], "texture": "#5"},
				"south": {"uv": [12.5, 1.5, 13, 2], "texture": "#5"},
				"west": {"uv": [11.5, 11.5, 13, 12], "texture": "#5"},
				"up": {"uv": [5, 8.5, 4.5, 7], "texture": "#5"},
				"down": {"uv": [7, 11.5, 6.5, 13], "texture": "#5"}
			}
		},
		{
			"from": [8.58579, 7.5, -2.18211],
			"to": [11.58579, 8.5, -1.18211],
			"rotation": {"angle": -45, "axis": "y", "origin": [10.08579, 8, -1.68211]},
			"faces": {
				"north": {"uv": [12, 4.5, 13.5, 5], "texture": "#5"},
				"east": {"uv": [12.5, 2, 13, 2.5], "texture": "#5"},
				"south": {"uv": [12, 5, 13.5, 5.5], "texture": "#5"},
				"west": {"uv": [12.5, 2.5, 13, 3], "texture": "#5"},
				"up": {"uv": [13.5, 6, 12, 5.5], "texture": "#5"},
				"down": {"uv": [13.5, 6, 12, 6.5], "texture": "#5"}
			}
		},
		{
			"from": [4.41421, 7.5, -2.18211],
			"to": [7.41421, 8.5, -1.18211],
			"rotation": {"angle": 45, "axis": "y", "origin": [5.91421, 8, -1.68211]},
			"faces": {
				"north": {"uv": [12, 6.5, 13.5, 7], "texture": "#5"},
				"east": {"uv": [12.5, 3, 13, 3.5], "texture": "#5"},
				"south": {"uv": [7, 12, 8.5, 12.5], "texture": "#5"},
				"west": {"uv": [12.5, 3.5, 13, 4], "texture": "#5"},
				"up": {"uv": [13.5, 7.5, 12, 7], "texture": "#5"},
				"down": {"uv": [13.5, 7.5, 12, 8], "texture": "#5"}
			}
		},
		{
			"from": [7.5, 10.93934, -2.91434],
			"to": [8.5, 11.93934, 0.08566],
			"rotation": {"angle": -45, "axis": "x", "origin": [7.5, 10.43934, 0.08566]},
			"faces": {
				"north": {"uv": [12.5, 4, 13, 4.5], "texture": "#5"},
				"east": {"uv": [12, 8, 13.5, 8.5], "texture": "#5"},
				"south": {"uv": [7, 12.5, 7.5, 13], "texture": "#5"},
				"west": {"uv": [8.5, 12, 10, 12.5], "texture": "#5"},
				"up": {"uv": [12, 13.5, 11.5, 12], "texture": "#5"},
				"down": {"uv": [12.5, 12, 12, 13.5], "texture": "#5"}
			}
		},
		{
			"from": [9.5, 5.5, -1.975],
			"to": [10.5, 10.5, -0.975],
			"rotation": {"angle": 0, "axis": "y", "origin": [5.5, 5.5, -3.975]},
			"faces": {
				"north": {"uv": [4, 11, 4.5, 13.5], "texture": "#5"},
				"east": {"uv": [4.5, 11, 5, 13.5], "texture": "#5"},
				"south": {"uv": [10, 11, 10.5, 13.5], "texture": "#5"},
				"west": {"uv": [10.5, 11, 11, 13.5], "texture": "#5"},
				"up": {"uv": [8, 13, 7.5, 12.5], "texture": "#5"},
				"down": {"uv": [8.5, 12.5, 8, 13], "texture": "#5"}
			}
		},
		{
			"from": [5.5, 5.5, -1.975],
			"to": [6.5, 10.5, -0.975],
			"rotation": {"angle": 0, "axis": "y", "origin": [5.5, 5.5, -3.975]},
			"faces": {
				"north": {"uv": [11, 11, 11.5, 13.5], "texture": "#5"},
				"east": {"uv": [5, 11.5, 5.5, 14], "texture": "#5"},
				"south": {"uv": [5.5, 11.5, 6, 14], "texture": "#5"},
				"west": {"uv": [6, 11.5, 6.5, 14], "texture": "#5"},
				"up": {"uv": [9, 13, 8.5, 12.5], "texture": "#5"},
				"down": {"uv": [9.5, 12.5, 9, 13], "texture": "#5"}
			}
		},
		{
			"from": [6.5, 5.5, -1.975],
			"to": [9.5, 6.5, -0.975],
			"shade": false,
			"rotation": {"angle": 0, "axis": "y", "origin": [5.5, 5.5, -3.975]},
			"faces": {
				"north": {"uv": [12, 8.5, 13.5, 9], "texture": "#5"},
				"east": {"uv": [9.5, 12.5, 10, 13], "texture": "#5"},
				"south": {"uv": [12, 9, 13.5, 9.5], "texture": "#5"},
				"west": {"uv": [12.5, 12, 13, 12.5], "texture": "#5"},
				"up": {"uv": [14, 0.5, 12.5, 0], "texture": "#5"},
				"down": {"uv": [14, 0.5, 12.5, 1], "texture": "#5"}
			}
		},
		{
			"from": [6.5, 9.5, -1.975],
			"to": [9.5, 10.5, -0.975],
			"shade": false,
			"rotation": {"angle": 0, "axis": "y", "origin": [5.5, 5.5, -3.975]},
			"faces": {
				"north": {"uv": [10.5, 9, 12, 9.5], "texture": "#5"},
				"east": {"uv": [7.5, 9, 8, 9.5], "texture": "#5"},
				"south": {"uv": [11.5, 9.5, 13, 10], "texture": "#5"},
				"west": {"uv": [7, 11.5, 7.5, 12], "texture": "#5"},
				"up": {"uv": [13, 10.5, 11.5, 10], "texture": "#5"},
				"down": {"uv": [13, 10.5, 11.5, 11], "texture": "#5"}
			}
		},
		{
			"from": [3, 3, -3],
			"to": [13, 13, -2],
			"faces": {
				"north": {"uv": [0, 0, 16, 16], "texture": "#1"},
				"east": {"uv": [1, 1, 1, 1], "texture": "#1"},
				"south": {"uv": [1, 1, 1, 1], "texture": "#1"},
				"west": {"uv": [1, 1, 1, 1], "texture": "#1"},
				"up": {"uv": [1, 1, 1, 1], "texture": "#1"},
				"down": {"uv": [1, 1, 1, 1], "texture": "#1"}
			}
		}
	],
	"display": {
		"head": {
			"scale": [1.65, 1.65, 1.65]
		}
	},
	"groups": [
		{
			"name": "alex",
			"origin": [8, 8, 8],
			"color": 0,
			"children": [0, 1]
		},
		{
			"name": "model",
			"origin": [8, 8, 8],
			"color": 0,
			"children": [2, 3, 4, 5, 6, 7, 8, 9, 10, 11, 12, 13, 14]
		},
		15
	]
}