{
	"credit": "Made with Blockbench",
	"texture_size": [64, 64],
	"textures": {
		"0": "item/mob/stick/20133/texture",
		"2": "item/mob/stick/20133/axe",
		"particle": "item/mob/stick/20133/texture"
	},
	"elements": [
		{
			"from": [6.82267, 9.01912, 9.64039],
			"to": [9.32267, 11.51912, 14.6404],
			"rotation": {"angle": -45, "axis": "y", "origin": [8.07267, 10.26912, 12.14039]},
			"faces": {
				"north": {"uv": [7.5, 0, 6.875, 0.625], "rotation": 180, "texture": "#0"},
				"east": {"uv": [0, 4.25, 0.625, 5.5], "rotation": 270, "texture": "#0"},
				"south": {"uv": [7.375, 2.75, 6.75, 2.125], "texture": "#0"},
				"west": {"uv": [4.375, 0, 5, 1.25], "rotation": 90, "texture": "#0"},
				"up": {"uv": [4, 4, 4.625, 5.25], "rotation": 180, "texture": "#0"},
				"down": {"uv": [0.625, 4.25, 1.25, 5.5], "texture": "#0"}
			}
		},
		{
			"from": [8.82267, 9.01912, 1.81197],
			"to": [10.82267, 11.51912, 6.81197],
			"rotation": {"angle": -45, "axis": "x", "origin": [10.57267, 12.26912, 9.31196]},
			"faces": {
				"north": {"uv": [4, 7.125, 3.5, 7.75], "rotation": 180, "texture": "#0"},
				"east": {"uv": [4.375, 1.25, 5, 2.5], "rotation": 270, "texture": "#0"},
				"south": {"uv": [3.5, 7.75, 3, 7.125], "texture": "#0"},
				"west": {"uv": [4.625, 4, 5.25, 5.25], "rotation": 90, "texture": "#0"},
				"up": {"uv": [3.5, 5.25, 4, 6.5], "rotation": 180, "texture": "#0"},
				"down": {"uv": [4, 5.25, 4.5, 6.5], "texture": "#0"}
			}
		},
		{
			"from": [8.32267, 9.01912, -1.18804],
			"to": [10.82267, 11.51912, 1.31196],
			"rotation": {"angle": -45, "axis": "x", "origin": [10.57267, 12.26912, 9.31196]},
			"faces": {
				"north": {"uv": [5, 7, 4.375, 7.625], "rotation": 180, "texture": "#0"},
				"east": {"uv": [1.25, 6.875, 1.875, 7.5], "rotation": 270, "texture": "#0"},
				"south": {"uv": [7.5, 5.375, 6.875, 4.75], "texture": "#0"},
				"west": {"uv": [6.875, 4.125, 7.5, 4.75], "rotation": 90, "texture": "#0"},
				"up": {"uv": [6.875, 0.625, 7.5, 1.25], "rotation": 180, "texture": "#0"},
				"down": {"uv": [1.875, 6.875, 2.5, 7.5], "texture": "#0"}
			}
		},
		{
			"name": "axe_0",
			"from": [-5.16226, -1, -4.78302],
			"to": [-3.16226, -0.5, -2.28302],
			"rotation": {"angle": -45, "axis": "x", "origin": [2.67736, -0.75, -1.16038]},
			"faces": {
				"north": {"uv": [11.5, 0, 12, 2], "rotation": 90, "texture": "#2"},
				"east": {"uv": [9.5, 1.5, 12, 2], "texture": "#2"},
				"south": {"uv": [9.5, 0, 10, 2], "rotation": 270, "texture": "#2"},
				"west": {"uv": [12, 0, 9.5, 0.5], "texture": "#2"},
				"up": {"uv": [9.5, 0, 12, 2], "rotation": 270, "texture": "#2"},
				"down": {"uv": [9.5, 2, 12, 0], "rotation": 90, "texture": "#2"}
			}
		},
		{
			"name": "axe_1",
			"from": [-4.66226, -1, -2.28302],
			"to": [-0.66226, -0.5, -0.78302],
			"rotation": {"angle": -45, "axis": "x", "origin": [2.67736, -0.75, -1.16038]},
			"faces": {
				"north": {"uv": [9, 0.5, 9.5, 4.5], "rotation": 90, "texture": "#2"},
				"east": {"uv": [8, 4, 9.5, 4.5], "texture": "#2"},
				"south": {"uv": [8, 0.5, 8.5, 4.5], "rotation": 270, "texture": "#2"},
				"west": {"uv": [9.5, 0.5, 8, 1], "texture": "#2"},
				"up": {"uv": [8, 0.5, 9.5, 4.5], "rotation": 270, "texture": "#2"},
				"down": {"uv": [8, 4.5, 9.5, 0.5], "rotation": 90, "texture": "#2"}
			}
		},
		{
			"name": "axe_2",
			"from": [-4.66226, -1, -5.78302],
			"to": [-4.16226, -0.5, -4.78302],
			"rotation": {"angle": -45, "axis": "x", "origin": [2.67736, -0.75, -1.16038]},
			"faces": {
				"north": {"uv": [12.5, 0.5, 13, 1], "rotation": 90, "texture": "#2"},
				"east": {"uv": [12, 0.5, 13, 1], "texture": "#2"},
				"south": {"uv": [12, 0.5, 12.5, 1], "rotation": 270, "texture": "#2"},
				"west": {"uv": [13, 0.5, 12, 1], "texture": "#2"},
				"up": {"uv": [12, 0.5, 13, 1], "rotation": 270, "texture": "#2"},
				"down": {"uv": [12, 1, 13, 0.5], "rotation": 90, "texture": "#2"}
			}
		},
		{
			"name": "axe_3",
			"from": [-4.16226, -1, -0.78302],
			"to": [0.33774, -0.5, -0.28302],
			"rotation": {"angle": -45, "axis": "x", "origin": [2.67736, -0.75, -1.16038]},
			"faces": {
				"north": {"uv": [7.5, 1, 8, 5.5], "rotation": 90, "texture": "#2"},
				"east": {"uv": [7.5, 5, 8, 5.5], "texture": "#2"},
				"south": {"uv": [7.5, 1, 8, 5.5], "rotation": 270, "texture": "#2"},
				"west": {"uv": [8, 1, 7.5, 1.5], "texture": "#2"},
				"up": {"uv": [7.5, 1, 8, 5.5], "rotation": 270, "texture": "#2"},
				"down": {"uv": [7.5, 5.5, 8, 1], "rotation": 90, "texture": "#2"}
			}
		},
		{
			"name": "axe_4",
			"from": [-4.16226, -1, -5.28302],
			"to": [-3.66226, -0.5, -4.78302],
			"rotation": {"angle": -45, "axis": "x", "origin": [2.67736, -0.75, -1.16038]},
			"faces": {
				"north": {"uv": [12, 1, 12.5, 1.5], "rotation": 90, "texture": "#2"},
				"east": {"uv": [12, 1, 12.5, 1.5], "texture": "#2"},
				"south": {"uv": [12, 1, 12.5, 1.5], "rotation": 270, "texture": "#2"},
				"west": {"uv": [12.5, 1, 12, 1.5], "texture": "#2"},
				"up": {"uv": [12, 1, 12.5, 1.5], "rotation": 270, "texture": "#2"},
				"down": {"uv": [12, 1.5, 12.5, 1], "rotation": 90, "texture": "#2"}
			}
		},
		{
			"name": "axe_5",
			"from": [-3.66226, -1, -0.28302],
			"to": [1.33774, -0.5, 0.21698],
			"rotation": {"angle": -45, "axis": "x", "origin": [2.67736, -0.75, -1.16038]},
			"faces": {
				"north": {"uv": [7, 1.5, 7.5, 6.5], "rotation": 90, "texture": "#2"},
				"east": {"uv": [7, 6, 7.5, 6.5], "texture": "#2"},
				"south": {"uv": [7, 1.5, 7.5, 6.5], "rotation": 270, "texture": "#2"},
				"west": {"uv": [7.5, 1.5, 7, 2], "texture": "#2"},
				"up": {"uv": [7, 1.5, 7.5, 6.5], "rotation": 270, "texture": "#2"},
				"down": {"uv": [7, 6.5, 7.5, 1.5], "rotation": 90, "texture": "#2"}
			}
		},
		{
			"name": "axe_6",
			"from": [-3.16226, -1, 0.21698],
			"to": [1.83774, -0.5, 0.71698],
			"rotation": {"angle": -45, "axis": "x", "origin": [2.67736, -0.75, -1.16038]},
			"faces": {
				"north": {"uv": [6.5, 2, 7, 7], "rotation": 90, "texture": "#2"},
				"east": {"uv": [6.5, 6.5, 7, 7], "texture": "#2"},
				"south": {"uv": [6.5, 2, 7, 7], "rotation": 270, "texture": "#2"},
				"west": {"uv": [7, 2, 6.5, 2.5], "texture": "#2"},
				"up": {"uv": [6.5, 2, 7, 7], "rotation": 270, "texture": "#2"},
				"down": {"uv": [6.5, 7, 7, 2], "rotation": 90, "texture": "#2"}
			}
		},
		{
			"name": "axe_7",
			"from": [-3.16226, -1, -3.28302],
			"to": [-2.16226, -0.5, -2.28302],
			"rotation": {"angle": -45, "axis": "x", "origin": [2.67736, -0.75, -1.16038]},
			"faces": {
				"north": {"uv": [10, 2, 10.5, 3], "rotation": 90, "texture": "#2"},
				"east": {"uv": [9.5, 2.5, 10.5, 3], "texture": "#2"},
				"south": {"uv": [9.5, 2, 10, 3], "rotation": 270, "texture": "#2"},
				"west": {"uv": [10.5, 2, 9.5, 2.5], "texture": "#2"},
				"up": {"uv": [9.5, 2, 10.5, 3], "rotation": 270, "texture": "#2"},
				"down": {"uv": [9.5, 3, 10.5, 2], "rotation": 90, "texture": "#2"}
			}
		},
		{
			"name": "axe_8",
			"from": [-3.16226, -1, -3.78302],
			"to": [-2.66226, -0.5, -3.28302],
			"rotation": {"angle": -45, "axis": "x", "origin": [2.67736, -0.75, -1.16038]},
			"faces": {
				"north": {"uv": [10.5, 2, 11, 2.5], "rotation": 90, "texture": "#2"},
				"east": {"uv": [10.5, 2, 11, 2.5], "texture": "#2"},
				"south": {"uv": [10.5, 2, 11, 2.5], "rotation": 270, "texture": "#2"},
				"west": {"uv": [11, 2, 10.5, 2.5], "texture": "#2"},
				"up": {"uv": [10.5, 2, 11, 2.5], "rotation": 270, "texture": "#2"},
				"down": {"uv": [10.5, 2.5, 11, 2], "rotation": 90, "texture": "#2"}
			}
		},
		{
			"name": "axe_9",
			"from": [-2.66226, -1, 0.71698],
			"to": [2.33774, -0.5, 1.21698],
			"rotation": {"angle": -45, "axis": "x", "origin": [2.67736, -0.75, -1.16038]},
			"faces": {
				"north": {"uv": [6, 2.5, 6.5, 7.5], "rotation": 90, "texture": "#2"},
				"east": {"uv": [6, 7, 6.5, 7.5], "texture": "#2"},
				"south": {"uv": [6, 2.5, 6.5, 7.5], "rotation": 270, "texture": "#2"},
				"west": {"uv": [6.5, 2.5, 6, 3], "texture": "#2"},
				"up": {"uv": [6, 2.5, 6.5, 7.5], "rotation": 270, "texture": "#2"},
				"down": {"uv": [6, 7.5, 6.5, 2.5], "rotation": 90, "texture": "#2"}
			}
		},
		{
			"name": "axe_10",
			"from": [-2.66226, -1, -8.28302],
			"to": [2.83774, -0.5, -7.78302],
			"rotation": {"angle": -45, "axis": "x", "origin": [2.67736, -0.75, -1.16038]},
			"faces": {
				"north": {"uv": [15, 2.5, 15.5, 8], "rotation": 90, "texture": "#2"},
				"east": {"uv": [15, 7.5, 15.5, 8], "texture": "#2"},
				"south": {"uv": [15, 2.5, 15.5, 8], "rotation": 270, "texture": "#2"},
				"west": {"uv": [15.5, 2.5, 15, 3], "texture": "#2"},
				"up": {"uv": [15, 2.5, 15.5, 8], "rotation": 270, "texture": "#2"},
				"down": {"uv": [15, 8, 15.5, 2.5], "rotation": 90, "texture": "#2"}
			}
		},
		{
			"name": "axe_11",
			"from": [-2.16226, -1, -2.78302],
			"to": [2.83774, -0.5, -2.28302],
			"rotation": {"angle": -45, "axis": "x", "origin": [2.67736, -0.75, -1.16038]},
			"faces": {
				"north": {"uv": [9.5, 3, 10, 8], "rotation": 90, "texture": "#2"},
				"east": {"uv": [9.5, 7.5, 10, 8], "texture": "#2"},
				"south": {"uv": [9.5, 3, 10, 8], "rotation": 270, "texture": "#2"},
				"west": {"uv": [10, 3, 9.5, 3.5], "texture": "#2"},
				"up": {"uv": [9.5, 3, 10, 8], "rotation": 270, "texture": "#2"},
				"down": {"uv": [9.5, 8, 10, 3], "rotation": 90, "texture": "#2"}
			}
		},
		{
			"name": "axe_12",
			"from": [-2.16226, -1, -5.78302],
			"to": [-0.66226, -0.5, -4.28302],
			"rotation": {"angle": -45, "axis": "x", "origin": [2.67736, -0.75, -1.16038]},
			"faces": {
				"north": {"uv": [12.5, 3, 13, 4.5], "rotation": 90, "texture": "#2"},
				"east": {"uv": [11.5, 4, 13, 4.5], "texture": "#2"},
				"south": {"uv": [11.5, 3, 12, 4.5], "rotation": 270, "texture": "#2"},
				"west": {"uv": [13, 3, 11.5, 3.5], "texture": "#2"},
				"up": {"uv": [11.5, 3, 13, 4.5], "rotation": 270, "texture": "#2"},
				"down": {"uv": [11.5, 4.5, 13, 3], "rotation": 90, "texture": "#2"}
			}
		},
		{
			"name": "axe_13",
			"from": [-2.16226, -1, -8.78302],
			"to": [1.83774, -0.5, -8.28302],
			"rotation": {"angle": -45, "axis": "x", "origin": [2.67736, -0.75, -1.16038]},
			"faces": {
				"north": {"uv": [15.5, 3, 16, 7], "rotation": 90, "texture": "#2"},
				"east": {"uv": [15.5, 6.5, 16, 7], "texture": "#2"},
				"south": {"uv": [15.5, 3, 16, 7], "rotation": 270, "texture": "#2"},
				"west": {"uv": [16, 3, 15.5, 3.5], "texture": "#2"},
				"up": {"uv": [15.5, 3, 16, 7], "rotation": 270, "texture": "#2"},
				"down": {"uv": [15.5, 7, 16, 3], "rotation": 90, "texture": "#2"}
			}
		},
		{
			"name": "axe_14",
			"from": [-1.66226, -1, 1.21698],
			"to": [2.33774, -0.5, 1.71698],
			"rotation": {"angle": -45, "axis": "x", "origin": [2.67736, -0.75, -1.16038]},
			"faces": {
				"north": {"uv": [5.5, 3.5, 6, 7.5], "rotation": 90, "texture": "#2"},
				"east": {"uv": [5.5, 7, 6, 7.5], "texture": "#2"},
				"south": {"uv": [5.5, 3.5, 6, 7.5], "rotation": 270, "texture": "#2"},
				"west": {"uv": [6, 3.5, 5.5, 4], "texture": "#2"},
				"up": {"uv": [5.5, 3.5, 6, 7.5], "rotation": 270, "texture": "#2"},
				"down": {"uv": [5.5, 7.5, 6, 3.5], "rotation": 90, "texture": "#2"}
			}
		},
		{
			"name": "axe_15",
			"from": [-1.66226, -1, -3.28302],
			"to": [2.33774, -0.5, -2.78302],
			"rotation": {"angle": -45, "axis": "x", "origin": [2.67736, -0.75, -1.16038]},
			"faces": {
				"north": {"uv": [10, 3.5, 10.5, 7.5], "rotation": 90, "texture": "#2"},
				"east": {"uv": [10, 7, 10.5, 7.5], "texture": "#2"},
				"south": {"uv": [10, 3.5, 10.5, 7.5], "rotation": 270, "texture": "#2"},
				"west": {"uv": [10.5, 3.5, 10, 4], "texture": "#2"},
				"up": {"uv": [10, 3.5, 10.5, 7.5], "rotation": 270, "texture": "#2"},
				"down": {"uv": [10, 7.5, 10.5, 3.5], "rotation": 90, "texture": "#2"}
			}
		},
		{
			"name": "axe_16",
			"from": [-1.66226, -1, -4.28302],
			"to": [1.83774, -0.5, -3.78302],
			"rotation": {"angle": -45, "axis": "x", "origin": [2.67736, -0.75, -1.16038]},
			"faces": {
				"north": {"uv": [11, 3.5, 11.5, 7], "rotation": 90, "texture": "#2"},
				"east": {"uv": [11, 6.5, 11.5, 7], "texture": "#2"},
				"south": {"uv": [11, 3.5, 11.5, 7], "rotation": 270, "texture": "#2"},
				"west": {"uv": [11.5, 3.5, 11, 4], "texture": "#2"},
				"up": {"uv": [11, 3.5, 11.5, 7], "rotation": 270, "texture": "#2"},
				"down": {"uv": [11, 7, 11.5, 3.5], "rotation": 90, "texture": "#2"}
			}
		},
		{
			"name": "axe_17",
			"from": [-1.66226, -1, -7.78302],
			"to": [3.33774, -0.5, -7.28302],
			"rotation": {"angle": -45, "axis": "x", "origin": [2.67736, -0.75, -1.16038]},
			"faces": {
				"north": {"uv": [14.5, 3.5, 15, 8.5], "rotation": 90, "texture": "#2"},
				"east": {"uv": [14.5, 8, 15, 8.5], "texture": "#2"},
				"south": {"uv": [14.5, 3.5, 15, 8.5], "rotation": 270, "texture": "#2"},
				"west": {"uv": [15, 3.5, 14.5, 4], "texture": "#2"},
				"up": {"uv": [14.5, 3.5, 15, 8.5], "rotation": 270, "texture": "#2"},
				"down": {"uv": [14.5, 8.5, 15, 3.5], "rotation": 90, "texture": "#2"}
			}
		},
		{
			"name": "axe_18",
			"from": [-1.16226, -1, -3.78302],
			"to": [2.33774, -0.5, -3.28302],
			"rotation": {"angle": -45, "axis": "x", "origin": [2.67736, -0.75, -1.16038]},
			"faces": {
				"north": {"uv": [10.5, 4, 11, 7.5], "rotation": 90, "texture": "#2"},
				"east": {"uv": [10.5, 7, 11, 7.5], "texture": "#2"},
				"south": {"uv": [10.5, 4, 11, 7.5], "rotation": 270, "texture": "#2"},
				"west": {"uv": [11, 4, 10.5, 4.5], "texture": "#2"},
				"up": {"uv": [10.5, 4, 11, 7.5], "rotation": 270, "texture": "#2"},
				"down": {"uv": [10.5, 7.5, 11, 4], "rotation": 90, "texture": "#2"}
			}
		},
		{
			"name": "axe_19",
			"from": [-1.16226, -1, -7.28302],
			"to": [3.83774, -0.5, -6.78302],
			"rotation": {"angle": -45, "axis": "x", "origin": [2.67736, -0.75, -1.16038]},
			"faces": {
				"north": {"uv": [14, 4, 14.5, 9], "rotation": 90, "texture": "#2"},
				"east": {"uv": [14, 8.5, 14.5, 9], "texture": "#2"},
				"south": {"uv": [14, 4, 14.5, 9], "rotation": 270, "texture": "#2"},
				"west": {"uv": [14.5, 4, 14, 4.5], "texture": "#2"},
				"up": {"uv": [14, 4, 14.5, 9], "rotation": 270, "texture": "#2"},
				"down": {"uv": [14, 9, 14.5, 4], "rotation": 90, "texture": "#2"}
			}
		},
		{
			"name": "axe_20",
			"from": [-0.66226, -1, -1.28302],
			"to": [-0.16226, -0.5, -0.78302],
			"rotation": {"angle": -45, "axis": "x", "origin": [2.67736, -0.75, -1.16038]},
			"faces": {
				"north": {"uv": [8, 4.5, 8.5, 5], "rotation": 90, "texture": "#2"},
				"east": {"uv": [8, 4.5, 8.5, 5], "texture": "#2"},
				"south": {"uv": [8, 4.5, 8.5, 5], "rotation": 270, "texture": "#2"},
				"west": {"uv": [8.5, 4.5, 8, 5], "texture": "#2"},
				"up": {"uv": [8, 4.5, 8.5, 5], "rotation": 270, "texture": "#2"},
				"down": {"uv": [8, 5, 8.5, 4.5], "rotation": 90, "texture": "#2"}
			}
		},
		{
			"name": "axe_21",
			"from": [-0.66226, -1, -2.28302],
			"to": [3.33774, -0.5, -1.78302],
			"rotation": {"angle": -45, "axis": "x", "origin": [2.67736, -0.75, -1.16038]},
			"faces": {
				"north": {"uv": [9, 4.5, 9.5, 8.5], "rotation": 90, "texture": "#2"},
				"east": {"uv": [9, 8, 9.5, 8.5], "texture": "#2"},
				"south": {"uv": [9, 4.5, 9.5, 8.5], "rotation": 270, "texture": "#2"},
				"west": {"uv": [9.5, 4.5, 9, 5], "texture": "#2"},
				"up": {"uv": [9, 4.5, 9.5, 8.5], "rotation": 270, "texture": "#2"},
				"down": {"uv": [9, 8.5, 9.5, 4.5], "rotation": 90, "texture": "#2"}
			}
		},
		{
			"name": "axe_22",
			"from": [-0.66226, -1, -5.28302],
			"to": [-0.16226, -0.5, -4.28302],
			"rotation": {"angle": -45, "axis": "x", "origin": [2.67736, -0.75, -1.16038]},
			"faces": {
				"north": {"uv": [12, 4.5, 12.5, 5], "rotation": 90, "texture": "#2"},
				"east": {"uv": [11.5, 4.5, 12.5, 5], "texture": "#2"},
				"south": {"uv": [11.5, 4.5, 12, 5], "rotation": 270, "texture": "#2"},
				"west": {"uv": [12.5, 4.5, 11.5, 5], "texture": "#2"},
				"up": {"uv": [11.5, 4.5, 12.5, 5], "rotation": 270, "texture": "#2"},
				"down": {"uv": [11.5, 5, 12.5, 4.5], "rotation": 90, "texture": "#2"}
			}
		},
		{
			"name": "axe_23",
			"from": [-0.16226, -1, -1.78302],
			"to": [3.83774, -0.5, -1.28302],
			"rotation": {"angle": -45, "axis": "x", "origin": [2.67736, -0.75, -1.16038]},
			"faces": {
				"north": {"uv": [8.5, 5, 9, 9], "rotation": 90, "texture": "#2"},
				"east": {"uv": [8.5, 8.5, 9, 9], "texture": "#2"},
				"south": {"uv": [8.5, 5, 9, 9], "rotation": 270, "texture": "#2"},
				"west": {"uv": [9, 5, 8.5, 5.5], "texture": "#2"},
				"up": {"uv": [8.5, 5, 9, 9], "rotation": 270, "texture": "#2"},
				"down": {"uv": [8.5, 9, 9, 5], "rotation": 90, "texture": "#2"}
			}
		},
		{
			"name": "axe_24",
			"from": [-0.16226, -1, -4.78302],
			"to": [5.33774, -0.5, -4.28302],
			"rotation": {"angle": -45, "axis": "x", "origin": [2.67736, -0.75, -1.16038]},
			"faces": {
				"north": {"uv": [11.5, 5, 12, 10.5], "rotation": 90, "texture": "#2"},
				"east": {"uv": [11.5, 10, 12, 10.5], "texture": "#2"},
				"south": {"uv": [11.5, 5, 12, 10.5], "rotation": 270, "texture": "#2"},
				"west": {"uv": [12, 5, 11.5, 5.5], "texture": "#2"},
				"up": {"uv": [11.5, 5, 12, 10.5], "rotation": 270, "texture": "#2"},
				"down": {"uv": [11.5, 10.5, 12, 5], "rotation": 90, "texture": "#2"}
			}
		},
		{
			"name": "axe_25",
			"from": [-0.16226, -1, -6.78302],
			"to": [4.33774, -0.5, -6.28302],
			"rotation": {"angle": -45, "axis": "x", "origin": [2.67736, -0.75, -1.16038]},
			"faces": {
				"north": {"uv": [13.5, 5, 14, 9.5], "rotation": 90, "texture": "#2"},
				"east": {"uv": [13.5, 9, 14, 9.5], "texture": "#2"},
				"south": {"uv": [13.5, 5, 14, 9.5], "rotation": 270, "texture": "#2"},
				"west": {"uv": [14, 5, 13.5, 5.5], "texture": "#2"},
				"up": {"uv": [13.5, 5, 14, 9.5], "rotation": 270, "texture": "#2"},
				"down": {"uv": [13.5, 9.5, 14, 5], "rotation": 90, "texture": "#2"}
			}
		},
		{
			"name": "axe_26",
			"from": [0.33774, -1, -5.28302],
			"to": [4.83774, -0.5, -4.78302],
			"rotation": {"angle": -45, "axis": "x", "origin": [2.67736, -0.75, -1.16038]},
			"faces": {
				"north": {"uv": [12, 5.5, 12.5, 10], "rotation": 90, "texture": "#2"},
				"east": {"uv": [12, 9.5, 12.5, 10], "texture": "#2"},
				"south": {"uv": [12, 5.5, 12.5, 10], "rotation": 270, "texture": "#2"},
				"west": {"uv": [12.5, 5.5, 12, 6], "texture": "#2"},
				"up": {"uv": [12, 5.5, 12.5, 10], "rotation": 270, "texture": "#2"},
				"down": {"uv": [12, 10, 12.5, 5.5], "rotation": 90, "texture": "#2"}
			}
		},
		{
			"name": "axe_27",
			"from": [0.33774, -1, -6.28302],
			"to": [4.83774, -0.5, -5.78302],
			"rotation": {"angle": -45, "axis": "x", "origin": [2.67736, -0.75, -1.16038]},
			"faces": {
				"north": {"uv": [13, 5.5, 13.5, 10], "rotation": 90, "texture": "#2"},
				"east": {"uv": [13, 9.5, 13.5, 10], "texture": "#2"},
				"south": {"uv": [13, 5.5, 13.5, 10], "rotation": 270, "texture": "#2"},
				"west": {"uv": [13.5, 5.5, 13, 6], "texture": "#2"},
				"up": {"uv": [13, 5.5, 13.5, 10], "rotation": 270, "texture": "#2"},
				"down": {"uv": [13, 10, 13.5, 5.5], "rotation": 90, "texture": "#2"}
			}
		},
		{
			"name": "axe_28",
			"from": [0.83774, -1, -1.28302],
			"to": [4.33774, -0.5, -0.78302],
			"rotation": {"angle": -45, "axis": "x", "origin": [2.67736, -0.75, -1.16038]},
			"faces": {
				"north": {"uv": [8, 6, 8.5, 9.5], "rotation": 90, "texture": "#2"},
				"east": {"uv": [8, 9, 8.5, 9.5], "texture": "#2"},
				"south": {"uv": [8, 6, 8.5, 9.5], "rotation": 270, "texture": "#2"},
				"west": {"uv": [8.5, 6, 8, 6.5], "texture": "#2"},
				"up": {"uv": [8, 6, 8.5, 9.5], "rotation": 270, "texture": "#2"},
				"down": {"uv": [8, 9.5, 8.5, 6], "rotation": 90, "texture": "#2"}
			}
		},
		{
			"name": "axe_29",
			"from": [0.83774, -1, -5.78302],
			"to": [4.83774, -0.5, -5.28302],
			"rotation": {"angle": -45, "axis": "x", "origin": [2.67736, -0.75, -1.16038]},
			"faces": {
				"north": {"uv": [12.5, 6, 13, 10], "rotation": 90, "texture": "#2"},
				"east": {"uv": [12.5, 9.5, 13, 10], "texture": "#2"},
				"south": {"uv": [12.5, 6, 13, 10], "rotation": 270, "texture": "#2"},
				"west": {"uv": [13, 6, 12.5, 6.5], "texture": "#2"},
				"up": {"uv": [12.5, 6, 13, 10], "rotation": 270, "texture": "#2"},
				"down": {"uv": [12.5, 10, 13, 6], "rotation": 90, "texture": "#2"}
			}
		},
		{
			"name": "axe_30",
			"from": [1.33774, -1, -0.78302],
			"to": [4.83774, -0.5, -0.28302],
			"rotation": {"angle": -45, "axis": "x", "origin": [2.67736, -0.75, -1.16038]},
			"faces": {
				"north": {"uv": [7.5, 6.5, 8, 10], "rotation": 90, "texture": "#2"},
				"east": {"uv": [7.5, 9.5, 8, 10], "texture": "#2"},
				"south": {"uv": [7.5, 6.5, 8, 10], "rotation": 270, "texture": "#2"},
				"west": {"uv": [8, 6.5, 7.5, 7], "texture": "#2"},
				"up": {"uv": [7.5, 6.5, 8, 10], "rotation": 270, "texture": "#2"},
				"down": {"uv": [7.5, 10, 8, 6.5], "rotation": 90, "texture": "#2"}
			}
		},
		{
			"name": "axe_31",
			"from": [1.83774, -1, -0.28302],
			"to": [5.33774, -0.5, 0.21698],
			"rotation": {"angle": -45, "axis": "x", "origin": [2.67736, -0.75, -1.16038]},
			"faces": {
				"north": {"uv": [7, 7, 7.5, 10.5], "rotation": 90, "texture": "#2"},
				"east": {"uv": [7, 10, 7.5, 10.5], "texture": "#2"},
				"south": {"uv": [7, 7, 7.5, 10.5], "rotation": 270, "texture": "#2"},
				"west": {"uv": [7.5, 7, 7, 7.5], "texture": "#2"},
				"up": {"uv": [7, 7, 7.5, 10.5], "rotation": 270, "texture": "#2"},
				"down": {"uv": [7, 10.5, 7.5, 7], "rotation": 90, "texture": "#2"}
			}
		},
		{
			"name": "axe_32",
			"from": [2.33774, -1, 0.21698],
			"to": [5.83774, -0.5, 0.71698],
			"rotation": {"angle": -45, "axis": "x", "origin": [2.67736, -0.75, -1.16038]},
			"faces": {
				"north": {"uv": [6.5, 7.5, 7, 11], "rotation": 90, "texture": "#2"},
				"east": {"uv": [6.5, 10.5, 7, 11], "texture": "#2"},
				"south": {"uv": [6.5, 7.5, 7, 11], "rotation": 270, "texture": "#2"},
				"west": {"uv": [7, 7.5, 6.5, 8], "texture": "#2"},
				"up": {"uv": [6.5, 7.5, 7, 11], "rotation": 270, "texture": "#2"},
				"down": {"uv": [6.5, 11, 7, 7.5], "rotation": 90, "texture": "#2"}
			}
		},
		{
			"name": "axe_33",
			"from": [2.33774, -1, -4.28302],
			"to": [5.33774, -0.5, -3.78302],
			"rotation": {"angle": -45, "axis": "x", "origin": [2.67736, -0.75, -1.16038]},
			"faces": {
				"north": {"uv": [11, 7.5, 11.5, 10.5], "rotation": 90, "texture": "#2"},
				"east": {"uv": [11, 10, 11.5, 10.5], "texture": "#2"},
				"south": {"uv": [11, 7.5, 11.5, 10.5], "rotation": 270, "texture": "#2"},
				"west": {"uv": [11.5, 7.5, 11, 8], "texture": "#2"},
				"up": {"uv": [11, 7.5, 11.5, 10.5], "rotation": 270, "texture": "#2"},
				"down": {"uv": [11, 10.5, 11.5, 7.5], "rotation": 90, "texture": "#2"}
			}
		},
		{
			"name": "axe_34",
			"from": [2.83774, -1, 0.71698],
			"to": [6.33774, -0.5, 1.21698],
			"rotation": {"angle": -45, "axis": "x", "origin": [2.67736, -0.75, -1.16038]},
			"faces": {
				"north": {"uv": [6, 8, 6.5, 11.5], "rotation": 90, "texture": "#2"},
				"east": {"uv": [6, 11, 6.5, 11.5], "texture": "#2"},
				"south": {"uv": [6, 8, 6.5, 11.5], "rotation": 270, "texture": "#2"},
				"west": {"uv": [6.5, 8, 6, 8.5], "texture": "#2"},
				"up": {"uv": [6, 8, 6.5, 11.5], "rotation": 270, "texture": "#2"},
				"down": {"uv": [6, 11.5, 6.5, 8], "rotation": 90, "texture": "#2"}
			}
		},
		{
			"name": "axe_35",
			"from": [2.83774, -1, -3.78302],
			"to": [5.33774, -0.5, -3.28302],
			"rotation": {"angle": -45, "axis": "x", "origin": [2.67736, -0.75, -1.16038]},
			"faces": {
				"north": {"uv": [10.5, 8, 11, 10.5], "rotation": 90, "texture": "#2"},
				"east": {"uv": [10.5, 10, 11, 10.5], "texture": "#2"},
				"south": {"uv": [10.5, 8, 11, 10.5], "rotation": 270, "texture": "#2"},
				"west": {"uv": [11, 8, 10.5, 8.5], "texture": "#2"},
				"up": {"uv": [10.5, 8, 11, 10.5], "rotation": 270, "texture": "#2"},
				"down": {"uv": [10.5, 10.5, 11, 8], "rotation": 90, "texture": "#2"}
			}
		},
		{
			"name": "axe_36",
			"from": [3.33774, -1, 1.21698],
			"to": [6.83774, -0.5, 1.71698],
			"rotation": {"angle": -45, "axis": "x", "origin": [2.67736, -0.75, -1.16038]},
			"faces": {
				"north": {"uv": [5.5, 8.5, 6, 12], "rotation": 90, "texture": "#2"},
				"east": {"uv": [5.5, 11.5, 6, 12], "texture": "#2"},
				"south": {"uv": [5.5, 8.5, 6, 12], "rotation": 270, "texture": "#2"},
				"west": {"uv": [6, 8.5, 5.5, 9], "texture": "#2"},
				"up": {"uv": [5.5, 8.5, 6, 12], "rotation": 270, "texture": "#2"},
				"down": {"uv": [5.5, 12, 6, 8.5], "rotation": 90, "texture": "#2"}
			}
		},
		{
			"name": "axe_37",
			"from": [3.33774, -1, -3.28302],
			"to": [5.33774, -0.5, -2.28302],
			"rotation": {"angle": -45, "axis": "x", "origin": [2.67736, -0.75, -1.16038]},
			"faces": {
				"north": {"uv": [10, 8.5, 10.5, 10.5], "rotation": 90, "texture": "#2"},
				"east": {"uv": [9.5, 10, 10.5, 10.5], "texture": "#2"},
				"south": {"uv": [9.5, 8.5, 10, 10.5], "rotation": 270, "texture": "#2"},
				"west": {"uv": [10.5, 8.5, 9.5, 9], "texture": "#2"},
				"up": {"uv": [9.5, 8.5, 10.5, 10.5], "rotation": 270, "texture": "#2"},
				"down": {"uv": [9.5, 10.5, 10.5, 8.5], "rotation": 90, "texture": "#2"}
			}
		},
		{
			"name": "axe_38",
			"from": [3.83774, -1, 1.71698],
			"to": [7.33774, -0.5, 2.21698],
			"rotation": {"angle": -45, "axis": "x", "origin": [2.67736, -0.75, -1.16038]},
			"faces": {
				"north": {"uv": [5, 9, 5.5, 12.5], "rotation": 90, "texture": "#2"},
				"east": {"uv": [5, 12, 5.5, 12.5], "texture": "#2"},
				"south": {"uv": [5, 9, 5.5, 12.5], "rotation": 270, "texture": "#2"},
				"west": {"uv": [5.5, 9, 5, 9.5], "texture": "#2"},
				"up": {"uv": [5, 9, 5.5, 12.5], "rotation": 270, "texture": "#2"},
				"down": {"uv": [5, 12.5, 5.5, 9], "rotation": 90, "texture": "#2"}
			}
		},
		{
			"name": "axe_39",
			"from": [3.83774, -1, -2.28302],
			"to": [4.83774, -0.5, -1.78302],
			"rotation": {"angle": -45, "axis": "x", "origin": [2.67736, -0.75, -1.16038]},
			"faces": {
				"north": {"uv": [9, 9, 9.5, 10], "rotation": 90, "texture": "#2"},
				"east": {"uv": [9, 9.5, 9.5, 10], "texture": "#2"},
				"south": {"uv": [9, 9, 9.5, 10], "rotation": 270, "texture": "#2"},
				"west": {"uv": [9.5, 9, 9, 9.5], "texture": "#2"},
				"up": {"uv": [9, 9, 9.5, 10], "rotation": 270, "texture": "#2"},
				"down": {"uv": [9, 10, 9.5, 9], "rotation": 90, "texture": "#2"}
			}
		},
		{
			"name": "axe_40",
			"from": [4.33774, -1, 2.21698],
			"to": [9.83774, -0.5, 2.71698],
			"rotation": {"angle": -45, "axis": "x", "origin": [2.67736, -0.75, -1.16038]},
			"faces": {
				"north": {"uv": [4.5, 9.5, 5, 15], "rotation": 90, "texture": "#2"},
				"east": {"uv": [4.5, 14.5, 5, 15], "texture": "#2"},
				"south": {"uv": [4.5, 9.5, 5, 15], "rotation": 270, "texture": "#2"},
				"west": {"uv": [5, 9.5, 4.5, 10], "texture": "#2"},
				"up": {"uv": [4.5, 9.5, 5, 15], "rotation": 270, "texture": "#2"},
				"down": {"uv": [4.5, 15, 5, 9.5], "rotation": 90, "texture": "#2"}
			}
		},
		{
			"name": "axe_41",
			"from": [4.33774, -1, -1.78302],
			"to": [4.83774, -0.5, -1.28302],
			"rotation": {"angle": -45, "axis": "x", "origin": [2.67736, -0.75, -1.16038]},
			"faces": {
				"north": {"uv": [8.5, 9.5, 9, 10], "rotation": 90, "texture": "#2"},
				"east": {"uv": [8.5, 9.5, 9, 10], "texture": "#2"},
				"south": {"uv": [8.5, 9.5, 9, 10], "rotation": 270, "texture": "#2"},
				"west": {"uv": [9, 9.5, 8.5, 10], "texture": "#2"},
				"up": {"uv": [8.5, 9.5, 9, 10], "rotation": 270, "texture": "#2"},
				"down": {"uv": [8.5, 10, 9, 9.5], "rotation": 90, "texture": "#2"}
			}
		},
		{
			"name": "axe_42",
			"from": [4.83774, -1, 2.71698],
			"to": [9.83774, -0.5, 3.21698],
			"rotation": {"angle": -45, "axis": "x", "origin": [2.67736, -0.75, -1.16038]},
			"faces": {
				"north": {"uv": [4, 10, 4.5, 15], "rotation": 90, "texture": "#2"},
				"east": {"uv": [4, 14.5, 4.5, 15], "texture": "#2"},
				"south": {"uv": [4, 10, 4.5, 15], "rotation": 270, "texture": "#2"},
				"west": {"uv": [4.5, 10, 4, 10.5], "texture": "#2"},
				"up": {"uv": [4, 10, 4.5, 15], "rotation": 270, "texture": "#2"},
				"down": {"uv": [4, 15, 4.5, 10], "rotation": 90, "texture": "#2"}
			}
		},
		{
			"name": "axe_43",
			"from": [5.33774, -1, 4.71698],
			"to": [9.33774, -0.5, 5.71698],
			"rotation": {"angle": -45, "axis": "x", "origin": [2.67736, -0.75, -1.16038]},
			"faces": {
				"north": {"uv": [2, 10.5, 2.5, 14.5], "rotation": 90, "texture": "#2"},
				"east": {"uv": [1.5, 14, 2.5, 14.5], "texture": "#2"},
				"south": {"uv": [1.5, 10.5, 2, 14.5], "rotation": 270, "texture": "#2"},
				"west": {"uv": [2.5, 10.5, 1.5, 11], "texture": "#2"},
				"up": {"uv": [1.5, 10.5, 2.5, 14.5], "rotation": 270, "texture": "#2"},
				"down": {"uv": [1.5, 14.5, 2.5, 10.5], "rotation": 90, "texture": "#2"}
			}
		},
		{
			"name": "axe_44",
			"from": [5.33774, -1, 3.21698],
			"to": [10.33774, -0.5, 3.71698],
			"rotation": {"angle": -45, "axis": "x", "origin": [2.67736, -0.75, -1.16038]},
			"faces": {
				"north": {"uv": [3.5, 10.5, 4, 15.5], "rotation": 90, "texture": "#2"},
				"east": {"uv": [3.5, 15, 4, 15.5], "texture": "#2"},
				"south": {"uv": [3.5, 10.5, 4, 15.5], "rotation": 270, "texture": "#2"},
				"west": {"uv": [4, 10.5, 3.5, 11], "texture": "#2"},
				"up": {"uv": [3.5, 10.5, 4, 15.5], "rotation": 270, "texture": "#2"},
				"down": {"uv": [3.5, 15.5, 4, 10.5], "rotation": 90, "texture": "#2"}
			}
		},
		{
			"name": "axe_45",
			"from": [5.83774, -1, 5.71698],
			"to": [8.33774, -0.5, 6.21698],
			"rotation": {"angle": -45, "axis": "x", "origin": [2.67736, -0.75, -1.16038]},
			"faces": {
				"north": {"uv": [1, 11, 1.5, 13.5], "rotation": 90, "texture": "#2"},
				"east": {"uv": [1, 13, 1.5, 13.5], "texture": "#2"},
				"south": {"uv": [1, 11, 1.5, 13.5], "rotation": 270, "texture": "#2"},
				"west": {"uv": [1.5, 11, 1, 11.5], "texture": "#2"},
				"up": {"uv": [1, 11, 1.5, 13.5], "rotation": 270, "texture": "#2"},
				"down": {"uv": [1, 13.5, 1.5, 11], "rotation": 90, "texture": "#2"}
			}
		},
		{
			"name": "axe_46",
			"from": [5.83774, -1, 3.71698],
			"to": [9.33774, -0.5, 4.71698],
			"rotation": {"angle": -45, "axis": "x", "origin": [2.67736, -0.75, -1.16038]},
			"faces": {
				"north": {"uv": [3, 11, 3.5, 14.5], "rotation": 90, "texture": "#2"},
				"east": {"uv": [2.5, 14, 3.5, 14.5], "texture": "#2"},
				"south": {"uv": [2.5, 11, 3, 14.5], "rotation": 270, "texture": "#2"},
				"west": {"uv": [3.5, 11, 2.5, 11.5], "texture": "#2"},
				"up": {"uv": [2.5, 11, 3.5, 14.5], "rotation": 270, "texture": "#2"},
				"down": {"uv": [2.5, 14.5, 3.5, 11], "rotation": 90, "texture": "#2"}
			}
		},
		{
			"name": "axe_47",
			"from": [6.83774, -1, 6.21698],
			"to": [7.33774, -0.5, 6.71698],
			"rotation": {"angle": -45, "axis": "x", "origin": [2.67736, -0.75, -1.16038]},
			"faces": {
				"north": {"uv": [0.5, 12, 1, 12.5], "rotation": 90, "texture": "#2"},
				"east": {"uv": [0.5, 12, 1, 12.5], "texture": "#2"},
				"south": {"uv": [0.5, 12, 1, 12.5], "rotation": 270, "texture": "#2"},
				"west": {"uv": [1, 12, 0.5, 12.5], "texture": "#2"},
				"up": {"uv": [0.5, 12, 1, 12.5], "rotation": 270, "texture": "#2"},
				"down": {"uv": [0.5, 12.5, 1, 12], "rotation": 90, "texture": "#2"}
			}
		},
		{
			"name": "axe_48",
			"from": [8.33774, -1, 1.71698],
			"to": [9.33774, -0.5, 2.21698],
			"rotation": {"angle": -45, "axis": "x", "origin": [2.67736, -0.75, -1.16038]},
			"faces": {
				"north": {"uv": [5, 13.5, 5.5, 14.5], "rotation": 90, "texture": "#2"},
				"east": {"uv": [5, 14, 5.5, 14.5], "texture": "#2"},
				"south": {"uv": [5, 13.5, 5.5, 14.5], "rotation": 270, "texture": "#2"},
				"west": {"uv": [5.5, 13.5, 5, 14], "texture": "#2"},
				"up": {"uv": [5, 13.5, 5.5, 14.5], "rotation": 270, "texture": "#2"},
				"down": {"uv": [5, 14.5, 5.5, 13.5], "rotation": 90, "texture": "#2"}
			}
		},
		{
			"name": "axe_49",
			"from": [8.83774, -1, 5.71698],
			"to": [10.83774, -0.5, 6.21698],
			"rotation": {"angle": -45, "axis": "x", "origin": [2.67736, -0.75, -1.16038]},
			"faces": {
				"north": {"uv": [1, 14, 1.5, 16], "rotation": 90, "texture": "#2"},
				"east": {"uv": [1, 15.5, 1.5, 16], "texture": "#2"},
				"south": {"uv": [1, 14, 1.5, 16], "rotation": 270, "texture": "#2"},
				"west": {"uv": [1.5, 14, 1, 14.5], "texture": "#2"},
				"up": {"uv": [1, 14, 1.5, 16], "rotation": 270, "texture": "#2"},
				"down": {"uv": [1, 16, 1.5, 14], "rotation": 90, "texture": "#2"}
			}
		},
		{
			"name": "axe_50",
			"from": [9.33774, -1, 6.21698],
			"to": [10.83774, -0.5, 7.21698],
			"rotation": {"angle": -45, "axis": "x", "origin": [2.67736, -0.75, -1.16038]},
			"faces": {
				"north": {"uv": [0.5, 14.5, 1, 16], "rotation": 90, "texture": "#2"},
				"east": {"uv": [0, 15.5, 1, 16], "texture": "#2"},
				"south": {"uv": [0, 14.5, 0.5, 16], "rotation": 270, "texture": "#2"},
				"west": {"uv": [1, 14.5, 0, 15], "texture": "#2"},
				"up": {"uv": [0, 14.5, 1, 16], "rotation": 270, "texture": "#2"},
				"down": {"uv": [0, 16, 1, 14.5], "rotation": 90, "texture": "#2"}
			}
		},
		{
			"name": "axe_51",
			"from": [9.33774, -1, 5.21698],
			"to": [9.83774, -0.5, 5.71698],
			"rotation": {"angle": -45, "axis": "x", "origin": [2.67736, -0.75, -1.16038]},
			"faces": {
				"north": {"uv": [1.5, 14.5, 2, 15], "rotation": 90, "texture": "#2"},
				"east": {"uv": [1.5, 14.5, 2, 15], "texture": "#2"},
				"south": {"uv": [1.5, 14.5, 2, 15], "rotation": 270, "texture": "#2"},
				"west": {"uv": [2, 14.5, 1.5, 15], "texture": "#2"},
				"up": {"uv": [1.5, 14.5, 2, 15], "rotation": 270, "texture": "#2"},
				"down": {"uv": [1.5, 15, 2, 14.5], "rotation": 90, "texture": "#2"}
			}
		},
		{
			"name": "axe_52",
			"from": [9.33774, -1, 3.71698],
			"to": [9.83774, -0.5, 4.21698],
			"rotation": {"angle": -45, "axis": "x", "origin": [2.67736, -0.75, -1.16038]},
			"faces": {
				"north": {"uv": [3, 14.5, 3.5, 15], "rotation": 90, "texture": "#2"},
				"east": {"uv": [3, 14.5, 3.5, 15], "texture": "#2"},
				"south": {"uv": [3, 14.5, 3.5, 15], "rotation": 270, "texture": "#2"},
				"west": {"uv": [3.5, 14.5, 3, 15], "texture": "#2"},
				"up": {"uv": [3, 14.5, 3.5, 15], "rotation": 270, "texture": "#2"},
				"down": {"uv": [3, 15, 3.5, 14.5], "rotation": 90, "texture": "#2"}
			}
		}
	],
	"display": {
		"thirdperson_righthand": {
			"rotation": [113, 0, 0],
			"translation": [11.75, 12.5, 9.25],
			"scale": [3, 3, 3]
		},
		"thirdperson_lefthand": {
			"rotation": [90, 0, 0],
			"translation": [8, 1.25, 3.25]
		},
		"head": {
			"translation": [0, -12, -4.5]
		}
	},
	"groups": [
		{
			"name": "group",
			"origin": [-6.93182, 8.5, 10.97176],
			"color": 0,
			"children": [
				{
					"name": "group",
					"origin": [22.93182, 8.5, 10.97176],
					"color": 0,
					"children": [0, 1, 2]
				}
			]
		},
		{
			"name": "axe",
			"origin": [8, 8, 8],
			"color": 0,
			"children": [3, 4, 5, 6, 7, 8, 9, 10, 11, 12, 13, 14, 15, 16, 17, 18, 19, 20, 21, 22, 23, 24, 25, 26, 27, 28, 29, 30, 31, 32, 33, 34, 35, 36, 37, 38, 39, 40, 41, 42, 43, 44, 45, 46, 47, 48, 49, 50, 51, 52, 53, 54, 55]
		}
	]
}