{
    "credit": "Made with Blockbench",
    "texture_size": [
        32,
        32
    ],
    "textures": {
        "0": "item/mob/stick/20145/skina",
        "2": "item/mob/stick/20145/sword",
        "particle": "item/mob/stick/20145/sword"
    },
    "elements": [
        {
            "name": "right_arm",
            "from": [
                10,
                5.75,
                7
            ],
            "to": [
                11.5,
                11.75,
                9
            ],
            "rotation": {
                "angle": 0,
                "axis": "y",
                "origin": [
                    4,
                    0,
                    4
                ]
            },
            "faces": {
                "north": {
                    "uv": [
                        11,
                        5,
                        11.75,
                        8
                    ],
                    "texture": "#0"
                },
                "east": {
                    "uv": [
                        10,
                        5,
                        11,
                        8
                    ],
                    "texture": "#0"
                },
                "south": {
                    "uv": [
                        12.75,
                        5,
                        13.5,
                        8
                    ],
                    "texture": "#0"
                },
                "west": {
                    "uv": [
                        11.75,
                        5,
                        12.75,
                        8
                    ],
                    "texture": "#0"
                },
                "up": {
                    "uv": [
                        11.75,
                        5,
                        11,
                        4
                    ],
                    "texture": "#0"
                },
                "down": {
                    "uv": [
                        12.5,
                        4,
                        11.75,
                        5
                    ],
                    "texture": "#0"
                }
            }
        },
        {
            "name": "right_arm_2nd_layer",
            "from": [
                9.75,
                5.5,
                6.75
            ],
            "to": [
                11.75,
                12,
                9.25
            ],
            "rotation": {
                "angle": 0,
                "axis": "y",
                "origin": [
                    4,
                    0,
                    4
                ]
            },
            "faces": {
                "north": {
                    "uv": [
                        10.75,
                        9,
                        11.5,
                        12
                    ],
                    "texture": "#0"
                },
                "east": {
                    "uv": [
                        10,
                        9,
                        11,
                        12
                    ],
                    "texture": "#0"
                },
                "south": {
                    "uv": [
                        12.75,
                        9,
                        13.5,
                        12
                    ],
                    "texture": "#0"
                },
                "west": {
                    "uv": [
                        11.75,
                        9,
                        12.75,
                        12
                    ],
                    "texture": "#0"
                },
                "up": {
                    "uv": [
                        11.75,
                        9,
                        11,
                        8
                    ],
                    "texture": "#0"
                },
                "down": {
                    "uv": [
                        12.5,
                        8,
                        11.75,
                        9
                    ],
                    "texture": "#0"
                }
            }
        },
        {
            "name": "sword_0",
            "from": [
                10.44853,
                -1.71324,
                -8.83824
            ],
            "to": [
                10.94853,
                0.28676,
                -6.83824
            ],
            "rotation": {
                "angle": 45,
                "axis": "x",
                "origin": [
                    10.69853,
                    6.75,
                    -0.53676
                ]
            },
            "faces": {
                "north": {
                    "uv": [
                        15.5,
                        2,
                        16,
                        0
                    ],
                    "texture": "#2"
                },
                "east": {
                    "uv": [
                        14,
                        2,
                        16,
                        0
                    ],
                    "texture": "#2"
                },
                "south": {
                    "uv": [
                        14,
                        2,
                        14.5,
                        0
                    ],
                    "texture": "#2"
                },
                "west": {
                    "uv": [
                        14,
                        0,
                        16,
                        2
                    ],
                    "rotation": 180,
                    "texture": "#2"
                },
                "up": {
                    "uv": [
                        16,
                        1.5,
                        14,
                        2
                    ],
                    "rotation": 90,
                    "texture": "#2"
                },
                "down": {
                    "uv": [
                        14,
                        0,
                        16,
                        0.5
                    ],
                    "rotation": 90,
                    "texture": "#2"
                }
            }
        },
        {
            "name": "sword_1",
            "from": [
                10.44853,
                -1.21324,
                -6.83824
            ],
            "to": [
                10.94853,
                2.28676,
                -6.33824
            ],
            "rotation": {
                "angle": 45,
                "axis": "x",
                "origin": [
                    10.69853,
                    6.75,
                    -0.53676
                ]
            },
            "faces": {
                "north": {
                    "uv": [
                        13.5,
                        4,
                        14,
                        0.5
                    ],
                    "texture": "#2"
                },
                "east": {
                    "uv": [
                        13.5,
                        4,
                        14,
                        0.5
                    ],
                    "texture": "#2"
                },
                "south": {
                    "uv": [
                        13.5,
                        4,
                        14,
                        0.5
                    ],
                    "texture": "#2"
                },
                "west": {
                    "uv": [
                        13.5,
                        0.5,
                        14,
                        4
                    ],
                    "rotation": 180,
                    "texture": "#2"
                },
                "up": {
                    "uv": [
                        14,
                        3.5,
                        13.5,
                        4
                    ],
                    "rotation": 90,
                    "texture": "#2"
                },
                "down": {
                    "uv": [
                        13.5,
                        0.5,
                        14,
                        1
                    ],
                    "rotation": 90,
                    "texture": "#2"
                }
            }
        },
        {
            "name": "sword_2",
            "from": [
                10.44853,
                -0.71324,
                -6.33824
            ],
            "to": [
                10.94853,
                2.78676,
                -5.83824
            ],
            "rotation": {
                "angle": 45,
                "axis": "x",
                "origin": [
                    10.69853,
                    6.75,
                    -0.53676
                ]
            },
            "faces": {
                "north": {
                    "uv": [
                        13,
                        4.5,
                        13.5,
                        1
                    ],
                    "texture": "#2"
                },
                "east": {
                    "uv": [
                        13,
                        4.5,
                        13.5,
                        1
                    ],
                    "texture": "#2"
                },
                "south": {
                    "uv": [
                        13,
                        4.5,
                        13.5,
                        1
                    ],
                    "texture": "#2"
                },
                "west": {
                    "uv": [
                        13,
                        1,
                        13.5,
                        4.5
                    ],
                    "rotation": 180,
                    "texture": "#2"
                },
                "up": {
                    "uv": [
                        13.5,
                        4,
                        13,
                        4.5
                    ],
                    "rotation": 90,
                    "texture": "#2"
                },
                "down": {
                    "uv": [
                        13,
                        1,
                        13.5,
                        1.5
                    ],
                    "rotation": 90,
                    "texture": "#2"
                }
            }
        },
        {
            "name": "sword_3",
            "from": [
                10.44853,
                -0.21324,
                -5.83824
            ],
            "to": [
                10.94853,
                3.28676,
                -5.33824
            ],
            "rotation": {
                "angle": 45,
                "axis": "x",
                "origin": [
                    10.69853,
                    6.75,
                    -0.53676
                ]
            },
            "faces": {
                "north": {
                    "uv": [
                        12.5,
                        5,
                        13,
                        1.5
                    ],
                    "texture": "#2"
                },
                "east": {
                    "uv": [
                        12.5,
                        5,
                        13,
                        1.5
                    ],
                    "texture": "#2"
                },
                "south": {
                    "uv": [
                        12.5,
                        5,
                        13,
                        1.5
                    ],
                    "texture": "#2"
                },
                "west": {
                    "uv": [
                        12.5,
                        1.5,
                        13,
                        5
                    ],
                    "rotation": 180,
                    "texture": "#2"
                },
                "up": {
                    "uv": [
                        13,
                        4.5,
                        12.5,
                        5
                    ],
                    "rotation": 90,
                    "texture": "#2"
                },
                "down": {
                    "uv": [
                        12.5,
                        1.5,
                        13,
                        2
                    ],
                    "rotation": 90,
                    "texture": "#2"
                }
            }
        },
        {
            "name": "sword_4",
            "from": [
                10.44853,
                0.28676,
                -5.33824
            ],
            "to": [
                10.94853,
                3.78676,
                -4.83824
            ],
            "rotation": {
                "angle": 45,
                "axis": "x",
                "origin": [
                    10.69853,
                    6.75,
                    -0.53676
                ]
            },
            "faces": {
                "north": {
                    "uv": [
                        12,
                        5.5,
                        12.5,
                        2
                    ],
                    "texture": "#2"
                },
                "east": {
                    "uv": [
                        12,
                        5.5,
                        12.5,
                        2
                    ],
                    "texture": "#2"
                },
                "south": {
                    "uv": [
                        12,
                        5.5,
                        12.5,
                        2
                    ],
                    "texture": "#2"
                },
                "west": {
                    "uv": [
                        12,
                        2,
                        12.5,
                        5.5
                    ],
                    "rotation": 180,
                    "texture": "#2"
                },
                "up": {
                    "uv": [
                        12.5,
                        5,
                        12,
                        5.5
                    ],
                    "rotation": 90,
                    "texture": "#2"
                },
                "down": {
                    "uv": [
                        12,
                        2,
                        12.5,
                        2.5
                    ],
                    "rotation": 90,
                    "texture": "#2"
                }
            }
        },
        {
            "name": "sword_5",
            "from": [
                10.44853,
                0.28676,
                -7.83824
            ],
            "to": [
                10.94853,
                1.28676,
                -6.83824
            ],
            "rotation": {
                "angle": 45,
                "axis": "x",
                "origin": [
                    10.69853,
                    6.75,
                    -0.53676
                ]
            },
            "faces": {
                "north": {
                    "uv": [
                        14.5,
                        3,
                        15,
                        2
                    ],
                    "texture": "#2"
                },
                "east": {
                    "uv": [
                        14,
                        3,
                        15,
                        2
                    ],
                    "texture": "#2"
                },
                "south": {
                    "uv": [
                        14,
                        3,
                        14.5,
                        2
                    ],
                    "texture": "#2"
                },
                "west": {
                    "uv": [
                        14,
                        2,
                        15,
                        3
                    ],
                    "rotation": 180,
                    "texture": "#2"
                },
                "up": {
                    "uv": [
                        15,
                        2.5,
                        14,
                        3
                    ],
                    "rotation": 90,
                    "texture": "#2"
                },
                "down": {
                    "uv": [
                        14,
                        2,
                        15,
                        2.5
                    ],
                    "rotation": 90,
                    "texture": "#2"
                }
            }
        },
        {
            "name": "sword_6",
            "from": [
                10.44853,
                0.28676,
                -8.33824
            ],
            "to": [
                10.94853,
                0.78676,
                -7.83824
            ],
            "rotation": {
                "angle": 45,
                "axis": "x",
                "origin": [
                    10.69853,
                    6.75,
                    -0.53676
                ]
            },
            "faces": {
                "north": {
                    "uv": [
                        15,
                        2.5,
                        15.5,
                        2
                    ],
                    "texture": "#2"
                },
                "east": {
                    "uv": [
                        15,
                        2.5,
                        15.5,
                        2
                    ],
                    "texture": "#2"
                },
                "south": {
                    "uv": [
                        15,
                        2.5,
                        15.5,
                        2
                    ],
                    "texture": "#2"
                },
                "west": {
                    "uv": [
                        15,
                        2,
                        15.5,
                        2.5
                    ],
                    "rotation": 180,
                    "texture": "#2"
                },
                "up": {
                    "uv": [
                        15.5,
                        2,
                        15,
                        2.5
                    ],
                    "rotation": 90,
                    "texture": "#2"
                },
                "down": {
                    "uv": [
                        15,
                        2,
                        15.5,
                        2.5
                    ],
                    "rotation": 90,
                    "texture": "#2"
                }
            }
        },
        {
            "name": "sword_7",
            "from": [
                10.44853,
                0.78676,
                -4.83824
            ],
            "to": [
                10.94853,
                4.28676,
                -4.33824
            ],
            "rotation": {
                "angle": 45,
                "axis": "x",
                "origin": [
                    10.69853,
                    6.75,
                    -0.53676
                ]
            },
            "faces": {
                "north": {
                    "uv": [
                        11.5,
                        6,
                        12,
                        2.5
                    ],
                    "texture": "#2"
                },
                "east": {
                    "uv": [
                        11.5,
                        6,
                        12,
                        2.5
                    ],
                    "texture": "#2"
                },
                "south": {
                    "uv": [
                        11.5,
                        6,
                        12,
                        2.5
                    ],
                    "texture": "#2"
                },
                "west": {
                    "uv": [
                        11.5,
                        2.5,
                        12,
                        6
                    ],
                    "rotation": 180,
                    "texture": "#2"
                },
                "up": {
                    "uv": [
                        12,
                        5.5,
                        11.5,
                        6
                    ],
                    "rotation": 90,
                    "texture": "#2"
                },
                "down": {
                    "uv": [
                        11.5,
                        2.5,
                        12,
                        3
                    ],
                    "rotation": 90,
                    "texture": "#2"
                }
            }
        },
        {
            "name": "sword_8",
            "from": [
                10.44853,
                1.28676,
                -4.33824
            ],
            "to": [
                10.94853,
                4.78676,
                -3.83824
            ],
            "rotation": {
                "angle": 45,
                "axis": "x",
                "origin": [
                    10.69853,
                    6.75,
                    -0.53676
                ]
            },
            "faces": {
                "north": {
                    "uv": [
                        11,
                        6.5,
                        11.5,
                        3
                    ],
                    "texture": "#2"
                },
                "east": {
                    "uv": [
                        11,
                        6.5,
                        11.5,
                        3
                    ],
                    "texture": "#2"
                },
                "south": {
                    "uv": [
                        11,
                        6.5,
                        11.5,
                        3
                    ],
                    "texture": "#2"
                },
                "west": {
                    "uv": [
                        11,
                        3,
                        11.5,
                        6.5
                    ],
                    "rotation": 180,
                    "texture": "#2"
                },
                "up": {
                    "uv": [
                        11.5,
                        6,
                        11,
                        6.5
                    ],
                    "rotation": 90,
                    "texture": "#2"
                },
                "down": {
                    "uv": [
                        11,
                        3,
                        11.5,
                        3.5
                    ],
                    "rotation": 90,
                    "texture": "#2"
                }
            }
        },
        {
            "name": "sword_9",
            "from": [
                10.44853,
                1.28676,
                -7.33824
            ],
            "to": [
                10.94853,
                1.78676,
                -6.83824
            ],
            "rotation": {
                "angle": 45,
                "axis": "x",
                "origin": [
                    10.69853,
                    6.75,
                    -0.53676
                ]
            },
            "faces": {
                "north": {
                    "uv": [
                        14,
                        3.5,
                        14.5,
                        3
                    ],
                    "texture": "#2"
                },
                "east": {
                    "uv": [
                        14,
                        3.5,
                        14.5,
                        3
                    ],
                    "texture": "#2"
                },
                "south": {
                    "uv": [
                        14,
                        3.5,
                        14.5,
                        3
                    ],
                    "texture": "#2"
                },
                "west": {
                    "uv": [
                        14,
                        3,
                        14.5,
                        3.5
                    ],
                    "rotation": 180,
                    "texture": "#2"
                },
                "up": {
                    "uv": [
                        14.5,
                        3,
                        14,
                        3.5
                    ],
                    "rotation": 90,
                    "texture": "#2"
                },
                "down": {
                    "uv": [
                        14,
                        3,
                        14.5,
                        3.5
                    ],
                    "rotation": 90,
                    "texture": "#2"
                }
            }
        },
        {
            "name": "sword_10",
            "from": [
                10.44853,
                1.78676,
                -3.83824
            ],
            "to": [
                10.94853,
                5.28676,
                -3.33824
            ],
            "rotation": {
                "angle": 45,
                "axis": "x",
                "origin": [
                    10.69853,
                    6.75,
                    -0.53676
                ]
            },
            "faces": {
                "north": {
                    "uv": [
                        10.5,
                        7,
                        11,
                        3.5
                    ],
                    "texture": "#2"
                },
                "east": {
                    "uv": [
                        10.5,
                        7,
                        11,
                        3.5
                    ],
                    "texture": "#2"
                },
                "south": {
                    "uv": [
                        10.5,
                        7,
                        11,
                        3.5
                    ],
                    "texture": "#2"
                },
                "west": {
                    "uv": [
                        10.5,
                        3.5,
                        11,
                        7
                    ],
                    "rotation": 180,
                    "texture": "#2"
                },
                "up": {
                    "uv": [
                        11,
                        6.5,
                        10.5,
                        7
                    ],
                    "rotation": 90,
                    "texture": "#2"
                },
                "down": {
                    "uv": [
                        10.5,
                        3.5,
                        11,
                        4
                    ],
                    "rotation": 90,
                    "texture": "#2"
                }
            }
        },
        {
            "name": "sword_11",
            "from": [
                10.44853,
                2.28676,
                -3.33824
            ],
            "to": [
                10.94853,
                5.78676,
                -2.83824
            ],
            "rotation": {
                "angle": 45,
                "axis": "x",
                "origin": [
                    10.69853,
                    6.75,
                    -0.53676
                ]
            },
            "faces": {
                "north": {
                    "uv": [
                        10,
                        7.5,
                        10.5,
                        4
                    ],
                    "texture": "#2"
                },
                "east": {
                    "uv": [
                        10,
                        7.5,
                        10.5,
                        4
                    ],
                    "texture": "#2"
                },
                "south": {
                    "uv": [
                        10,
                        7.5,
                        10.5,
                        4
                    ],
                    "texture": "#2"
                },
                "west": {
                    "uv": [
                        10,
                        4,
                        10.5,
                        7.5
                    ],
                    "rotation": 180,
                    "texture": "#2"
                },
                "up": {
                    "uv": [
                        10.5,
                        7,
                        10,
                        7.5
                    ],
                    "rotation": 90,
                    "texture": "#2"
                },
                "down": {
                    "uv": [
                        10,
                        4,
                        10.5,
                        4.5
                    ],
                    "rotation": 90,
                    "texture": "#2"
                }
            }
        },
        {
            "name": "sword_12",
            "from": [
                10.44853,
                2.78676,
                -2.83824
            ],
            "to": [
                10.94853,
                6.28676,
                -2.33824
            ],
            "rotation": {
                "angle": 45,
                "axis": "x",
                "origin": [
                    10.69853,
                    6.75,
                    -0.53676
                ]
            },
            "faces": {
                "north": {
                    "uv": [
                        9.5,
                        8,
                        10,
                        4.5
                    ],
                    "texture": "#2"
                },
                "east": {
                    "uv": [
                        9.5,
                        8,
                        10,
                        4.5
                    ],
                    "texture": "#2"
                },
                "south": {
                    "uv": [
                        9.5,
                        8,
                        10,
                        4.5
                    ],
                    "texture": "#2"
                },
                "west": {
                    "uv": [
                        9.5,
                        4.5,
                        10,
                        8
                    ],
                    "rotation": 180,
                    "texture": "#2"
                },
                "up": {
                    "uv": [
                        10,
                        7.5,
                        9.5,
                        8
                    ],
                    "rotation": 90,
                    "texture": "#2"
                },
                "down": {
                    "uv": [
                        9.5,
                        4.5,
                        10,
                        5
                    ],
                    "rotation": 90,
                    "texture": "#2"
                }
            }
        },
        {
            "name": "sword_13",
            "from": [
                10.44853,
                3.28676,
                -2.33824
            ],
            "to": [
                10.94853,
                6.78676,
                -1.83824
            ],
            "rotation": {
                "angle": 45,
                "axis": "x",
                "origin": [
                    10.69853,
                    6.75,
                    -0.53676
                ]
            },
            "faces": {
                "north": {
                    "uv": [
                        9,
                        8.5,
                        9.5,
                        5
                    ],
                    "texture": "#2"
                },
                "east": {
                    "uv": [
                        9,
                        8.5,
                        9.5,
                        5
                    ],
                    "texture": "#2"
                },
                "south": {
                    "uv": [
                        9,
                        8.5,
                        9.5,
                        5
                    ],
                    "texture": "#2"
                },
                "west": {
                    "uv": [
                        9,
                        5,
                        9.5,
                        8.5
                    ],
                    "rotation": 180,
                    "texture": "#2"
                },
                "up": {
                    "uv": [
                        9.5,
                        8,
                        9,
                        8.5
                    ],
                    "rotation": 90,
                    "texture": "#2"
                },
                "down": {
                    "uv": [
                        9,
                        5,
                        9.5,
                        5.5
                    ],
                    "rotation": 90,
                    "texture": "#2"
                }
            }
        },
        {
            "name": "sword_14",
            "from": [
                10.44853,
                3.78676,
                -1.83824
            ],
            "to": [
                10.94853,
                7.28676,
                -1.33824
            ],
            "rotation": {
                "angle": 45,
                "axis": "x",
                "origin": [
                    10.69853,
                    6.75,
                    -0.53676
                ]
            },
            "faces": {
                "north": {
                    "uv": [
                        8.5,
                        9,
                        9,
                        5.5
                    ],
                    "texture": "#2"
                },
                "east": {
                    "uv": [
                        8.5,
                        9,
                        9,
                        5.5
                    ],
                    "texture": "#2"
                },
                "south": {
                    "uv": [
                        8.5,
                        9,
                        9,
                        5.5
                    ],
                    "texture": "#2"
                },
                "west": {
                    "uv": [
                        8.5,
                        5.5,
                        9,
                        9
                    ],
                    "rotation": 180,
                    "texture": "#2"
                },
                "up": {
                    "uv": [
                        9,
                        8.5,
                        8.5,
                        9
                    ],
                    "rotation": 90,
                    "texture": "#2"
                },
                "down": {
                    "uv": [
                        8.5,
                        5.5,
                        9,
                        6
                    ],
                    "rotation": 90,
                    "texture": "#2"
                }
            }
        },
        {
            "name": "sword_15",
            "from": [
                10.44853,
                4.28676,
                -1.33824
            ],
            "to": [
                10.94853,
                7.78676,
                -0.83824
            ],
            "rotation": {
                "angle": 45,
                "axis": "x",
                "origin": [
                    10.69853,
                    6.75,
                    -0.53676
                ]
            },
            "faces": {
                "north": {
                    "uv": [
                        8,
                        9.5,
                        8.5,
                        6
                    ],
                    "texture": "#2"
                },
                "east": {
                    "uv": [
                        8,
                        9.5,
                        8.5,
                        6
                    ],
                    "texture": "#2"
                },
                "south": {
                    "uv": [
                        8,
                        9.5,
                        8.5,
                        6
                    ],
                    "texture": "#2"
                },
                "west": {
                    "uv": [
                        8,
                        6,
                        8.5,
                        9.5
                    ],
                    "rotation": 180,
                    "texture": "#2"
                },
                "up": {
                    "uv": [
                        8.5,
                        9,
                        8,
                        9.5
                    ],
                    "rotation": 90,
                    "texture": "#2"
                },
                "down": {
                    "uv": [
                        8,
                        6,
                        8.5,
                        6.5
                    ],
                    "rotation": 90,
                    "texture": "#2"
                }
            }
        },
        {
            "name": "sword_16",
            "from": [
                10.44853,
                4.78676,
                -0.83824
            ],
            "to": [
                10.94853,
                8.28676,
                -0.33824
            ],
            "rotation": {
                "angle": 45,
                "axis": "x",
                "origin": [
                    10.69853,
                    6.75,
                    -0.53676
                ]
            },
            "faces": {
                "north": {
                    "uv": [
                        7.5,
                        10,
                        8,
                        6.5
                    ],
                    "texture": "#2"
                },
                "east": {
                    "uv": [
                        7.5,
                        10,
                        8,
                        6.5
                    ],
                    "texture": "#2"
                },
                "south": {
                    "uv": [
                        7.5,
                        10,
                        8,
                        6.5
                    ],
                    "texture": "#2"
                },
                "west": {
                    "uv": [
                        7.5,
                        6.5,
                        8,
                        10
                    ],
                    "rotation": 180,
                    "texture": "#2"
                },
                "up": {
                    "uv": [
                        8,
                        9.5,
                        7.5,
                        10
                    ],
                    "rotation": 90,
                    "texture": "#2"
                },
                "down": {
                    "uv": [
                        7.5,
                        6.5,
                        8,
                        7
                    ],
                    "rotation": 90,
                    "texture": "#2"
                }
            }
        },
        {
            "name": "sword_17",
            "from": [
                10.44853,
                5.28676,
                -0.33824
            ],
            "to": [
                10.94853,
                8.78676,
                0.16176
            ],
            "rotation": {
                "angle": 45,
                "axis": "x",
                "origin": [
                    10.69853,
                    6.75,
                    -0.53676
                ]
            },
            "faces": {
                "north": {
                    "uv": [
                        7,
                        10.5,
                        7.5,
                        7
                    ],
                    "texture": "#2"
                },
                "east": {
                    "uv": [
                        7,
                        10.5,
                        7.5,
                        7
                    ],
                    "texture": "#2"
                },
                "south": {
                    "uv": [
                        7,
                        10.5,
                        7.5,
                        7
                    ],
                    "texture": "#2"
                },
                "west": {
                    "uv": [
                        7,
                        7,
                        7.5,
                        10.5
                    ],
                    "rotation": 180,
                    "texture": "#2"
                },
                "up": {
                    "uv": [
                        7.5,
                        10,
                        7,
                        10.5
                    ],
                    "rotation": 90,
                    "texture": "#2"
                },
                "down": {
                    "uv": [
                        7,
                        7,
                        7.5,
                        7.5
                    ],
                    "rotation": 90,
                    "texture": "#2"
                }
            }
        },
        {
            "name": "sword_18",
            "from": [
                10.44853,
                5.78676,
                0.16176
            ],
            "to": [
                10.94853,
                9.28676,
                0.66176
            ],
            "rotation": {
                "angle": 45,
                "axis": "x",
                "origin": [
                    10.69853,
                    6.75,
                    -0.53676
                ]
            },
            "faces": {
                "north": {
                    "uv": [
                        6.5,
                        11,
                        7,
                        7.5
                    ],
                    "texture": "#2"
                },
                "east": {
                    "uv": [
                        6.5,
                        11,
                        7,
                        7.5
                    ],
                    "texture": "#2"
                },
                "south": {
                    "uv": [
                        6.5,
                        11,
                        7,
                        7.5
                    ],
                    "texture": "#2"
                },
                "west": {
                    "uv": [
                        6.5,
                        7.5,
                        7,
                        11
                    ],
                    "rotation": 180,
                    "texture": "#2"
                },
                "up": {
                    "uv": [
                        7,
                        10.5,
                        6.5,
                        11
                    ],
                    "rotation": 90,
                    "texture": "#2"
                },
                "down": {
                    "uv": [
                        6.5,
                        7.5,
                        7,
                        8
                    ],
                    "rotation": 90,
                    "texture": "#2"
                }
            }
        },
        {
            "name": "sword_19",
            "from": [
                10.44853,
                6.28676,
                0.66176
            ],
            "to": [
                10.94853,
                9.78676,
                1.16176
            ],
            "rotation": {
                "angle": 45,
                "axis": "x",
                "origin": [
                    10.69853,
                    6.75,
                    -0.53676
                ]
            },
            "faces": {
                "north": {
                    "uv": [
                        6,
                        11.5,
                        6.5,
                        8
                    ],
                    "texture": "#2"
                },
                "east": {
                    "uv": [
                        6,
                        11.5,
                        6.5,
                        8
                    ],
                    "texture": "#2"
                },
                "south": {
                    "uv": [
                        6,
                        11.5,
                        6.5,
                        8
                    ],
                    "texture": "#2"
                },
                "west": {
                    "uv": [
                        6,
                        8,
                        6.5,
                        11.5
                    ],
                    "rotation": 180,
                    "texture": "#2"
                },
                "up": {
                    "uv": [
                        6.5,
                        11,
                        6,
                        11.5
                    ],
                    "rotation": 90,
                    "texture": "#2"
                },
                "down": {
                    "uv": [
                        6,
                        8,
                        6.5,
                        8.5
                    ],
                    "rotation": 90,
                    "texture": "#2"
                }
            }
        },
        {
            "name": "sword_20",
            "from": [
                10.44853,
                6.78676,
                1.16176
            ],
            "to": [
                10.94853,
                10.28676,
                1.66176
            ],
            "rotation": {
                "angle": 45,
                "axis": "x",
                "origin": [
                    10.69853,
                    6.75,
                    -0.53676
                ]
            },
            "faces": {
                "north": {
                    "uv": [
                        5.5,
                        12,
                        6,
                        8.5
                    ],
                    "texture": "#2"
                },
                "east": {
                    "uv": [
                        5.5,
                        12,
                        6,
                        8.5
                    ],
                    "texture": "#2"
                },
                "south": {
                    "uv": [
                        5.5,
                        12,
                        6,
                        8.5
                    ],
                    "texture": "#2"
                },
                "west": {
                    "uv": [
                        5.5,
                        8.5,
                        6,
                        12
                    ],
                    "rotation": 180,
                    "texture": "#2"
                },
                "up": {
                    "uv": [
                        6,
                        11.5,
                        5.5,
                        12
                    ],
                    "rotation": 90,
                    "texture": "#2"
                },
                "down": {
                    "uv": [
                        5.5,
                        8.5,
                        6,
                        9
                    ],
                    "rotation": 90,
                    "texture": "#2"
                }
            }
        },
        {
            "name": "sword_21",
            "from": [
                10.44853,
                7.28676,
                1.66176
            ],
            "to": [
                10.94853,
                11.28676,
                2.16176
            ],
            "rotation": {
                "angle": 45,
                "axis": "x",
                "origin": [
                    10.69853,
                    6.75,
                    -0.53676
                ]
            },
            "faces": {
                "north": {
                    "uv": [
                        5,
                        13,
                        5.5,
                        9
                    ],
                    "texture": "#2"
                },
                "east": {
                    "uv": [
                        5,
                        13,
                        5.5,
                        9
                    ],
                    "texture": "#2"
                },
                "south": {
                    "uv": [
                        5,
                        13,
                        5.5,
                        9
                    ],
                    "texture": "#2"
                },
                "west": {
                    "uv": [
                        5,
                        9,
                        5.5,
                        13
                    ],
                    "rotation": 180,
                    "texture": "#2"
                },
                "up": {
                    "uv": [
                        5.5,
                        12.5,
                        5,
                        13
                    ],
                    "rotation": 90,
                    "texture": "#2"
                },
                "down": {
                    "uv": [
                        5,
                        9,
                        5.5,
                        9.5
                    ],
                    "rotation": 90,
                    "texture": "#2"
                }
            }
        },
        {
            "name": "sword_22",
            "from": [
                10.44853,
                7.78676,
                2.16176
            ],
            "to": [
                10.94853,
                13.28676,
                2.66176
            ],
            "rotation": {
                "angle": 45,
                "axis": "x",
                "origin": [
                    10.69853,
                    6.75,
                    -0.53676
                ]
            },
            "faces": {
                "north": {
                    "uv": [
                        4.5,
                        15,
                        5,
                        9.5
                    ],
                    "texture": "#2"
                },
                "east": {
                    "uv": [
                        4.5,
                        15,
                        5,
                        9.5
                    ],
                    "texture": "#2"
                },
                "south": {
                    "uv": [
                        4.5,
                        15,
                        5,
                        9.5
                    ],
                    "texture": "#2"
                },
                "west": {
                    "uv": [
                        4.5,
                        9.5,
                        5,
                        15
                    ],
                    "rotation": 180,
                    "texture": "#2"
                },
                "up": {
                    "uv": [
                        5,
                        14.5,
                        4.5,
                        15
                    ],
                    "rotation": 90,
                    "texture": "#2"
                },
                "down": {
                    "uv": [
                        4.5,
                        9.5,
                        5,
                        10
                    ],
                    "rotation": 90,
                    "texture": "#2"
                }
            }
        },
        {
            "name": "sword_23",
            "from": [
                10.44853,
                8.28676,
                2.66176
            ],
            "to": [
                10.94853,
                13.28676,
                3.16176
            ],
            "rotation": {
                "angle": 45,
                "axis": "x",
                "origin": [
                    10.69853,
                    6.75,
                    -0.53676
                ]
            },
            "faces": {
                "north": {
                    "uv": [
                        4,
                        15,
                        4.5,
                        10
                    ],
                    "texture": "#2"
                },
                "east": {
                    "uv": [
                        4,
                        15,
                        4.5,
                        10
                    ],
                    "texture": "#2"
                },
                "south": {
                    "uv": [
                        4,
                        15,
                        4.5,
                        10
                    ],
                    "texture": "#2"
                },
                "west": {
                    "uv": [
                        4,
                        10,
                        4.5,
                        15
                    ],
                    "rotation": 180,
                    "texture": "#2"
                },
                "up": {
                    "uv": [
                        4.5,
                        14.5,
                        4,
                        15
                    ],
                    "rotation": 90,
                    "texture": "#2"
                },
                "down": {
                    "uv": [
                        4,
                        10,
                        4.5,
                        10.5
                    ],
                    "rotation": 90,
                    "texture": "#2"
                }
            }
        },
        {
            "name": "sword_24",
            "from": [
                10.44853,
                8.78676,
                4.66176
            ],
            "to": [
                10.94853,
                12.78676,
                5.66176
            ],
            "rotation": {
                "angle": 45,
                "axis": "x",
                "origin": [
                    10.69853,
                    6.75,
                    -0.53676
                ]
            },
            "faces": {
                "north": {
                    "uv": [
                        2,
                        14.5,
                        2.5,
                        10.5
                    ],
                    "texture": "#2"
                },
                "east": {
                    "uv": [
                        1.5,
                        14.5,
                        2.5,
                        10.5
                    ],
                    "texture": "#2"
                },
                "south": {
                    "uv": [
                        1.5,
                        14.5,
                        2,
                        10.5
                    ],
                    "texture": "#2"
                },
                "west": {
                    "uv": [
                        1.5,
                        10.5,
                        2.5,
                        14.5
                    ],
                    "rotation": 180,
                    "texture": "#2"
                },
                "up": {
                    "uv": [
                        2.5,
                        14,
                        1.5,
                        14.5
                    ],
                    "rotation": 90,
                    "texture": "#2"
                },
                "down": {
                    "uv": [
                        1.5,
                        10.5,
                        2.5,
                        11
                    ],
                    "rotation": 90,
                    "texture": "#2"
                }
            }
        },
        {
            "name": "sword_25",
            "from": [
                10.44853,
                8.78676,
                3.16176
            ],
            "to": [
                10.94853,
                13.28676,
                4.16176
            ],
            "rotation": {
                "angle": 45,
                "axis": "x",
                "origin": [
                    10.69853,
                    6.75,
                    -0.53676
                ]
            },
            "faces": {
                "north": {
                    "uv": [
                        3.5,
                        15,
                        4,
                        10.5
                    ],
                    "texture": "#2"
                },
                "east": {
                    "uv": [
                        3,
                        15,
                        4,
                        10.5
                    ],
                    "texture": "#2"
                },
                "south": {
                    "uv": [
                        3,
                        15,
                        3.5,
                        10.5
                    ],
                    "texture": "#2"
                },
                "west": {
                    "uv": [
                        3,
                        10.5,
                        4,
                        15
                    ],
                    "rotation": 180,
                    "texture": "#2"
                },
                "up": {
                    "uv": [
                        4,
                        14.5,
                        3,
                        15
                    ],
                    "rotation": 90,
                    "texture": "#2"
                },
                "down": {
                    "uv": [
                        3,
                        10.5,
                        4,
                        11
                    ],
                    "rotation": 90,
                    "texture": "#2"
                }
            }
        },
        {
            "name": "sword_26",
            "from": [
                10.44853,
                9.28676,
                5.66176
            ],
            "to": [
                10.94853,
                11.78676,
                6.16176
            ],
            "rotation": {
                "angle": 45,
                "axis": "x",
                "origin": [
                    10.69853,
                    6.75,
                    -0.53676
                ]
            },
            "faces": {
                "north": {
                    "uv": [
                        1,
                        13.5,
                        1.5,
                        11
                    ],
                    "texture": "#2"
                },
                "east": {
                    "uv": [
                        1,
                        13.5,
                        1.5,
                        11
                    ],
                    "texture": "#2"
                },
                "south": {
                    "uv": [
                        1,
                        13.5,
                        1.5,
                        11
                    ],
                    "texture": "#2"
                },
                "west": {
                    "uv": [
                        1,
                        11,
                        1.5,
                        13.5
                    ],
                    "rotation": 180,
                    "texture": "#2"
                },
                "up": {
                    "uv": [
                        1.5,
                        13,
                        1,
                        13.5
                    ],
                    "rotation": 90,
                    "texture": "#2"
                },
                "down": {
                    "uv": [
                        1,
                        11,
                        1.5,
                        11.5
                    ],
                    "rotation": 90,
                    "texture": "#2"
                }
            }
        },
        {
            "name": "sword_27",
            "from": [
                10.44853,
                9.28676,
                4.16176
            ],
            "to": [
                10.94853,
                12.78676,
                4.66176
            ],
            "rotation": {
                "angle": 45,
                "axis": "x",
                "origin": [
                    10.69853,
                    6.75,
                    -0.53676
                ]
            },
            "faces": {
                "north": {
                    "uv": [
                        2.5,
                        14.5,
                        3,
                        11
                    ],
                    "texture": "#2"
                },
                "east": {
                    "uv": [
                        2.5,
                        14.5,
                        3,
                        11
                    ],
                    "texture": "#2"
                },
                "south": {
                    "uv": [
                        2.5,
                        14.5,
                        3,
                        11
                    ],
                    "texture": "#2"
                },
                "west": {
                    "uv": [
                        2.5,
                        11,
                        3,
                        14.5
                    ],
                    "rotation": 180,
                    "texture": "#2"
                },
                "up": {
                    "uv": [
                        3,
                        14,
                        2.5,
                        14.5
                    ],
                    "rotation": 90,
                    "texture": "#2"
                },
                "down": {
                    "uv": [
                        2.5,
                        11,
                        3,
                        11.5
                    ],
                    "rotation": 90,
                    "texture": "#2"
                }
            }
        },
        {
            "name": "sword_28",
            "from": [
                10.44853,
                10.28676,
                6.16176
            ],
            "to": [
                10.94853,
                10.78676,
                6.66176
            ],
            "rotation": {
                "angle": 45,
                "axis": "x",
                "origin": [
                    10.69853,
                    6.75,
                    -0.53676
                ]
            },
            "faces": {
                "north": {
                    "uv": [
                        0.5,
                        12.5,
                        1,
                        12
                    ],
                    "texture": "#2"
                },
                "east": {
                    "uv": [
                        0.5,
                        12.5,
                        1,
                        12
                    ],
                    "texture": "#2"
                },
                "south": {
                    "uv": [
                        0.5,
                        12.5,
                        1,
                        12
                    ],
                    "texture": "#2"
                },
                "west": {
                    "uv": [
                        0.5,
                        12,
                        1,
                        12.5
                    ],
                    "rotation": 180,
                    "texture": "#2"
                },
                "up": {
                    "uv": [
                        1,
                        12,
                        0.5,
                        12.5
                    ],
                    "rotation": 90,
                    "texture": "#2"
                },
                "down": {
                    "uv": [
                        0.5,
                        12,
                        1,
                        12.5
                    ],
                    "rotation": 90,
                    "texture": "#2"
                }
            }
        },
        {
            "name": "sword_29",
            "from": [
                10.44853,
                11.78676,
                1.66176
            ],
            "to": [
                10.94853,
                12.78676,
                2.16176
            ],
            "rotation": {
                "angle": 45,
                "axis": "x",
                "origin": [
                    10.69853,
                    6.75,
                    -0.53676
                ]
            },
            "faces": {
                "north": {
                    "uv": [
                        5,
                        14.5,
                        5.5,
                        13.5
                    ],
                    "texture": "#2"
                },
                "east": {
                    "uv": [
                        5,
                        14.5,
                        5.5,
                        13.5
                    ],
                    "texture": "#2"
                },
                "south": {
                    "uv": [
                        5,
                        14.5,
                        5.5,
                        13.5
                    ],
                    "texture": "#2"
                },
                "west": {
                    "uv": [
                        5,
                        13.5,
                        5.5,
                        14.5
                    ],
                    "rotation": 180,
                    "texture": "#2"
                },
                "up": {
                    "uv": [
                        5.5,
                        14,
                        5,
                        14.5
                    ],
                    "rotation": 90,
                    "texture": "#2"
                },
                "down": {
                    "uv": [
                        5,
                        13.5,
                        5.5,
                        14
                    ],
                    "rotation": 90,
                    "texture": "#2"
                }
            }
        },
        {
            "name": "sword_30",
            "from": [
                10.44853,
                12.28676,
                5.66176
            ],
            "to": [
                10.94853,
                14.28676,
                6.16176
            ],
            "rotation": {
                "angle": 45,
                "axis": "x",
                "origin": [
                    10.69853,
                    6.75,
                    -0.53676
                ]
            },
            "faces": {
                "north": {
                    "uv": [
                        1,
                        16,
                        1.5,
                        14
                    ],
                    "texture": "#2"
                },
                "east": {
                    "uv": [
                        1,
                        16,
                        1.5,
                        14
                    ],
                    "texture": "#2"
                },
                "south": {
                    "uv": [
                        1,
                        16,
                        1.5,
                        14
                    ],
                    "texture": "#2"
                },
                "west": {
                    "uv": [
                        1,
                        14,
                        1.5,
                        16
                    ],
                    "rotation": 180,
                    "texture": "#2"
                },
                "up": {
                    "uv": [
                        1.5,
                        15.5,
                        1,
                        16
                    ],
                    "rotation": 90,
                    "texture": "#2"
                },
                "down": {
                    "uv": [
                        1,
                        14,
                        1.5,
                        14.5
                    ],
                    "rotation": 90,
                    "texture": "#2"
                }
            }
        },
        {
            "name": "sword_31",
            "from": [
                10.44853,
                12.78676,
                6.16176
            ],
            "to": [
                10.94853,
                14.28676,
                7.16176
            ],
            "rotation": {
                "angle": 45,
                "axis": "x",
                "origin": [
                    10.69853,
                    6.75,
                    -0.53676
                ]
            },
            "faces": {
                "north": {
                    "uv": [
                        0.5,
                        16,
                        1,
                        14.5
                    ],
                    "texture": "#2"
                },
                "east": {
                    "uv": [
                        0,
                        16,
                        1,
                        14.5
                    ],
                    "texture": "#2"
                },
                "south": {
                    "uv": [
                        0,
                        16,
                        0.5,
                        14.5
                    ],
                    "texture": "#2"
                },
                "west": {
                    "uv": [
                        0,
                        14.5,
                        1,
                        16
                    ],
                    "rotation": 180,
                    "texture": "#2"
                },
                "up": {
                    "uv": [
                        1,
                        15.5,
                        0,
                        16
                    ],
                    "rotation": 90,
                    "texture": "#2"
                },
                "down": {
                    "uv": [
                        0,
                        14.5,
                        1,
                        15
                    ],
                    "rotation": 90,
                    "texture": "#2"
                }
            }
        },
        {
            "name": "sword_32",
            "from": [
                10.44853,
                12.78676,
                5.16176
            ],
            "to": [
                10.94853,
                13.28676,
                5.66176
            ],
            "rotation": {
                "angle": 45,
                "axis": "x",
                "origin": [
                    10.69853,
                    6.75,
                    -0.53676
                ]
            },
            "faces": {
                "north": {
                    "uv": [
                        1.5,
                        15,
                        2,
                        14.5
                    ],
                    "texture": "#2"
                },
                "east": {
                    "uv": [
                        1.5,
                        15,
                        2,
                        14.5
                    ],
                    "texture": "#2"
                },
                "south": {
                    "uv": [
                        1.5,
                        15,
                        2,
                        14.5
                    ],
                    "texture": "#2"
                },
                "west": {
                    "uv": [
                        1.5,
                        14.5,
                        2,
                        15
                    ],
                    "rotation": 180,
                    "texture": "#2"
                },
                "up": {
                    "uv": [
                        2,
                        14.5,
                        1.5,
                        15
                    ],
                    "rotation": 90,
                    "texture": "#2"
                },
                "down": {
                    "uv": [
                        1.5,
                        14.5,
                        2,
                        15
                    ],
                    "rotation": 90,
                    "texture": "#2"
                }
            }
        },
        {
            "name": "sword_33",
            "from": [
                10.44853,
                13.28676,
                3.16176
            ],
            "to": [
                10.94853,
                13.78676,
                3.66176
            ],
            "rotation": {
                "angle": 45,
                "axis": "x",
                "origin": [
                    10.69853,
                    6.75,
                    -0.53676
                ]
            },
            "faces": {
                "north": {
                    "uv": [
                        3.5,
                        15.5,
                        4,
                        15
                    ],
                    "texture": "#2"
                },
                "east": {
                    "uv": [
                        3.5,
                        15.5,
                        4,
                        15
                    ],
                    "texture": "#2"
                },
                "south": {
                    "uv": [
                        3.5,
                        15.5,
                        4,
                        15
                    ],
                    "texture": "#2"
                },
                "west": {
                    "uv": [
                        3.5,
                        15,
                        4,
                        15.5
                    ],
                    "rotation": 180,
                    "texture": "#2"
                },
                "up": {
                    "uv": [
                        4,
                        15,
                        3.5,
                        15.5
                    ],
                    "rotation": 90,
                    "texture": "#2"
                },
                "down": {
                    "uv": [
                        3.5,
                        15,
                        4,
                        15.5
                    ],
                    "rotation": 90,
                    "texture": "#2"
                }
            }
        }
    ],
    "display": {
        "thirdperson_righthand": {
            "rotation": [
                90,
                0,
                0
            ],
            "translation": [
                -5.5,
                -2,
                4.25
            ],
            "scale": [
                2,
                2,
                2
            ]
        },
        "thirdperson_lefthand": {
            "rotation": [
                90,
                0,
                0
            ],
            "translation": [
                -6,
                -1.75,
                -3.5
            ]
        },
        "firstperson_righthand": {
            "translation": [
                0,
                8.75,
                2
            ]
        },
        "firstperson_lefthand": {
            "translation": [
                0,
                8.75,
                2
            ]
        },
        "ground": {
            "rotation": [
                0,
                0,
                90
            ],
            "translation": [
                -0.5,
                -4.75,
                0
            ],
            "scale": [
                0.45,
                0.45,
                0.45
            ]
        },
        "gui": {
            "rotation": [
                90,
                -48,
                90
            ],
            "translation": [
                -1,
                1.75,
                0
            ],
            "scale": [
                0.86,
                0.86,
                0.86
            ]
        },
        "head": {
            "translation": [
                0,
                -29,
                0
            ],
            "scale": [
                1.6,
                1.6,
                1.6
            ]
        }
    },
    "groups": [
        {
            "name": "alex",
            "origin": [
                8,
                8,
                8
            ],
            "color": 0,
            "children": [
                0,
                1
            ]
        },
        {
            "name": "sword",
            "origin": [
                8,
                8,
                8
            ],
            "color": 0,
            "children": [
                2,
                3,
                4,
                5,
                6,
                7,
                8,
                9,
                10,
                11,
                12,
                13,
                14,
                15,
                16,
                17,
                18,
                19,
                20,
                21,
                22,
                23,
                24,
                25,
                26,
                27,
                28,
                29,
                30,
                31,
                32,
                33,
                34,
                35
            ]
        }
    ]
}