{
    "credit": "Made with Blockbench",
    "texture_size": [
        32,
        32
    ],
    "textures": {
        "0": "item/mob/stick/20146/skina",
        "1": "item/mob/stick/20146/guntex"
    },
    "elements": [
        {
            "name": "right_arm",
            "from": [
                10,
                5.75,
                7
            ],
            "to": [
                11.5,
                11.75,
                9
            ],
            "rotation": {
                "angle": 0,
                "axis": "y",
                "origin": [
                    4,
                    0,
                    4
                ]
            },
            "faces": {
                "north": {
                    "uv": [
                        11,
                        5,
                        11.75,
                        8
                    ],
                    "texture": "#0"
                },
                "east": {
                    "uv": [
                        10,
                        5,
                        11,
                        8
                    ],
                    "texture": "#0"
                },
                "south": {
                    "uv": [
                        12.75,
                        5,
                        13.5,
                        8
                    ],
                    "texture": "#0"
                },
                "west": {
                    "uv": [
                        11.75,
                        5,
                        12.75,
                        8
                    ],
                    "texture": "#0"
                },
                "up": {
                    "uv": [
                        11.75,
                        5,
                        11,
                        4
                    ],
                    "texture": "#0"
                },
                "down": {
                    "uv": [
                        12.5,
                        4,
                        11.75,
                        5
                    ],
                    "texture": "#0"
                }
            }
        },
        {
            "name": "right_arm_2nd_layer",
            "from": [
                9.75,
                5.5,
                6.75
            ],
            "to": [
                11.75,
                12,
                9.25
            ],
            "rotation": {
                "angle": 0,
                "axis": "y",
                "origin": [
                    4,
                    0,
                    4
                ]
            },
            "faces": {
                "north": {
                    "uv": [
                        10.75,
                        9,
                        11.5,
                        12
                    ],
                    "texture": "#0"
                },
                "east": {
                    "uv": [
                        10,
                        9,
                        11,
                        12
                    ],
                    "texture": "#0"
                },
                "south": {
                    "uv": [
                        12.75,
                        9,
                        13.5,
                        12
                    ],
                    "texture": "#0"
                },
                "west": {
                    "uv": [
                        11.75,
                        9,
                        12.75,
                        12
                    ],
                    "texture": "#0"
                },
                "up": {
                    "uv": [
                        11.75,
                        9,
                        11,
                        8
                    ],
                    "texture": "#0"
                },
                "down": {
                    "uv": [
                        12.5,
                        8,
                        11.75,
                        9
                    ],
                    "texture": "#0"
                }
            }
        },
        {
            "from": [
                10,
                0.3735,
                6.43829
            ],
            "to": [
                11,
                3.3735,
                7.43829
            ],
            "rotation": {
                "angle": 0,
                "axis": "x",
                "origin": [
                    10.5,
                    4.90589,
                    6.78239
                ]
            },
            "faces": {
                "north": {
                    "uv": [
                        10,
                        12.5,
                        9,
                        9.5
                    ],
                    "rotation": 180,
                    "texture": "#1"
                },
                "east": {
                    "uv": [
                        9,
                        7.5,
                        12,
                        8.5
                    ],
                    "rotation": 90,
                    "texture": "#1"
                },
                "south": {
                    "uv": [
                        1,
                        10,
                        0,
                        13
                    ],
                    "texture": "#1"
                },
                "west": {
                    "uv": [
                        9,
                        8.5,
                        12,
                        9.5
                    ],
                    "rotation": 270,
                    "texture": "#1"
                },
                "up": {
                    "uv": [
                        1,
                        13,
                        2,
                        14
                    ],
                    "texture": "#1"
                },
                "down": {
                    "uv": [
                        13,
                        0,
                        14,
                        1
                    ],
                    "rotation": 180,
                    "texture": "#1"
                }
            }
        },
        {
            "from": [
                10,
                3.3735,
                6.68829
            ],
            "to": [
                11,
                4.1235,
                7.43829
            ],
            "rotation": {
                "angle": 0,
                "axis": "x",
                "origin": [
                    10.5,
                    4.90589,
                    6.78239
                ]
            },
            "faces": {
                "north": {
                    "uv": [
                        5.5,
                        14,
                        4.5,
                        13
                    ],
                    "rotation": 180,
                    "texture": "#1"
                },
                "east": {
                    "uv": [
                        2,
                        13,
                        3,
                        14
                    ],
                    "rotation": 90,
                    "texture": "#1"
                },
                "south": {
                    "uv": [
                        6.5,
                        13,
                        5.5,
                        14
                    ],
                    "texture": "#1"
                },
                "west": {
                    "uv": [
                        13,
                        3,
                        14,
                        4
                    ],
                    "rotation": 270,
                    "texture": "#1"
                },
                "up": {
                    "uv": [
                        13,
                        2,
                        14,
                        3
                    ],
                    "texture": "#1"
                },
                "down": {
                    "uv": [
                        13,
                        1,
                        14,
                        2
                    ],
                    "rotation": 180,
                    "texture": "#1"
                }
            }
        },
        {
            "from": [
                10.0005,
                3.88899,
                6.40558
            ],
            "to": [
                10.9995,
                4.13874,
                7.40458
            ],
            "rotation": {
                "angle": -45,
                "axis": "x",
                "origin": [
                    10.5,
                    4.90589,
                    6.78239
                ]
            },
            "faces": {
                "north": {
                    "uv": [
                        7,
                        14.5,
                        6,
                        14
                    ],
                    "rotation": 180,
                    "texture": "#1"
                },
                "east": {
                    "uv": [
                        8.5,
                        10,
                        9,
                        11
                    ],
                    "rotation": 90,
                    "texture": "#1"
                },
                "south": {
                    "uv": [
                        15,
                        6,
                        14,
                        6.5
                    ],
                    "texture": "#1"
                },
                "west": {
                    "uv": [
                        5.5,
                        11.5,
                        6,
                        12.5
                    ],
                    "rotation": 270,
                    "texture": "#1"
                },
                "up": {
                    "uv": [
                        13,
                        6.5,
                        14,
                        7.5
                    ],
                    "texture": "#1"
                },
                "down": {
                    "uv": [
                        6.5,
                        13,
                        7.5,
                        14
                    ],
                    "rotation": 180,
                    "texture": "#1"
                }
            }
        },
        {
            "from": [
                10,
                4.20458,
                7.49687
            ],
            "to": [
                11,
                5.20458,
                7.74688
            ],
            "rotation": {
                "angle": -22.5,
                "axis": "x",
                "origin": [
                    10.5,
                    4.90589,
                    6.78239
                ]
            },
            "faces": {
                "north": {
                    "uv": [
                        8.5,
                        14,
                        7.5,
                        13
                    ],
                    "rotation": 180,
                    "texture": "#1"
                },
                "east": {
                    "uv": [
                        7,
                        14,
                        8,
                        14.5
                    ],
                    "rotation": 90,
                    "texture": "#1"
                },
                "south": {
                    "uv": [
                        14,
                        7.5,
                        13,
                        8.5
                    ],
                    "texture": "#1"
                },
                "west": {
                    "uv": [
                        14,
                        7.5,
                        15,
                        8
                    ],
                    "rotation": 270,
                    "texture": "#1"
                },
                "up": {
                    "uv": [
                        14,
                        7,
                        15,
                        7.5
                    ],
                    "texture": "#1"
                },
                "down": {
                    "uv": [
                        14,
                        6.5,
                        15,
                        7
                    ],
                    "rotation": 180,
                    "texture": "#1"
                }
            }
        },
        {
            "from": [
                10.25,
                4.95626,
                6.42996
            ],
            "to": [
                10.75,
                5.20626,
                7.42996
            ],
            "rotation": {
                "angle": 22.5,
                "axis": "x",
                "origin": [
                    10.5,
                    4.90589,
                    6.78239
                ]
            },
            "faces": {
                "north": {
                    "uv": [
                        6,
                        13,
                        5.5,
                        12.5
                    ],
                    "rotation": 180,
                    "texture": "#1"
                },
                "east": {
                    "uv": [
                        8,
                        14,
                        8.5,
                        15
                    ],
                    "rotation": 90,
                    "texture": "#1"
                },
                "south": {
                    "uv": [
                        13.5,
                        11,
                        13,
                        11.5
                    ],
                    "texture": "#1"
                },
                "west": {
                    "uv": [
                        8.5,
                        14,
                        9,
                        15
                    ],
                    "rotation": 270,
                    "texture": "#1"
                },
                "up": {
                    "uv": [
                        14,
                        8,
                        14.5,
                        9
                    ],
                    "texture": "#1"
                },
                "down": {
                    "uv": [
                        8.5,
                        13,
                        9,
                        14
                    ],
                    "rotation": 180,
                    "texture": "#1"
                }
            }
        },
        {
            "from": [
                10,
                4.1235,
                6.43829
            ],
            "to": [
                11,
                5.6235,
                6.93829
            ],
            "rotation": {
                "angle": 0,
                "axis": "x",
                "origin": [
                    10.5,
                    4.90589,
                    6.78239
                ]
            },
            "faces": {
                "north": {
                    "uv": [
                        12,
                        11.5,
                        11,
                        10
                    ],
                    "rotation": 180,
                    "texture": "#1"
                },
                "east": {
                    "uv": [
                        14,
                        5,
                        15.5,
                        5.5
                    ],
                    "rotation": 90,
                    "texture": "#1"
                },
                "south": {
                    "uv": [
                        3,
                        11.5,
                        2,
                        13
                    ],
                    "texture": "#1"
                },
                "west": {
                    "uv": [
                        14,
                        5.5,
                        15.5,
                        6
                    ],
                    "rotation": 270,
                    "texture": "#1"
                },
                "up": {
                    "uv": [
                        14,
                        9,
                        15,
                        9.5
                    ],
                    "texture": "#1"
                },
                "down": {
                    "uv": [
                        9,
                        14,
                        10,
                        14.5
                    ],
                    "rotation": 180,
                    "texture": "#1"
                }
            }
        },
        {
            "from": [
                10.0005,
                4.95094,
                6.73947
            ],
            "to": [
                10.9995,
                5.70019,
                7.48872
            ],
            "rotation": {
                "angle": -22.5,
                "axis": "x",
                "origin": [
                    10.5,
                    4.90589,
                    6.78239
                ]
            },
            "faces": {
                "north": {
                    "uv": [
                        14.5,
                        5,
                        13.5,
                        4
                    ],
                    "rotation": 180,
                    "texture": "#1"
                },
                "east": {
                    "uv": [
                        13,
                        10,
                        14,
                        11
                    ],
                    "rotation": 90,
                    "texture": "#1"
                },
                "south": {
                    "uv": [
                        11,
                        13.5,
                        10,
                        14.5
                    ],
                    "texture": "#1"
                },
                "west": {
                    "uv": [
                        3,
                        13.5,
                        4,
                        14.5
                    ],
                    "rotation": 270,
                    "texture": "#1"
                },
                "up": {
                    "uv": [
                        11,
                        13,
                        12,
                        14
                    ],
                    "texture": "#1"
                },
                "down": {
                    "uv": [
                        13,
                        8.5,
                        14,
                        9.5
                    ],
                    "rotation": 180,
                    "texture": "#1"
                }
            }
        },
        {
            "from": [
                10.0005,
                5.60413,
                6.4961
            ],
            "to": [
                10.9995,
                6.66373,
                6.74585
            ],
            "rotation": {
                "angle": -45,
                "axis": "x",
                "origin": [
                    10.5,
                    4.90589,
                    6.78239
                ]
            },
            "faces": {
                "north": {
                    "uv": [
                        13.5,
                        11,
                        14.5,
                        12
                    ],
                    "texture": "#1"
                },
                "east": {
                    "uv": [
                        14,
                        9.5,
                        14.5,
                        10.5
                    ],
                    "texture": "#1"
                },
                "south": {
                    "uv": [
                        12,
                        13.5,
                        13,
                        14.5
                    ],
                    "texture": "#1"
                },
                "west": {
                    "uv": [
                        11,
                        14,
                        11.5,
                        15
                    ],
                    "texture": "#1"
                },
                "up": {
                    "uv": [
                        15,
                        11,
                        14,
                        10.5
                    ],
                    "texture": "#1"
                },
                "down": {
                    "uv": [
                        15,
                        13.5,
                        14,
                        14
                    ],
                    "texture": "#1"
                }
            }
        },
        {
            "from": [
                10,
                -0.6265,
                5.26329
            ],
            "to": [
                11,
                3.3735,
                6.26329
            ],
            "rotation": {
                "angle": 0,
                "axis": "x",
                "origin": [
                    10.5,
                    4.90589,
                    6.78239
                ]
            },
            "faces": {
                "north": {
                    "uv": [
                        3,
                        11.5,
                        2,
                        7.5
                    ],
                    "rotation": 180,
                    "texture": "#1"
                },
                "east": {
                    "uv": [
                        7,
                        1,
                        11,
                        2
                    ],
                    "rotation": 90,
                    "texture": "#1"
                },
                "south": {
                    "uv": [
                        4,
                        7.5,
                        3,
                        11.5
                    ],
                    "texture": "#1"
                },
                "west": {
                    "uv": [
                        7,
                        2,
                        11,
                        3
                    ],
                    "rotation": 270,
                    "texture": "#1"
                },
                "up": {
                    "uv": [
                        13,
                        13.5,
                        14,
                        14.5
                    ],
                    "texture": "#1"
                },
                "down": {
                    "uv": [
                        13.5,
                        12,
                        14.5,
                        13
                    ],
                    "rotation": 180,
                    "texture": "#1"
                }
            }
        },
        {
            "from": [
                10.25,
                -0.7515,
                5.43829
            ],
            "to": [
                10.75,
                -0.2515,
                5.93829
            ],
            "rotation": {
                "angle": 0,
                "axis": "x",
                "origin": [
                    10.5,
                    4.90589,
                    6.78239
                ]
            },
            "faces": {
                "north": {
                    "uv": [
                        13,
                        15,
                        12.5,
                        14.5
                    ],
                    "rotation": 180,
                    "texture": "#1"
                },
                "east": {
                    "uv": [
                        14.5,
                        11.5,
                        15,
                        12
                    ],
                    "rotation": 90,
                    "texture": "#1"
                },
                "south": {
                    "uv": [
                        15,
                        12.5,
                        14.5,
                        13
                    ],
                    "texture": "#1"
                },
                "west": {
                    "uv": [
                        14.5,
                        12,
                        15,
                        12.5
                    ],
                    "rotation": 270,
                    "texture": "#1"
                },
                "up": {
                    "uv": [
                        12,
                        14.5,
                        12.5,
                        15
                    ],
                    "texture": "#1"
                },
                "down": {
                    "uv": [
                        11.5,
                        14.5,
                        12,
                        15
                    ],
                    "rotation": 180,
                    "texture": "#1"
                }
            }
        },
        {
            "from": [
                10,
                3.3735,
                5.26329
            ],
            "to": [
                11,
                6.1235,
                5.51329
            ],
            "rotation": {
                "angle": 0,
                "axis": "x",
                "origin": [
                    10.5,
                    4.90589,
                    6.78239
                ]
            },
            "faces": {
                "north": {
                    "uv": [
                        2,
                        13,
                        1,
                        10
                    ],
                    "rotation": 180,
                    "texture": "#1"
                },
                "east": {
                    "uv": [
                        11,
                        5,
                        14,
                        5.5
                    ],
                    "rotation": 90,
                    "texture": "#1"
                },
                "south": {
                    "uv": [
                        11,
                        3,
                        10,
                        6
                    ],
                    "texture": "#1"
                },
                "west": {
                    "uv": [
                        11,
                        5.5,
                        14,
                        6
                    ],
                    "rotation": 270,
                    "texture": "#1"
                },
                "up": {
                    "uv": [
                        0,
                        14.5,
                        1,
                        15
                    ],
                    "texture": "#1"
                },
                "down": {
                    "uv": [
                        14,
                        14,
                        15,
                        14.5
                    ],
                    "rotation": 180,
                    "texture": "#1"
                }
            }
        },
        {
            "from": [
                10,
                3.8735,
                5.51329
            ],
            "to": [
                11,
                5.3735,
                6.26329
            ],
            "rotation": {
                "angle": 0,
                "axis": "x",
                "origin": [
                    10.5,
                    4.90589,
                    6.78239
                ]
            },
            "faces": {
                "north": {
                    "uv": [
                        5.5,
                        13,
                        4.5,
                        11.5
                    ],
                    "rotation": 180,
                    "texture": "#1"
                },
                "east": {
                    "uv": [
                        11.5,
                        0,
                        13,
                        1
                    ],
                    "rotation": 90,
                    "texture": "#1"
                },
                "south": {
                    "uv": [
                        12,
                        11.5,
                        11,
                        13
                    ],
                    "texture": "#1"
                },
                "west": {
                    "uv": [
                        3,
                        11.5,
                        4.5,
                        12.5
                    ],
                    "rotation": 270,
                    "texture": "#1"
                },
                "up": {
                    "uv": [
                        1,
                        14,
                        2,
                        15
                    ],
                    "texture": "#1"
                },
                "down": {
                    "uv": [
                        14,
                        0,
                        15,
                        1
                    ],
                    "rotation": 180,
                    "texture": "#1"
                }
            }
        },
        {
            "from": [
                10,
                5.3735,
                5.51329
            ],
            "to": [
                11,
                5.8735,
                5.76329
            ],
            "rotation": {
                "angle": 0,
                "axis": "x",
                "origin": [
                    10.5,
                    4.90589,
                    6.78239
                ]
            },
            "faces": {
                "north": {
                    "uv": [
                        15.5,
                        4.5,
                        14.5,
                        4
                    ],
                    "rotation": 180,
                    "texture": "#1"
                },
                "east": {
                    "uv": [
                        4,
                        13.5,
                        4.5,
                        14
                    ],
                    "rotation": 90,
                    "texture": "#1"
                },
                "south": {
                    "uv": [
                        15.5,
                        4.5,
                        14.5,
                        5
                    ],
                    "texture": "#1"
                },
                "west": {
                    "uv": [
                        11.5,
                        14,
                        12,
                        14.5
                    ],
                    "rotation": 270,
                    "texture": "#1"
                },
                "up": {
                    "uv": [
                        4,
                        14.5,
                        5,
                        15
                    ],
                    "texture": "#1"
                },
                "down": {
                    "uv": [
                        3,
                        14.5,
                        4,
                        15
                    ],
                    "rotation": 180,
                    "texture": "#1"
                }
            }
        },
        {
            "from": [
                10,
                5.3735,
                5.76329
            ],
            "to": [
                11,
                5.6235,
                6.01329
            ],
            "rotation": {
                "angle": 0,
                "axis": "x",
                "origin": [
                    10.5,
                    4.90589,
                    6.78239
                ]
            },
            "faces": {
                "north": {
                    "uv": [
                        8,
                        15,
                        7,
                        14.5
                    ],
                    "rotation": 180,
                    "texture": "#1"
                },
                "east": {
                    "uv": [
                        14.5,
                        10,
                        15,
                        10.5
                    ],
                    "rotation": 90,
                    "texture": "#1"
                },
                "south": {
                    "uv": [
                        15.5,
                        8,
                        14.5,
                        8.5
                    ],
                    "texture": "#1"
                },
                "west": {
                    "uv": [
                        14.5,
                        11,
                        15,
                        11.5
                    ],
                    "rotation": 270,
                    "texture": "#1"
                },
                "up": {
                    "uv": [
                        6,
                        14.5,
                        7,
                        15
                    ],
                    "texture": "#1"
                },
                "down": {
                    "uv": [
                        5,
                        14.5,
                        6,
                        15
                    ],
                    "rotation": 180,
                    "texture": "#1"
                }
            }
        },
        {
            "from": [
                10.12538,
                5.11788,
                7.0968
            ],
            "to": [
                10.87463,
                6.11688,
                8.84505
            ],
            "rotation": {
                "angle": -22.5,
                "axis": "x",
                "origin": [
                    10.5,
                    4.90589,
                    6.78239
                ]
            },
            "faces": {
                "north": {
                    "uv": [
                        15,
                        2,
                        14,
                        1
                    ],
                    "rotation": 180,
                    "texture": "#1"
                },
                "east": {
                    "uv": [
                        13,
                        1,
                        12,
                        2.5
                    ],
                    "rotation": 90,
                    "texture": "#1"
                },
                "south": {
                    "uv": [
                        3,
                        14,
                        2,
                        15
                    ],
                    "texture": "#1"
                },
                "west": {
                    "uv": [
                        12,
                        8,
                        13,
                        9.5
                    ],
                    "rotation": 270,
                    "texture": "#1"
                },
                "up": {
                    "uv": [
                        12,
                        6.5,
                        13,
                        8
                    ],
                    "texture": "#1"
                },
                "down": {
                    "uv": [
                        12,
                        1,
                        13,
                        2.5
                    ],
                    "rotation": 180,
                    "texture": "#1"
                }
            }
        },
        {
            "from": [
                10.125,
                1.49238,
                5.84592
            ],
            "to": [
                10.875,
                2.99238,
                9.09592
            ],
            "rotation": {
                "angle": -22.5,
                "axis": "x",
                "origin": [
                    10.5,
                    4.90589,
                    6.78239
                ]
            },
            "faces": {
                "north": {
                    "uv": [
                        10,
                        14,
                        9,
                        12.5
                    ],
                    "rotation": 180,
                    "texture": "#1"
                },
                "east": {
                    "uv": [
                        5,
                        3,
                        6.5,
                        6.5
                    ],
                    "rotation": 90,
                    "texture": "#1"
                },
                "south": {
                    "uv": [
                        1,
                        13,
                        0,
                        14.5
                    ],
                    "texture": "#1"
                },
                "west": {
                    "uv": [
                        6.5,
                        3,
                        8,
                        6.5
                    ],
                    "rotation": 270,
                    "texture": "#1"
                },
                "up": {
                    "uv": [
                        9,
                        3,
                        10,
                        6.5
                    ],
                    "texture": "#1"
                },
                "down": {
                    "uv": [
                        8,
                        3,
                        9,
                        6.5
                    ],
                    "rotation": 180,
                    "texture": "#1"
                }
            }
        },
        {
            "from": [
                10.125,
                0.6235,
                5.51329
            ],
            "to": [
                10.875,
                7.3735,
                6.76329
            ],
            "rotation": {
                "angle": 0,
                "axis": "x",
                "origin": [
                    10.5,
                    4.90589,
                    6.78239
                ]
            },
            "faces": {
                "north": {
                    "uv": [
                        1,
                        10,
                        0,
                        3
                    ],
                    "rotation": 180,
                    "texture": "#1"
                },
                "east": {
                    "uv": [
                        7,
                        1.5,
                        0,
                        3
                    ],
                    "rotation": 90,
                    "texture": "#1"
                },
                "south": {
                    "uv": [
                        2,
                        3,
                        1,
                        10
                    ],
                    "texture": "#1"
                },
                "west": {
                    "uv": [
                        0,
                        1.5,
                        7,
                        3
                    ],
                    "rotation": 270,
                    "texture": "#1"
                },
                "up": {
                    "uv": [
                        12,
                        10,
                        13,
                        11.5
                    ],
                    "texture": "#1"
                },
                "down": {
                    "uv": [
                        10,
                        12,
                        11,
                        13.5
                    ],
                    "rotation": 180,
                    "texture": "#1"
                }
            }
        },
        {
            "from": [
                10,
                4.9806,
                8.83824
            ],
            "to": [
                11,
                9.2306,
                9.08824
            ],
            "rotation": {
                "angle": -22.5,
                "axis": "x",
                "origin": [
                    10.5,
                    4.90589,
                    6.78239
                ]
            },
            "faces": {
                "north": {
                    "uv": [
                        5,
                        11.5,
                        4,
                        7.5
                    ],
                    "rotation": 180,
                    "texture": "#1"
                },
                "east": {
                    "uv": [
                        10,
                        6,
                        14,
                        6.5
                    ],
                    "rotation": 90,
                    "texture": "#1"
                },
                "south": {
                    "uv": [
                        6,
                        7.5,
                        5,
                        11.5
                    ],
                    "texture": "#1"
                },
                "west": {
                    "uv": [
                        10,
                        9.5,
                        14,
                        10
                    ],
                    "rotation": 270,
                    "texture": "#1"
                },
                "up": {
                    "uv": [
                        9,
                        14.5,
                        10,
                        15
                    ],
                    "texture": "#1"
                },
                "down": {
                    "uv": [
                        14.5,
                        8.5,
                        15.5,
                        9
                    ],
                    "rotation": 180,
                    "texture": "#1"
                }
            }
        },
        {
            "from": [
                10,
                1.3556,
                9.08824
            ],
            "to": [
                11,
                3.1056,
                9.33824
            ],
            "rotation": {
                "angle": -22.5,
                "axis": "x",
                "origin": [
                    10.5,
                    4.90589,
                    6.78239
                ]
            },
            "faces": {
                "north": {
                    "uv": [
                        8,
                        13,
                        7,
                        11
                    ],
                    "rotation": 180,
                    "texture": "#1"
                },
                "east": {
                    "uv": [
                        13.5,
                        13,
                        15.5,
                        13.5
                    ],
                    "rotation": 90,
                    "texture": "#1"
                },
                "south": {
                    "uv": [
                        9,
                        11,
                        8,
                        13
                    ],
                    "texture": "#1"
                },
                "west": {
                    "uv": [
                        4,
                        14,
                        6,
                        14.5
                    ],
                    "rotation": 270,
                    "texture": "#1"
                },
                "up": {
                    "uv": [
                        10,
                        14.5,
                        11,
                        15
                    ],
                    "texture": "#1"
                },
                "down": {
                    "uv": [
                        14.5,
                        9.5,
                        15.5,
                        10
                    ],
                    "rotation": 180,
                    "texture": "#1"
                }
            }
        },
        {
            "from": [
                10,
                7.4806,
                7.08824
            ],
            "to": [
                11,
                8.7306,
                8.83824
            ],
            "rotation": {
                "angle": -22.5,
                "axis": "x",
                "origin": [
                    10.5,
                    4.90589,
                    6.78239
                ]
            },
            "faces": {
                "north": {
                    "uv": [
                        15,
                        3,
                        14,
                        2
                    ],
                    "rotation": 180,
                    "texture": "#1"
                },
                "east": {
                    "uv": [
                        11,
                        1,
                        12,
                        3
                    ],
                    "rotation": 90,
                    "texture": "#1"
                },
                "south": {
                    "uv": [
                        15,
                        3,
                        14,
                        4
                    ],
                    "texture": "#1"
                },
                "west": {
                    "uv": [
                        6,
                        11,
                        7,
                        13
                    ],
                    "rotation": 270,
                    "texture": "#1"
                },
                "up": {
                    "uv": [
                        11,
                        3,
                        12,
                        5
                    ],
                    "texture": "#1"
                },
                "down": {
                    "uv": [
                        10,
                        10,
                        11,
                        12
                    ],
                    "rotation": 180,
                    "texture": "#1"
                }
            }
        },
        {
            "from": [
                9.875,
                6.44835,
                5.28933
            ],
            "to": [
                11.125,
                10.94835,
                6.28933
            ],
            "rotation": {
                "angle": 0,
                "axis": "x",
                "origin": [
                    10.5,
                    4.90589,
                    6.78239
                ]
            },
            "faces": {
                "north": {
                    "uv": [
                        3.5,
                        7.5,
                        2,
                        3
                    ],
                    "rotation": 180,
                    "texture": "#1"
                },
                "east": {
                    "uv": [
                        5,
                        6.5,
                        9.5,
                        7.5
                    ],
                    "rotation": 90,
                    "texture": "#1"
                },
                "south": {
                    "uv": [
                        5,
                        3,
                        3.5,
                        7.5
                    ],
                    "texture": "#1"
                },
                "west": {
                    "uv": [
                        7,
                        0,
                        11.5,
                        1
                    ],
                    "rotation": 270,
                    "texture": "#1"
                },
                "up": {
                    "uv": [
                        12,
                        11.5,
                        13.5,
                        12.5
                    ],
                    "texture": "#1"
                },
                "down": {
                    "uv": [
                        12,
                        4,
                        13.5,
                        5
                    ],
                    "rotation": 180,
                    "texture": "#1"
                }
            }
        },
        {
            "from": [
                9.875,
                8.44835,
                6.28933
            ],
            "to": [
                11.125,
                10.94835,
                7.28933
            ],
            "rotation": {
                "angle": 0,
                "axis": "x",
                "origin": [
                    10.5,
                    4.90589,
                    6.78239
                ]
            },
            "faces": {
                "north": {
                    "uv": [
                        7.5,
                        10,
                        6,
                        7.5
                    ],
                    "rotation": 180,
                    "texture": "#1"
                },
                "east": {
                    "uv": [
                        9.5,
                        6.5,
                        12,
                        7.5
                    ],
                    "rotation": 90,
                    "texture": "#1"
                },
                "south": {
                    "uv": [
                        9,
                        7.5,
                        7.5,
                        10
                    ],
                    "texture": "#1"
                },
                "west": {
                    "uv": [
                        6,
                        10,
                        8.5,
                        11
                    ],
                    "rotation": 270,
                    "texture": "#1"
                },
                "up": {
                    "uv": [
                        12,
                        12.5,
                        13.5,
                        13.5
                    ],
                    "texture": "#1"
                },
                "down": {
                    "uv": [
                        3,
                        12.5,
                        4.5,
                        13.5
                    ],
                    "rotation": 180,
                    "texture": "#1"
                }
            }
        }
    ],
    "display": {
        "thirdperson_righthand": {
            "rotation": [
                90,
                0,
                0
            ],
            "translation": [
                -5.5,
                -2,
                4.25
            ],
            "scale": [
                2,
                2,
                2
            ]
        },
        "thirdperson_lefthand": {
            "rotation": [
                90,
                0,
                0
            ],
            "translation": [
                -6,
                -1.75,
                -3.5
            ]
        },
        "firstperson_righthand": {
            "translation": [
                0,
                8.75,
                2
            ]
        },
        "firstperson_lefthand": {
            "translation": [
                0,
                8.75,
                2
            ]
        },
        "ground": {
            "rotation": [
                0,
                0,
                90
            ],
            "translation": [
                -0.5,
                -4.75,
                0
            ],
            "scale": [
                0.45,
                0.45,
                0.45
            ]
        },
        "gui": {
            "rotation": [
                90,
                -48,
                90
            ],
            "translation": [
                -1,
                1.75,
                0
            ],
            "scale": [
                0.86,
                0.86,
                0.86
            ]
        },
        "head": {
            "translation": [
                0,
                -29,
                0
            ],
            "scale": [
                1.6,
                1.6,
                1.6
            ]
        }
    },
    "groups": [
        {
            "name": "alex",
            "origin": [
                8,
                8,
                8
            ],
            "color": 0,
            "children": [
                0,
                1
            ]
        },
        {
            "name": "gun",
            "origin": [
                8,
                8,
                8
            ],
            "color": 0,
            "children": [
                {
                    "name": "group",
                    "origin": [
                        7.5,
                        6,
                        3
                    ],
                    "color": 0,
                    "children": [
                        2,
                        3,
                        4,
                        5,
                        6,
                        7,
                        8
                    ]
                },
                {
                    "name": "group",
                    "origin": [
                        7.5,
                        6,
                        3
                    ],
                    "color": 0,
                    "children": [
                        9,
                        10,
                        11,
                        12,
                        13,
                        14,
                        15
                    ]
                },
                16,
                17,
                18,
                {
                    "name": "group",
                    "origin": [
                        7.5,
                        6,
                        3
                    ],
                    "color": 0,
                    "children": [
                        19,
                        20,
                        21,
                        22,
                        23
                    ]
                }
            ]
        }
    ]
}