{
    "credit": "Made with Blockbench",
    "textures": {
        "1": "item/mob/stick/20141/terrible_scout_bomber_camera",
        "3": "item/mob/stick/20141/terrible_scout_bomber_body",
        "4": "item/mob/stick/20141/terrible_scout_bomber_arm",
        "5": "item/mob/stick/20141/terrible_scout_bomber_body2",
        "8": "item/mob/stick/20141/terrible_scout_bomber_canopy",
        "9": "item/mob/stick/20141/terrible_scout_bomber_roundel",
        "particle": "item/mob/stick/20141/terrible_scout_bomber_camera"
    },
    "elements": [
        {
            "name": "arm21",
            "from": [
                17.75,
                -3.5,
                4.75
            ],
            "to": [
                19.75,
                4.5,
                6.75
            ],
            "rotation": {
                "angle": 22.5,
                "axis": "x",
                "origin": [
                    19.75,
                    2.5,
                    6.75
                ]
            },
            "faces": {
                "north": {
                    "uv": [
                        4.5,
                        0,
                        6.5,
                        10
                    ],
                    "rotation": 180,
                    "texture": "#4"
                },
                "east": {
                    "uv": [
                        6,
                        14,
                        16,
                        16
                    ],
                    "rotation": 90,
                    "texture": "#4"
                },
                "south": {
                    "uv": [
                        4.5,
                        10,
                        2.5,
                        0
                    ],
                    "texture": "#4"
                },
                "west": {
                    "uv": [
                        16,
                        12,
                        6,
                        14
                    ],
                    "rotation": 270,
                    "texture": "#4"
                },
                "up": {
                    "uv": [
                        1,
                        13,
                        3,
                        15
                    ],
                    "texture": "#4"
                },
                "down": {
                    "uv": [
                        14,
                        10,
                        16,
                        12
                    ],
                    "rotation": 180,
                    "texture": "#4"
                }
            }
        },
        {
            "name": "arm11",
            "from": [
                -3.75,
                -2.5,
                3.75
            ],
            "to": [
                -1.75,
                5.5,
                5.75
            ],
            "rotation": {
                "angle": 22.5,
                "axis": "x",
                "origin": [
                    -3.75,
                    3.5,
                    5.75
                ]
            },
            "faces": {
                "north": {
                    "uv": [
                        0.5,
                        0,
                        2.5,
                        10
                    ],
                    "rotation": 180,
                    "texture": "#4"
                },
                "east": {
                    "uv": [
                        6,
                        12,
                        16,
                        14
                    ],
                    "rotation": 90,
                    "texture": "#4"
                },
                "south": {
                    "uv": [
                        3.5,
                        10,
                        5.5,
                        0
                    ],
                    "texture": "#4"
                },
                "west": {
                    "uv": [
                        16,
                        13.5,
                        6,
                        15.5
                    ],
                    "rotation": 270,
                    "texture": "#4"
                },
                "up": {
                    "uv": [
                        2.5,
                        12,
                        4.5,
                        14
                    ],
                    "texture": "#4"
                },
                "down": {
                    "uv": [
                        14,
                        10,
                        16,
                        12
                    ],
                    "rotation": 180,
                    "texture": "#4"
                }
            }
        },
        {
            "name": "wing14",
            "from": [
                -15.5,
                -2.5,
                9
            ],
            "to": [
                -13,
                3,
                10.5
            ],
            "rotation": {
                "angle": 22.5,
                "axis": "z",
                "origin": [
                    -13.5,
                    -0.5,
                    8
                ]
            },
            "faces": {
                "north": {
                    "uv": [
                        4,
                        0,
                        6.5,
                        5.5
                    ],
                    "texture": "#5"
                },
                "east": {
                    "uv": [
                        14,
                        1,
                        15.5,
                        6.5
                    ],
                    "texture": "#3"
                },
                "south": {
                    "uv": [
                        3,
                        4,
                        5.5,
                        9.5
                    ],
                    "texture": "#3"
                },
                "west": {
                    "uv": [
                        8,
                        5,
                        9.5,
                        10.5
                    ],
                    "texture": "#3"
                },
                "up": {
                    "uv": [
                        12,
                        7,
                        14.5,
                        8.5
                    ],
                    "texture": "#3"
                },
                "down": {
                    "uv": [
                        4,
                        9,
                        6.5,
                        10.5
                    ],
                    "texture": "#3"
                }
            }
        },
        {
            "name": "wing1",
            "from": [
                -1,
                0,
                8
            ],
            "to": [
                8.5,
                11.5,
                9.5
            ],
            "rotation": {
                "angle": 22.5,
                "axis": "z",
                "origin": [
                    1,
                    2,
                    8
                ]
            },
            "faces": {
                "north": {
                    "uv": [
                        0,
                        0,
                        9.5,
                        11.5
                    ],
                    "texture": "#5"
                },
                "east": {
                    "uv": [
                        6.5,
                        15,
                        8,
                        16
                    ],
                    "texture": "#texture"
                },
                "south": {
                    "uv": [
                        0,
                        0,
                        9.5,
                        11.5
                    ],
                    "texture": "#3"
                },
                "west": {
                    "uv": [
                        12,
                        4,
                        13.5,
                        15.5
                    ],
                    "texture": "#3"
                },
                "up": {
                    "uv": [
                        0,
                        8,
                        9.5,
                        9.5
                    ],
                    "texture": "#3"
                },
                "down": {
                    "uv": [
                        5,
                        3.5,
                        14.5,
                        5
                    ],
                    "texture": "#3"
                }
            }
        },
        {
            "name": "wing14",
            "from": [
                29,
                -2.5,
                10
            ],
            "to": [
                31.5,
                3,
                11.5
            ],
            "rotation": {
                "angle": -22.5,
                "axis": "z",
                "origin": [
                    29.5,
                    -0.5,
                    8
                ]
            },
            "faces": {
                "north": {
                    "uv": [
                        6.5,
                        0,
                        4,
                        5.5
                    ],
                    "texture": "#5"
                },
                "east": {
                    "uv": [
                        13.5,
                        6,
                        12,
                        11.5
                    ],
                    "texture": "#3"
                },
                "south": {
                    "uv": [
                        10.5,
                        6,
                        8,
                        11.5
                    ],
                    "texture": "#3"
                },
                "west": {
                    "uv": [
                        11,
                        5,
                        9.5,
                        10.5
                    ],
                    "texture": "#3"
                },
                "up": {
                    "uv": [
                        7.5,
                        10,
                        5,
                        11.5
                    ],
                    "texture": "#3"
                },
                "down": {
                    "uv": [
                        5.5,
                        5.5,
                        3,
                        7
                    ],
                    "texture": "#3"
                }
            }
        },
        {
            "name": "wing13",
            "from": [
                26,
                -3,
                9
            ],
            "to": [
                29,
                6,
                10.5
            ],
            "rotation": {
                "angle": -22.5,
                "axis": "z",
                "origin": [
                    27,
                    -1,
                    8
                ]
            },
            "faces": {
                "north": {
                    "uv": [
                        7,
                        0,
                        4,
                        9
                    ],
                    "texture": "#5"
                },
                "east": {
                    "uv": [
                        14.5,
                        5,
                        13,
                        14
                    ],
                    "texture": "#3"
                },
                "south": {
                    "uv": [
                        8,
                        2,
                        5,
                        11
                    ],
                    "texture": "#3"
                },
                "west": {
                    "uv": [
                        12,
                        4,
                        10.5,
                        13
                    ],
                    "texture": "#3"
                },
                "up": {
                    "uv": [
                        6,
                        7,
                        3,
                        8.5
                    ],
                    "texture": "#3"
                },
                "down": {
                    "uv": [
                        3,
                        6.5,
                        0,
                        8
                    ],
                    "texture": "#3"
                }
            }
        },
        {
            "name": "wing12",
            "from": [
                22,
                -2,
                8
            ],
            "to": [
                26,
                8,
                9.5
            ],
            "rotation": {
                "angle": -22.5,
                "axis": "z",
                "origin": [
                    24,
                    0,
                    8
                ]
            },
            "faces": {
                "north": {
                    "uv": [
                        6,
                        0,
                        2,
                        10
                    ],
                    "texture": "#5"
                },
                "east": {
                    "uv": [
                        9.5,
                        2,
                        8,
                        12
                    ],
                    "texture": "#3"
                },
                "south": {
                    "uv": [
                        5,
                        0,
                        1,
                        10
                    ],
                    "texture": "#3"
                },
                "west": {
                    "uv": [
                        15,
                        5,
                        13.5,
                        15
                    ],
                    "texture": "#3"
                },
                "up": {
                    "uv": [
                        8,
                        7,
                        4,
                        8.5
                    ],
                    "texture": "#3"
                },
                "down": {
                    "uv": [
                        11,
                        4.5,
                        7,
                        6
                    ],
                    "texture": "#3"
                }
            }
        },
        {
            "name": "wing11",
            "from": [
                17,
                -1.5,
                9
            ],
            "to": [
                22,
                9.5,
                10.5
            ],
            "rotation": {
                "angle": -22.5,
                "axis": "z",
                "origin": [
                    20,
                    0.5,
                    8
                ]
            },
            "faces": {
                "north": {
                    "uv": [
                        7,
                        0,
                        2,
                        11
                    ],
                    "texture": "#5"
                },
                "east": {
                    "uv": [
                        9.5,
                        15,
                        8,
                        26
                    ],
                    "texture": "#3"
                },
                "south": {
                    "uv": [
                        9,
                        0,
                        4,
                        11
                    ],
                    "texture": "#3"
                },
                "west": {
                    "uv": [
                        11,
                        10,
                        9.5,
                        21
                    ],
                    "texture": "#3"
                },
                "up": {
                    "uv": [
                        11,
                        5,
                        6,
                        6.5
                    ],
                    "texture": "#3"
                },
                "down": {
                    "uv": [
                        11,
                        3.5,
                        6,
                        5
                    ],
                    "texture": "#3"
                }
            }
        },
        {
            "name": "wing1",
            "from": [
                7.5,
                0,
                8
            ],
            "to": [
                17,
                11.5,
                9.5
            ],
            "rotation": {
                "angle": -22.5,
                "axis": "z",
                "origin": [
                    15,
                    2,
                    8
                ]
            },
            "faces": {
                "north": {
                    "uv": [
                        9.5,
                        0,
                        0,
                        11.5
                    ],
                    "texture": "#5"
                },
                "east": {
                    "uv": [
                        15.5,
                        7,
                        9,
                        13
                    ],
                    "texture": "#3"
                },
                "south": {
                    "uv": [
                        9.5,
                        0,
                        0,
                        11.5
                    ],
                    "texture": "#3"
                },
                "west": {
                    "uv": [
                        8,
                        15,
                        6.5,
                        16
                    ],
                    "texture": "#texture"
                },
                "up": {
                    "uv": [
                        9.5,
                        7,
                        0,
                        8.5
                    ],
                    "texture": "#3"
                },
                "down": {
                    "uv": [
                        9.5,
                        6.5,
                        0,
                        8
                    ],
                    "texture": "#3"
                }
            }
        },
        {
            "name": "wing11",
            "from": [
                -6,
                -1.5,
                9
            ],
            "to": [
                -1,
                9.5,
                10.5
            ],
            "rotation": {
                "angle": 22.5,
                "axis": "z",
                "origin": [
                    -4,
                    0.5,
                    8
                ]
            },
            "faces": {
                "north": {
                    "uv": [
                        2,
                        0,
                        7,
                        11
                    ],
                    "texture": "#5"
                },
                "east": {
                    "uv": [
                        5.5,
                        2,
                        7,
                        13
                    ],
                    "texture": "#3"
                },
                "south": {
                    "uv": [
                        7,
                        2,
                        12,
                        13
                    ],
                    "texture": "#3"
                },
                "west": {
                    "uv": [
                        0,
                        0,
                        1.5,
                        11
                    ],
                    "texture": "#3"
                },
                "up": {
                    "uv": [
                        2,
                        4,
                        7,
                        5.5
                    ],
                    "texture": "#3"
                },
                "down": {
                    "uv": [
                        2,
                        9.5,
                        7,
                        11
                    ],
                    "texture": "#3"
                }
            }
        },
        {
            "name": "wing12",
            "from": [
                -10,
                -2,
                7
            ],
            "to": [
                -6,
                8,
                8.5
            ],
            "rotation": {
                "angle": 22.5,
                "axis": "z",
                "origin": [
                    -8,
                    0,
                    8
                ]
            },
            "faces": {
                "north": {
                    "uv": [
                        3,
                        0,
                        7,
                        10
                    ],
                    "texture": "#5"
                },
                "east": {
                    "uv": [
                        13.5,
                        5,
                        15,
                        15
                    ],
                    "texture": "#3"
                },
                "south": {
                    "uv": [
                        5,
                        1,
                        9,
                        11
                    ],
                    "texture": "#3"
                },
                "west": {
                    "uv": [
                        2,
                        0,
                        3.5,
                        10
                    ],
                    "texture": "#3"
                },
                "up": {
                    "uv": [
                        5,
                        8,
                        9,
                        9.5
                    ],
                    "texture": "#3"
                },
                "down": {
                    "uv": [
                        4,
                        5.5,
                        8,
                        7
                    ],
                    "texture": "#3"
                }
            }
        },
        {
            "name": "wing13",
            "from": [
                -13,
                -3,
                8
            ],
            "to": [
                -10,
                6,
                9.5
            ],
            "rotation": {
                "angle": 22.5,
                "axis": "z",
                "origin": [
                    -11,
                    -1,
                    8
                ]
            },
            "faces": {
                "north": {
                    "uv": [
                        4,
                        0,
                        7,
                        9
                    ],
                    "texture": "#5"
                },
                "east": {
                    "uv": [
                        9,
                        3,
                        10.5,
                        12
                    ],
                    "texture": "#3"
                },
                "south": {
                    "uv": [
                        1,
                        1,
                        4,
                        10
                    ],
                    "texture": "#3"
                },
                "west": {
                    "uv": [
                        7,
                        3,
                        8.5,
                        12
                    ],
                    "texture": "#3"
                },
                "up": {
                    "uv": [
                        7,
                        13,
                        10,
                        14.5
                    ],
                    "texture": "#3"
                },
                "down": {
                    "uv": [
                        12,
                        7,
                        15,
                        8.5
                    ],
                    "texture": "#3"
                }
            }
        },
        {
            "name": "Box10",
            "from": [
                6,
                2.4752,
                2.1716
            ],
            "to": [
                10,
                16.2252,
                3.6716
            ],
            "faces": {
                "north": {
                    "uv": [
                        16,
                        12,
                        2.25,
                        16
                    ],
                    "rotation": 90,
                    "texture": "#5"
                },
                "east": {
                    "uv": [
                        16,
                        12,
                        2.25,
                        13
                    ],
                    "rotation": 90,
                    "texture": "#5"
                },
                "south": {
                    "uv": [
                        3,
                        1,
                        7,
                        14.75
                    ],
                    "texture": "#5"
                },
                "west": {
                    "uv": [
                        16,
                        12.5,
                        2.25,
                        13
                    ],
                    "rotation": 90,
                    "texture": "#5"
                },
                "up": {
                    "uv": [
                        14.5,
                        12,
                        16,
                        16
                    ],
                    "rotation": 90,
                    "texture": "#5"
                },
                "down": {
                    "uv": [
                        6,
                        1,
                        10,
                        2.5
                    ],
                    "texture": "#5"
                }
            }
        },
        {
            "name": "Box10",
            "from": [
                0.43488,
                25.74865,
                5.4677
            ],
            "to": [
                2.68488,
                28.74865,
                9.4677
            ],
            "rotation": {
                "angle": -22.5,
                "axis": "z",
                "origin": [
                    -4,
                    10.5504,
                    -4.5646
                ]
            },
            "faces": {
                "north": {
                    "uv": [
                        13.75,
                        13,
                        16,
                        16
                    ],
                    "texture": "#3"
                },
                "east": {
                    "uv": [
                        5.5,
                        2,
                        9.5,
                        15
                    ],
                    "texture": "#texture"
                },
                "south": {
                    "uv": [
                        11.75,
                        13,
                        14,
                        16
                    ],
                    "texture": "#3"
                },
                "west": {
                    "uv": [
                        11,
                        13,
                        16,
                        16
                    ],
                    "texture": "#3"
                },
                "up": {
                    "uv": [
                        11,
                        13.75,
                        16,
                        16
                    ],
                    "rotation": 90,
                    "texture": "#3"
                },
                "down": {
                    "uv": [
                        2,
                        5.5,
                        4,
                        9.5
                    ],
                    "texture": "#texture"
                }
            }
        },
        {
            "name": "Box10",
            "from": [
                0.43488,
                20.74865,
                4.4777
            ],
            "to": [
                4.43488,
                25.74865,
                10.4777
            ],
            "rotation": {
                "angle": -22.5,
                "axis": "z",
                "origin": [
                    -4,
                    10.5504,
                    -4.5646
                ]
            },
            "faces": {
                "north": {
                    "uv": [
                        6,
                        5,
                        10,
                        10
                    ],
                    "texture": "#3"
                },
                "east": {
                    "uv": [
                        5.5,
                        2,
                        9.5,
                        15
                    ],
                    "texture": "#texture"
                },
                "south": {
                    "uv": [
                        2,
                        2,
                        6,
                        7
                    ],
                    "texture": "#3"
                },
                "west": {
                    "uv": [
                        6.5,
                        5,
                        13.5,
                        10
                    ],
                    "texture": "#3"
                },
                "up": {
                    "uv": [
                        2,
                        6.5,
                        4,
                        10.5
                    ],
                    "texture": "#3"
                },
                "down": {
                    "uv": [
                        2,
                        5.5,
                        4,
                        9.5
                    ],
                    "texture": "#texture"
                }
            }
        },
        {
            "name": "Box10",
            "from": [
                5,
                -5,
                4
            ],
            "to": [
                11,
                0.5,
                9.5
            ],
            "faces": {
                "north": {
                    "uv": [
                        3,
                        2,
                        9,
                        7.5
                    ],
                    "texture": "#3"
                },
                "east": {
                    "uv": [
                        6,
                        5,
                        11.5,
                        10.5
                    ],
                    "texture": "#3"
                },
                "south": {
                    "uv": [
                        0,
                        4,
                        6,
                        9.5
                    ],
                    "texture": "#3"
                },
                "west": {
                    "uv": [
                        5,
                        1,
                        10.5,
                        6.5
                    ],
                    "texture": "#3"
                },
                "up": {
                    "uv": [
                        8,
                        6,
                        14,
                        11.5
                    ],
                    "texture": "#3"
                },
                "down": {
                    "uv": [
                        6,
                        10,
                        12,
                        15.5
                    ],
                    "texture": "#3"
                }
            }
        },
        {
            "name": "Box10",
            "from": [
                6,
                -7.5,
                5
            ],
            "to": [
                10,
                -5,
                8.5
            ],
            "faces": {
                "north": {
                    "uv": [
                        10,
                        0.5,
                        14,
                        3
                    ],
                    "texture": "#1"
                },
                "east": {
                    "uv": [
                        0,
                        13.5,
                        3.5,
                        16
                    ],
                    "texture": "#1"
                },
                "south": {
                    "uv": [
                        0,
                        10.5,
                        4,
                        13
                    ],
                    "texture": "#1"
                },
                "west": {
                    "uv": [
                        10,
                        1.5,
                        13.5,
                        4
                    ],
                    "texture": "#1"
                },
                "up": {
                    "uv": [
                        2,
                        5.5,
                        4,
                        9.5
                    ],
                    "texture": "#3"
                },
                "down": {
                    "uv": [
                        0.5,
                        12.25,
                        4.5,
                        15.75
                    ],
                    "texture": "#3"
                }
            }
        },
        {
            "name": "Box10",
            "from": [
                6.5,
                -0.34608,
                7.58243
            ],
            "to": [
                9.5,
                2.15392,
                13.58243
            ],
            "rotation": {
                "angle": -22.5,
                "axis": "x",
                "origin": [
                    0.5,
                    9.15392,
                    -2.41757
                ]
            },
            "faces": {
                "north": {
                    "uv": [
                        5,
                        1.5,
                        8.5,
                        4.5
                    ],
                    "rotation": 90,
                    "texture": "#3"
                },
                "east": {
                    "uv": [
                        1,
                        8.5,
                        4.5,
                        14.5
                    ],
                    "rotation": 90,
                    "texture": "#3"
                },
                "south": {
                    "uv": [
                        1,
                        1.5,
                        4.5,
                        4.5
                    ],
                    "rotation": 90,
                    "texture": "#3"
                },
                "west": {
                    "uv": [
                        5,
                        8.5,
                        8.5,
                        14.5
                    ],
                    "rotation": 90,
                    "texture": "#3"
                },
                "up": {
                    "uv": [
                        10,
                        7.5,
                        16,
                        10.5
                    ],
                    "rotation": 90,
                    "texture": "#3"
                },
                "down": {
                    "uv": [
                        8,
                        3.5,
                        14,
                        6.5
                    ],
                    "rotation": 90,
                    "texture": "#3"
                }
            }
        },
        {
            "name": "Box10",
            "from": [
                8.15224,
                17.50983,
                4.4677
            ],
            "to": [
                12.15224,
                22.50983,
                10.4677
            ],
            "rotation": {
                "angle": 22.5,
                "axis": "z",
                "origin": [
                    10.15224,
                    17.50983,
                    3.4677
                ]
            },
            "faces": {
                "north": {
                    "uv": [
                        7,
                        7,
                        11,
                        12
                    ],
                    "texture": "#3"
                },
                "east": {
                    "uv": [
                        6.5,
                        7,
                        13.5,
                        12
                    ],
                    "texture": "#3"
                },
                "south": {
                    "uv": [
                        2,
                        2,
                        6,
                        7
                    ],
                    "texture": "#3"
                },
                "west": {
                    "uv": [
                        6.5,
                        2,
                        10.5,
                        15
                    ],
                    "texture": "#texture"
                },
                "up": {
                    "uv": [
                        2,
                        6.5,
                        4,
                        10.5
                    ],
                    "texture": "#3"
                },
                "down": {
                    "uv": [
                        2,
                        5.5,
                        4,
                        9.5
                    ],
                    "texture": "#texture"
                }
            }
        },
        {
            "name": "Box10",
            "from": [
                9.90224,
                22.50983,
                5.4677
            ],
            "to": [
                12.15224,
                25.50983,
                9.4677
            ],
            "rotation": {
                "angle": 22.5,
                "axis": "z",
                "origin": [
                    10.15224,
                    17.50983,
                    3.4677
                ]
            },
            "faces": {
                "north": {
                    "uv": [
                        11.75,
                        13,
                        14,
                        16
                    ],
                    "texture": "#3"
                },
                "east": {
                    "uv": [
                        11,
                        13,
                        16,
                        16
                    ],
                    "texture": "#3"
                },
                "south": {
                    "uv": [
                        13.75,
                        13,
                        16,
                        16
                    ],
                    "texture": "#3"
                },
                "west": {
                    "uv": [
                        5.5,
                        2,
                        9.5,
                        15
                    ],
                    "texture": "#texture"
                },
                "up": {
                    "uv": [
                        11,
                        13.75,
                        16,
                        16
                    ],
                    "rotation": 90,
                    "texture": "#3"
                },
                "down": {
                    "uv": [
                        2,
                        5.5,
                        4,
                        9.5
                    ],
                    "texture": "#texture"
                }
            }
        },
        {
            "name": "canopy",
            "from": [
                6.5,
                14.1429,
                13.6429
            ],
            "to": [
                9.5,
                22.6429,
                15.6429
            ],
            "rotation": {
                "angle": -45,
                "axis": "x",
                "origin": [
                    6.5,
                    14.5,
                    16
                ]
            },
            "faces": {
                "north": {
                    "uv": [
                        2.5,
                        1,
                        5.5,
                        9.5
                    ],
                    "texture": "#8"
                },
                "east": {
                    "uv": [
                        15,
                        0,
                        13,
                        8.5
                    ],
                    "texture": "#8"
                },
                "south": {
                    "uv": [
                        2.5,
                        3,
                        5.5,
                        11.5
                    ],
                    "texture": "#8"
                },
                "west": {
                    "uv": [
                        13,
                        0,
                        15,
                        8.5
                    ],
                    "texture": "#8"
                },
                "up": {
                    "uv": [
                        6.5,
                        2,
                        9.5,
                        4
                    ],
                    "texture": "#8"
                },
                "down": {
                    "uv": [
                        4.5,
                        1,
                        7.5,
                        3
                    ],
                    "texture": "#8"
                }
            }
        },
        {
            "name": "Box10",
            "from": [
                4,
                0.2752,
                3.4677
            ],
            "to": [
                12,
                18.2752,
                10.4677
            ],
            "faces": {
                "north": {
                    "uv": [
                        16,
                        1,
                        1,
                        9
                    ],
                    "rotation": 90,
                    "texture": "#5"
                },
                "east": {
                    "uv": [
                        0,
                        5,
                        16,
                        12
                    ],
                    "rotation": 90,
                    "texture": "#3"
                },
                "south": {
                    "uv": [
                        0,
                        4,
                        16,
                        12
                    ],
                    "rotation": 90,
                    "texture": "#3"
                },
                "west": {
                    "uv": [
                        0,
                        5,
                        16,
                        12
                    ],
                    "rotation": 90,
                    "texture": "#3"
                },
                "up": {
                    "uv": [
                        2,
                        0.5,
                        9,
                        8.5
                    ],
                    "rotation": 270,
                    "texture": "#3"
                },
                "down": {
                    "uv": [
                        8,
                        6.5,
                        15,
                        14.5
                    ],
                    "rotation": 90,
                    "texture": "#3"
                }
            }
        },
        {
            "from": [
                6.75,
                16.75,
                0.5
            ],
            "to": [
                9.25,
                19.25,
                2
            ],
            "faces": {
                "north": {
                    "uv": [
                        0,
                        0,
                        16,
                        16
                    ],
                    "texture": "#1"
                },
                "east": {
                    "uv": [
                        14,
                        1,
                        15.5,
                        3.5
                    ],
                    "texture": "#1"
                },
                "south": {
                    "uv": [
                        11,
                        0,
                        13.5,
                        2.5
                    ],
                    "texture": "#1"
                },
                "west": {
                    "uv": [
                        1,
                        9,
                        2.5,
                        11.5
                    ],
                    "texture": "#1"
                },
                "up": {
                    "uv": [
                        11.5,
                        4.5,
                        9,
                        3
                    ],
                    "texture": "#1"
                },
                "down": {
                    "uv": [
                        4.5,
                        13,
                        2,
                        14.5
                    ],
                    "texture": "#1"
                }
            }
        },
        {
            "name": "Box17",
            "from": [
                9.5,
                -15,
                -5.25
            ],
            "to": [
                11,
                -7,
                5.25
            ],
            "rotation": {
                "angle": -45,
                "axis": "y",
                "origin": [
                    11,
                    -15,
                    5.25
                ]
            },
            "faces": {
                "north": {
                    "uv": [
                        1,
                        3,
                        9,
                        8
                    ],
                    "texture": "#3"
                },
                "east": {
                    "uv": [
                        2,
                        4,
                        12.5,
                        12
                    ],
                    "texture": "#3"
                },
                "south": {
                    "uv": [
                        4,
                        2,
                        5.5,
                        10
                    ],
                    "texture": "#3"
                },
                "west": {
                    "uv": [
                        3,
                        4,
                        13.5,
                        12
                    ],
                    "texture": "#3"
                },
                "up": {
                    "uv": [
                        9,
                        1,
                        10.5,
                        11.5
                    ],
                    "texture": "#3"
                },
                "down": {
                    "uv": [
                        2,
                        0,
                        3.5,
                        10.5
                    ],
                    "texture": "#3"
                }
            }
        },
        {
            "name": "Box17",
            "from": [
                5,
                -15,
                -5.25
            ],
            "to": [
                6.5,
                -7,
                5.25
            ],
            "rotation": {
                "angle": 45,
                "axis": "y",
                "origin": [
                    5,
                    -15,
                    5.25
                ]
            },
            "faces": {
                "north": {
                    "uv": [
                        3.5,
                        4,
                        2,
                        12
                    ],
                    "texture": "#3"
                },
                "east": {
                    "uv": [
                        14.5,
                        4,
                        4,
                        12
                    ],
                    "texture": "#3"
                },
                "south": {
                    "uv": [
                        3.5,
                        4,
                        2,
                        12
                    ],
                    "texture": "#3"
                },
                "west": {
                    "uv": [
                        10.5,
                        2,
                        0,
                        10
                    ],
                    "texture": "#3"
                },
                "up": {
                    "uv": [
                        2.5,
                        0,
                        1,
                        10.5
                    ],
                    "texture": "#3"
                },
                "down": {
                    "uv": [
                        14.5,
                        5,
                        13,
                        15.5
                    ],
                    "texture": "#3"
                }
            }
        },
        {
            "name": "Box17",
            "from": [
                -2.42462,
                -13.5,
                -3.67462
            ],
            "to": [
                -0.92462,
                -8.5,
                -2.17462
            ],
            "rotation": {
                "angle": 45,
                "axis": "y",
                "origin": [
                    -2.42462,
                    -15,
                    -2.17462
                ]
            },
            "faces": {
                "north": {
                    "uv": [
                        6.5,
                        4,
                        5,
                        9
                    ],
                    "texture": "#3"
                },
                "east": {
                    "uv": [
                        13.5,
                        5,
                        12,
                        10
                    ],
                    "texture": "#3"
                },
                "south": {
                    "uv": [
                        8.5,
                        6,
                        7,
                        11
                    ],
                    "texture": "#3"
                },
                "west": {
                    "uv": [
                        3.5,
                        4,
                        2,
                        9
                    ],
                    "texture": "#3"
                },
                "up": {
                    "uv": [
                        10.5,
                        2,
                        9,
                        3.5
                    ],
                    "texture": "#3"
                },
                "down": {
                    "uv": [
                        11.5,
                        9,
                        10,
                        10.5
                    ],
                    "texture": "#3"
                }
            }
        },
        {
            "name": "Box17",
            "from": [
                16.92462,
                -13.5,
                -3.67462
            ],
            "to": [
                18.42462,
                -8.5,
                -2.17462
            ],
            "rotation": {
                "angle": -45,
                "axis": "y",
                "origin": [
                    18.42462,
                    -15,
                    -2.17462
                ]
            },
            "faces": {
                "north": {
                    "uv": [
                        11,
                        4,
                        12.5,
                        9
                    ],
                    "texture": "#3"
                },
                "east": {
                    "uv": [
                        12,
                        10,
                        13.5,
                        15
                    ],
                    "texture": "#3"
                },
                "south": {
                    "uv": [
                        2,
                        5,
                        3.5,
                        10
                    ],
                    "texture": "#3"
                },
                "west": {
                    "uv": [
                        8,
                        8,
                        9.5,
                        13
                    ],
                    "texture": "#3"
                },
                "up": {
                    "uv": [
                        2,
                        4,
                        3.5,
                        5.5
                    ],
                    "texture": "#3"
                },
                "down": {
                    "uv": [
                        6,
                        6,
                        7.5,
                        7.5
                    ],
                    "texture": "#3"
                }
            }
        },
        {
            "name": "Box17",
            "from": [
                9.5,
                -15,
                8.25
            ],
            "to": [
                11,
                -7,
                18.75
            ],
            "rotation": {
                "angle": 45,
                "axis": "y",
                "origin": [
                    11,
                    -15,
                    8.25
                ]
            },
            "faces": {
                "north": {
                    "uv": [
                        8.5,
                        1,
                        7,
                        9
                    ],
                    "texture": "#3"
                },
                "east": {
                    "uv": [
                        12.5,
                        3,
                        2,
                        11
                    ],
                    "texture": "#3"
                },
                "south": {
                    "uv": [
                        11.5,
                        2,
                        10,
                        10
                    ],
                    "texture": "#3"
                },
                "west": {
                    "uv": [
                        10.5,
                        3,
                        0,
                        11
                    ],
                    "texture": "#3"
                },
                "up": {
                    "uv": [
                        14.5,
                        5,
                        13,
                        15.5
                    ],
                    "texture": "#3"
                },
                "down": {
                    "uv": [
                        4.5,
                        0,
                        3,
                        10.5
                    ],
                    "texture": "#3"
                }
            }
        },
        {
            "name": "Box17",
            "from": [
                16.92462,
                -13.5,
                15.67462
            ],
            "to": [
                18.42462,
                -8.5,
                17.17462
            ],
            "rotation": {
                "angle": 45,
                "axis": "y",
                "origin": [
                    18.42462,
                    -15,
                    15.67462
                ]
            },
            "faces": {
                "north": {
                    "uv": [
                        15.5,
                        2,
                        14,
                        7
                    ],
                    "texture": "#3"
                },
                "east": {
                    "uv": [
                        13.5,
                        6,
                        12,
                        11
                    ],
                    "texture": "#3"
                },
                "south": {
                    "uv": [
                        10.5,
                        8,
                        9,
                        13
                    ],
                    "texture": "#3"
                },
                "west": {
                    "uv": [
                        10.5,
                        2,
                        9,
                        7
                    ],
                    "texture": "#3"
                },
                "up": {
                    "uv": [
                        7.5,
                        5,
                        6,
                        6.5
                    ],
                    "texture": "#3"
                },
                "down": {
                    "uv": [
                        6.5,
                        9,
                        5,
                        10.5
                    ],
                    "texture": "#3"
                }
            }
        },
        {
            "name": "Box17",
            "from": [
                5,
                -15,
                8.25
            ],
            "to": [
                6.5,
                -7,
                18.75
            ],
            "rotation": {
                "angle": -45,
                "axis": "y",
                "origin": [
                    5,
                    -15,
                    8.25
                ]
            },
            "faces": {
                "north": {
                    "uv": [
                        3,
                        4,
                        4.5,
                        12
                    ],
                    "texture": "#3"
                },
                "east": {
                    "uv": [
                        4,
                        4,
                        14.5,
                        12
                    ],
                    "texture": "#3"
                },
                "south": {
                    "uv": [
                        1,
                        1,
                        2.5,
                        9
                    ],
                    "texture": "#3"
                },
                "west": {
                    "uv": [
                        3,
                        3,
                        13.5,
                        11
                    ],
                    "texture": "#3"
                },
                "up": {
                    "uv": [
                        8,
                        1,
                        9.5,
                        11.5
                    ],
                    "texture": "#3"
                },
                "down": {
                    "uv": [
                        6,
                        1,
                        7.5,
                        11.5
                    ],
                    "texture": "#3"
                }
            }
        },
        {
            "name": "Box17",
            "from": [
                -2.42462,
                -13.5,
                15.67462
            ],
            "to": [
                -0.92462,
                -8.5,
                17.17462
            ],
            "rotation": {
                "angle": -45,
                "axis": "y",
                "origin": [
                    -2.42462,
                    -15,
                    15.67462
                ]
            },
            "faces": {
                "north": {
                    "uv": [
                        4,
                        10,
                        5.5,
                        15
                    ],
                    "texture": "#3"
                },
                "east": {
                    "uv": [
                        11,
                        3,
                        12.5,
                        8
                    ],
                    "texture": "#3"
                },
                "south": {
                    "uv": [
                        3,
                        4,
                        4.5,
                        9
                    ],
                    "texture": "#3"
                },
                "west": {
                    "uv": [
                        8,
                        7,
                        9.5,
                        12
                    ],
                    "texture": "#3"
                },
                "up": {
                    "uv": [
                        13,
                        8,
                        14.5,
                        9.5
                    ],
                    "texture": "#3"
                },
                "down": {
                    "uv": [
                        8,
                        2,
                        9.5,
                        3.5
                    ],
                    "texture": "#3"
                }
            }
        },
        {
            "from": [
                9.21451,
                3.86599,
                3.5
            ],
            "to": [
                12.21451,
                11.36599,
                8
            ],
            "rotation": {
                "angle": -22.5,
                "axis": "z",
                "origin": [
                    15.71451,
                    6.61599,
                    5.75
                ]
            },
            "faces": {
                "north": {
                    "uv": [
                        2,
                        7.5,
                        5,
                        0
                    ],
                    "rotation": 180,
                    "texture": "#5"
                },
                "east": {
                    "uv": [
                        2,
                        4,
                        9.5,
                        8.5
                    ],
                    "rotation": 90,
                    "texture": "#3"
                },
                "south": {
                    "uv": [
                        0,
                        0,
                        7.5,
                        3
                    ],
                    "rotation": 90,
                    "texture": "#missing"
                },
                "west": {
                    "uv": [
                        0,
                        0,
                        7.5,
                        4.5
                    ],
                    "rotation": 90,
                    "texture": "#missing"
                },
                "up": {
                    "uv": [
                        11.25,
                        0,
                        15.75,
                        3
                    ],
                    "rotation": 90,
                    "texture": "#3"
                },
                "down": {
                    "uv": [
                        0,
                        0,
                        4.5,
                        3
                    ],
                    "rotation": 90,
                    "texture": "#missing"
                }
            }
        },
        {
            "from": [
                3.78549,
                3.86599,
                3.5
            ],
            "to": [
                6.78549,
                11.36599,
                8
            ],
            "rotation": {
                "angle": 22.5,
                "axis": "z",
                "origin": [
                    0.28549,
                    6.61599,
                    5.75
                ]
            },
            "faces": {
                "north": {
                    "uv": [
                        6,
                        7.5,
                        3,
                        0
                    ],
                    "rotation": 180,
                    "texture": "#5"
                },
                "east": {
                    "uv": [
                        0,
                        4.5,
                        7.5,
                        0
                    ],
                    "rotation": 90,
                    "texture": "#missing"
                },
                "south": {
                    "uv": [
                        0,
                        3,
                        7.5,
                        0
                    ],
                    "rotation": 90,
                    "texture": "#missing"
                },
                "west": {
                    "uv": [
                        2,
                        6.5,
                        9.5,
                        2
                    ],
                    "rotation": 90,
                    "texture": "#3"
                },
                "up": {
                    "uv": [
                        11.25,
                        3,
                        15.75,
                        0
                    ],
                    "rotation": 90,
                    "texture": "#3"
                },
                "down": {
                    "uv": [
                        0,
                        3,
                        4.5,
                        0
                    ],
                    "rotation": 90,
                    "texture": "#missing"
                }
            }
        },
        {
            "from": [
                14,
                0.75,
                4
            ],
            "to": [
                17,
                10.75,
                8
            ],
            "rotation": {
                "angle": -22.5,
                "axis": "z",
                "origin": [
                    16.5,
                    6,
                    6
                ]
            },
            "faces": {
                "north": {
                    "uv": [
                        9,
                        0,
                        12,
                        9
                    ],
                    "texture": "#4"
                },
                "east": {
                    "uv": [
                        9,
                        0,
                        12,
                        9
                    ],
                    "texture": "#4"
                },
                "south": {
                    "uv": [
                        8,
                        0,
                        11,
                        9
                    ],
                    "texture": "#4"
                },
                "west": {
                    "uv": [
                        10,
                        0,
                        13,
                        9
                    ],
                    "texture": "#4"
                },
                "up": {
                    "uv": [
                        11,
                        0,
                        14,
                        4
                    ],
                    "texture": "#4"
                },
                "down": {
                    "uv": [
                        13,
                        2,
                        16,
                        6
                    ],
                    "texture": "#4"
                }
            }
        },
        {
            "from": [
                -1,
                0.75,
                4
            ],
            "to": [
                2,
                10.75,
                8
            ],
            "rotation": {
                "angle": 22.5,
                "axis": "z",
                "origin": [
                    -0.5,
                    6,
                    6
                ]
            },
            "faces": {
                "north": {
                    "uv": [
                        12,
                        0,
                        9,
                        9
                    ],
                    "texture": "#4"
                },
                "east": {
                    "uv": [
                        12,
                        0,
                        9,
                        9
                    ],
                    "texture": "#4"
                },
                "south": {
                    "uv": [
                        11,
                        0,
                        8,
                        9
                    ],
                    "texture": "#4"
                },
                "west": {
                    "uv": [
                        13,
                        0,
                        10,
                        9
                    ],
                    "texture": "#4"
                },
                "up": {
                    "uv": [
                        16,
                        1,
                        13,
                        5
                    ],
                    "texture": "#4"
                },
                "down": {
                    "uv": [
                        15,
                        4,
                        12,
                        8
                    ],
                    "texture": "#4"
                }
            }
        },
        {
            "name": "canopy",
            "from": [
                7.31984,
                6.5,
                9.36471
            ],
            "to": [
                10.81984,
                14,
                15.86471
            ],
            "rotation": {
                "angle": -22.5,
                "axis": "y",
                "origin": [
                    9.81984,
                    7.25,
                    12.61471
                ]
            },
            "faces": {
                "north": {
                    "uv": [
                        4,
                        1,
                        7.5,
                        8.5
                    ],
                    "texture": "#8"
                },
                "east": {
                    "uv": [
                        15.5,
                        3.5,
                        9,
                        11
                    ],
                    "texture": "#8"
                },
                "south": {
                    "uv": [
                        5,
                        2,
                        8.5,
                        9.5
                    ],
                    "texture": "#8"
                },
                "west": {
                    "uv": [
                        4,
                        1,
                        10.5,
                        8.5
                    ],
                    "texture": "#8"
                },
                "up": {
                    "uv": [
                        5,
                        2,
                        8.5,
                        8.5
                    ],
                    "texture": "#8"
                },
                "down": {
                    "uv": [
                        6,
                        3,
                        9.5,
                        9.5
                    ],
                    "texture": "#3"
                }
            }
        },
        {
            "name": "canopy",
            "from": [
                5.5,
                15.75,
                10
            ],
            "to": [
                7.5,
                16.75,
                12.75
            ],
            "rotation": {
                "angle": 22.5,
                "axis": "y",
                "origin": [
                    4,
                    0.5,
                    10
                ]
            },
            "faces": {
                "north": {
                    "uv": [
                        6.5,
                        2,
                        8.5,
                        5.25
                    ],
                    "texture": "#8"
                },
                "east": {
                    "uv": [
                        6.5,
                        2,
                        10.5,
                        5.25
                    ],
                    "texture": "#8"
                },
                "south": {
                    "uv": [
                        6.5,
                        2,
                        8.5,
                        5.25
                    ],
                    "texture": "#8"
                },
                "west": {
                    "uv": [
                        3.5,
                        1,
                        7.5,
                        4.25
                    ],
                    "texture": "#8"
                },
                "up": {
                    "uv": [
                        6.5,
                        2,
                        8.5,
                        6
                    ],
                    "texture": "#8"
                },
                "down": {
                    "uv": [
                        6.5,
                        2,
                        8.5,
                        6
                    ],
                    "texture": "#8"
                }
            }
        },
        {
            "name": "canopy",
            "from": [
                8.5,
                15.75,
                10
            ],
            "to": [
                10.5,
                16.75,
                12.75
            ],
            "rotation": {
                "angle": -22.5,
                "axis": "y",
                "origin": [
                    12,
                    0.5,
                    10
                ]
            },
            "faces": {
                "north": {
                    "uv": [
                        8.5,
                        2,
                        6.5,
                        5.25
                    ],
                    "texture": "#8"
                },
                "east": {
                    "uv": [
                        7.5,
                        1,
                        3.5,
                        4.25
                    ],
                    "texture": "#8"
                },
                "south": {
                    "uv": [
                        8.5,
                        2,
                        6.5,
                        5.25
                    ],
                    "texture": "#8"
                },
                "west": {
                    "uv": [
                        10.5,
                        2,
                        6.5,
                        5.25
                    ],
                    "texture": "#8"
                },
                "up": {
                    "uv": [
                        8.5,
                        2,
                        6.5,
                        6
                    ],
                    "texture": "#8"
                },
                "down": {
                    "uv": [
                        8.5,
                        2,
                        6.5,
                        6
                    ],
                    "texture": "#8"
                }
            }
        },
        {
            "name": "canopy",
            "from": [
                5,
                13.5,
                10
            ],
            "to": [
                7,
                15.75,
                14
            ],
            "rotation": {
                "angle": 22.5,
                "axis": "y",
                "origin": [
                    4,
                    0.5,
                    10
                ]
            },
            "faces": {
                "north": {
                    "uv": [
                        6.5,
                        2,
                        8.5,
                        5.25
                    ],
                    "texture": "#8"
                },
                "east": {
                    "uv": [
                        6.5,
                        2,
                        10.5,
                        5.25
                    ],
                    "texture": "#8"
                },
                "south": {
                    "uv": [
                        6.5,
                        2,
                        8.5,
                        5.25
                    ],
                    "texture": "#8"
                },
                "west": {
                    "uv": [
                        3.5,
                        1,
                        7.5,
                        4.25
                    ],
                    "texture": "#8"
                },
                "up": {
                    "uv": [
                        6.5,
                        2,
                        8.5,
                        6
                    ],
                    "texture": "#8"
                },
                "down": {
                    "uv": [
                        6.5,
                        2,
                        8.5,
                        6
                    ],
                    "texture": "#8"
                }
            }
        },
        {
            "name": "canopy",
            "from": [
                8.25,
                13.5,
                7
            ],
            "to": [
                10.25,
                15.75,
                11
            ],
            "rotation": {
                "angle": -22.5,
                "axis": "y",
                "origin": [
                    4,
                    0.5,
                    10
                ]
            },
            "faces": {
                "north": {
                    "uv": [
                        5.5,
                        2,
                        7.5,
                        5.25
                    ],
                    "texture": "#8"
                },
                "east": {
                    "uv": [
                        5.5,
                        2,
                        9.5,
                        5.25
                    ],
                    "texture": "#8"
                },
                "south": {
                    "uv": [
                        5.5,
                        2,
                        7.5,
                        5.25
                    ],
                    "texture": "#8"
                },
                "west": {
                    "uv": [
                        5.5,
                        2,
                        9.5,
                        5.25
                    ],
                    "texture": "#8"
                },
                "up": {
                    "uv": [
                        5.5,
                        2,
                        7.5,
                        6
                    ],
                    "texture": "#8"
                },
                "down": {
                    "uv": [
                        5.5,
                        2,
                        7.5,
                        6
                    ],
                    "texture": "#8"
                }
            }
        },
        {
            "name": "canopy",
            "from": [
                4,
                6.5,
                10
            ],
            "to": [
                7.5,
                14,
                16.5
            ],
            "rotation": {
                "angle": 22.5,
                "axis": "y",
                "origin": [
                    4,
                    0.5,
                    10
                ]
            },
            "faces": {
                "north": {
                    "uv": [
                        1,
                        1,
                        4.5,
                        8.5
                    ],
                    "texture": "#8"
                },
                "east": {
                    "uv": [
                        3,
                        7,
                        9.5,
                        14.5
                    ],
                    "texture": "#8"
                },
                "south": {
                    "uv": [
                        9,
                        8,
                        12.5,
                        15.5
                    ],
                    "texture": "#8"
                },
                "west": {
                    "uv": [
                        9,
                        3.25,
                        15.5,
                        10.75
                    ],
                    "texture": "#8"
                },
                "up": {
                    "uv": [
                        3,
                        2,
                        6.5,
                        8.5
                    ],
                    "texture": "#8"
                },
                "down": {
                    "uv": [
                        4,
                        2,
                        7.5,
                        8.5
                    ],
                    "texture": "#3"
                }
            }
        },
        {
            "name": "canopy",
            "from": [
                6.5,
                6.5,
                14
            ],
            "to": [
                9.5,
                14,
                16
            ],
            "faces": {
                "north": {
                    "uv": [
                        3.5,
                        1,
                        6.5,
                        8.5
                    ],
                    "texture": "#8"
                },
                "east": {
                    "uv": [
                        3.5,
                        1,
                        5.5,
                        8.5
                    ],
                    "texture": "#3"
                },
                "south": {
                    "uv": [
                        9.5,
                        3.5,
                        12.5,
                        11
                    ],
                    "texture": "#8"
                },
                "west": {
                    "uv": [
                        3.5,
                        1,
                        6.5,
                        8.5
                    ],
                    "texture": "#3"
                },
                "up": {
                    "uv": [
                        3.5,
                        1,
                        6.5,
                        3
                    ],
                    "texture": "#8"
                },
                "down": {
                    "uv": [
                        3.5,
                        1,
                        6.5,
                        3
                    ],
                    "texture": "#8"
                }
            }
        },
        {
            "name": "core",
            "from": [
                7,
                10.5,
                11.5
            ],
            "to": [
                9,
                12.5,
                13.5
            ],
            "faces": {
                "north": {
                    "uv": [
                        6,
                        6,
                        15,
                        15
                    ],
                    "texture": "#1"
                },
                "east": {
                    "uv": [
                        6,
                        6,
                        15,
                        15
                    ],
                    "texture": "#1"
                },
                "south": {
                    "uv": [
                        6,
                        6,
                        15,
                        15
                    ],
                    "texture": "#1"
                },
                "west": {
                    "uv": [
                        6,
                        6,
                        15,
                        15
                    ],
                    "texture": "#1"
                },
                "up": {
                    "uv": [
                        6,
                        6,
                        15,
                        15
                    ],
                    "texture": "#1"
                },
                "down": {
                    "uv": [
                        6,
                        6,
                        15,
                        15
                    ],
                    "texture": "#1"
                }
            }
        },
        {
            "from": [
                -8.25,
                3,
                10.51
            ],
            "to": [
                -3.25,
                8,
                10.51
            ],
            "faces": {
                "north": {
                    "uv": [
                        0,
                        0,
                        5,
                        5
                    ],
                    "texture": "#missing"
                },
                "east": {
                    "uv": [
                        0,
                        0,
                        0,
                        5
                    ],
                    "texture": "#missing"
                },
                "south": {
                    "uv": [
                        0,
                        0,
                        16,
                        16
                    ],
                    "texture": "#9"
                },
                "west": {
                    "uv": [
                        0,
                        0,
                        0,
                        5
                    ],
                    "texture": "#missing"
                },
                "up": {
                    "uv": [
                        0,
                        0,
                        5,
                        0
                    ],
                    "texture": "#missing"
                },
                "down": {
                    "uv": [
                        0,
                        0,
                        5,
                        0
                    ],
                    "texture": "#missing"
                }
            }
        },
        {
            "from": [
                19.25,
                3,
                8.99
            ],
            "to": [
                24.25,
                8,
                8.99
            ],
            "rotation": {
                "angle": 0,
                "axis": "y",
                "origin": [
                    16,
                    0,
                    16
                ]
            },
            "faces": {
                "north": {
                    "uv": [
                        16,
                        0,
                        0,
                        16
                    ],
                    "texture": "#9"
                },
                "east": {
                    "uv": [
                        0,
                        0,
                        0,
                        5
                    ],
                    "texture": "#missing"
                },
                "south": {
                    "uv": [
                        5,
                        0,
                        0,
                        5
                    ],
                    "texture": "#missing"
                },
                "west": {
                    "uv": [
                        0,
                        0,
                        0,
                        5
                    ],
                    "texture": "#missing"
                },
                "up": {
                    "uv": [
                        5,
                        0,
                        0,
                        0
                    ],
                    "texture": "#missing"
                },
                "down": {
                    "uv": [
                        5,
                        0,
                        0,
                        0
                    ],
                    "texture": "#missing"
                }
            }
        },
        {
            "from": [
                12.01,
                14,
                5.25
            ],
            "to": [
                12.01,
                18,
                9.25
            ],
            "rotation": {
                "angle": 0,
                "axis": "y",
                "origin": [
                    16,
                    0,
                    16
                ]
            },
            "faces": {
                "north": {
                    "uv": [
                        0,
                        0,
                        0,
                        5
                    ],
                    "texture": "#missing"
                },
                "east": {
                    "uv": [
                        0,
                        16,
                        16,
                        0
                    ],
                    "rotation": 90,
                    "texture": "#9"
                },
                "south": {
                    "uv": [
                        0,
                        0,
                        0,
                        5
                    ],
                    "texture": "#missing"
                },
                "west": {
                    "uv": [
                        5,
                        0,
                        0,
                        5
                    ],
                    "texture": "#missing"
                },
                "up": {
                    "uv": [
                        5,
                        0,
                        0,
                        0
                    ],
                    "rotation": 90,
                    "texture": "#missing"
                },
                "down": {
                    "uv": [
                        5,
                        0,
                        0,
                        0
                    ],
                    "rotation": 270,
                    "texture": "#missing"
                }
            }
        },
        {
            "from": [
                3.99,
                14,
                5.25
            ],
            "to": [
                3.99,
                18,
                9.25
            ],
            "rotation": {
                "angle": 0,
                "axis": "y",
                "origin": [
                    0,
                    0,
                    16
                ]
            },
            "faces": {
                "north": {
                    "uv": [
                        0,
                        0,
                        0,
                        5
                    ],
                    "texture": "#missing"
                },
                "east": {
                    "uv": [
                        0,
                        0,
                        5,
                        5
                    ],
                    "texture": "#missing"
                },
                "south": {
                    "uv": [
                        0,
                        0,
                        0,
                        5
                    ],
                    "texture": "#missing"
                },
                "west": {
                    "uv": [
                        0,
                        0,
                        16,
                        16
                    ],
                    "rotation": 90,
                    "texture": "#9"
                },
                "up": {
                    "uv": [
                        5,
                        0,
                        0,
                        0
                    ],
                    "rotation": 90,
                    "texture": "#missing"
                },
                "down": {
                    "uv": [
                        5,
                        0,
                        0,
                        0
                    ],
                    "rotation": 270,
                    "texture": "#missing"
                }
            }
        }
    ],
    "display": {
        "head": {
            "translation": [
                0,
                12.5,
                0
            ],
            "scale": [
                2.5,
                2.5,
                2.5
            ]
        }
    },
    "groups": [
        0,
        1,
        2,
        3,
        4,
        5,
        6,
        7,
        8,
        9,
        10,
        11,
        12,
        13,
        14,
        15,
        16,
        17,
        18,
        19,
        20,
        21,
        22,
        {
            "name": "group",
            "origin": [
                -2.42462,
                -15,
                16.42462
            ],
            "color": 0,
            "children": [
                23,
                24,
                25,
                26,
                27,
                28,
                29,
                30
            ]
        },
        31,
        32,
        33,
        34,
        {
            "name": "group",
            "origin": [
                0,
                0,
                0
            ],
            "color": 0,
            "children": [
                35,
                36,
                37,
                38,
                39,
                40,
                41
            ]
        },
        42,
        43,
        44,
        45,
        46
    ]
}