{
    "credit": "Made with Blockbench",
    "texture_size": [
        32,
        32
    ],
    "textures": {
        "1": "item/mob/stick/20142/texture",
        "particle": "item/mob/stick/20142/texture"
    },
    "elements": [
        {
            "name": "head",
            "from": [
                4,
                4,
                4
            ],
            "to": [
                12,
                12,
                12
            ],
            "rotation": {
                "angle": 0,
                "axis": "y",
                "origin": [
                    0,
                    -19.5,
                    0
                ]
            },
            "faces": {
                "north": {
                    "uv": [
                        4,
                        12,
                        8,
                        16
                    ],
                    "texture": "#1"
                },
                "east": {
                    "uv": [
                        0,
                        12,
                        4,
                        16
                    ],
                    "texture": "#1"
                },
                "south": {
                    "uv": [
                        12,
                        12,
                        16,
                        16
                    ],
                    "texture": "#1"
                },
                "west": {
                    "uv": [
                        8,
                        12,
                        12,
                        16
                    ],
                    "texture": "#1"
                },
                "up": {
                    "uv": [
                        8,
                        12,
                        4,
                        8
                    ],
                    "texture": "#1"
                },
                "down": {
                    "uv": [
                        12,
                        8,
                        8,
                        12
                    ],
                    "texture": "#1"
                }
            }
        },
        {
            "name": "head_2nd_layer",
            "from": [
                3.5,
                3.5,
                3.5
            ],
            "to": [
                12.5,
                12.5,
                12.5
            ],
            "rotation": {
                "angle": 0,
                "axis": "y",
                "origin": [
                    0,
                    -19.5,
                    0
                ]
            },
            "faces": {
                "north": {
                    "uv": [
                        4,
                        4,
                        8,
                        8
                    ],
                    "texture": "#1"
                },
                "east": {
                    "uv": [
                        0,
                        4,
                        4,
                        8
                    ],
                    "texture": "#1"
                },
                "south": {
                    "uv": [
                        12,
                        4,
                        16,
                        8
                    ],
                    "texture": "#1"
                },
                "west": {
                    "uv": [
                        8,
                        4,
                        12,
                        8
                    ],
                    "texture": "#1"
                },
                "up": {
                    "uv": [
                        8,
                        4,
                        4,
                        0
                    ],
                    "texture": "#1"
                },
                "down": {
                    "uv": [
                        12,
                        0,
                        8,
                        4
                    ],
                    "texture": "#1"
                }
            }
        }
    ],
    "display": {
        "head": {
            "scale": [
                1.6,
                1.6,
                1.6
            ]
        }
    },
    "groups": [
        {
            "name": "alex",
            "origin": [
                8,
                8,
                8
            ],
            "color": 0,
            "children": [
                0,
                1
            ]
        }
    ]
}