{
    "credit": "Made with Blockbench",
    "texture_size": [
        64,
        64
    ],
    "textures": {
        "0": "block/stonecutter_saw",
        "1": "item/mob/stick/20156/texture",
        "particle": "block/stonecutter_saw"
    },
    "elements": [
        {
            "from": [
                2,
                0,
                2
            ],
            "to": [
                14,
                1,
                14
            ],
            "faces": {
                "north": {
                    "uv": [
                        0,
                        7,
                        3,
                        7.25
                    ],
                    "texture": "#1"
                },
                "east": {
                    "uv": [
                        6.5,
                        7,
                        9.5,
                        7.25
                    ],
                    "texture": "#1"
                },
                "south": {
                    "uv": [
                        0,
                        7.25,
                        3,
                        7.5
                    ],
                    "texture": "#1"
                },
                "west": {
                    "uv": [
                        6.5,
                        7.25,
                        9.5,
                        7.5
                    ],
                    "texture": "#1"
                },
                "up": {
                    "uv": [
                        6.5,
                        9,
                        3.5,
                        6
                    ],
                    "texture": "#1"
                },
                "down": {
                    "uv": [
                        9.5,
                        0,
                        6.5,
                        3
                    ],
                    "texture": "#1"
                }
            }
        },
        {
            "from": [
                1,
                1,
                1
            ],
            "to": [
                15,
                4,
                15
            ],
            "faces": {
                "north": {
                    "uv": [
                        6.5,
                        3,
                        10,
                        3.75
                    ],
                    "texture": "#1"
                },
                "east": {
                    "uv": [
                        6.5,
                        3.75,
                        10,
                        4.5
                    ],
                    "texture": "#1"
                },
                "south": {
                    "uv": [
                        6.5,
                        4.5,
                        10,
                        5.25
                    ],
                    "texture": "#1"
                },
                "west": {
                    "uv": [
                        6.5,
                        5.25,
                        10,
                        6
                    ],
                    "texture": "#1"
                },
                "up": {
                    "uv": [
                        3.5,
                        3.5,
                        0,
                        0
                    ],
                    "texture": "#1"
                },
                "down": {
                    "uv": [
                        3.5,
                        3.5,
                        0,
                        7
                    ],
                    "texture": "#1"
                }
            }
        },
        {
            "from": [
                2,
                4,
                2
            ],
            "to": [
                14,
                5,
                14
            ],
            "faces": {
                "north": {
                    "uv": [
                        6.5,
                        6,
                        9.5,
                        6.25
                    ],
                    "texture": "#1"
                },
                "east": {
                    "uv": [
                        6.5,
                        6.25,
                        9.5,
                        6.5
                    ],
                    "texture": "#1"
                },
                "south": {
                    "uv": [
                        6.5,
                        6.5,
                        9.5,
                        6.75
                    ],
                    "texture": "#1"
                },
                "west": {
                    "uv": [
                        6.5,
                        6.75,
                        9.5,
                        7
                    ],
                    "texture": "#1"
                },
                "up": {
                    "uv": [
                        6.5,
                        3,
                        3.5,
                        0
                    ],
                    "texture": "#1"
                },
                "down": {
                    "uv": [
                        6.5,
                        3,
                        3.5,
                        6
                    ],
                    "texture": "#1"
                }
            }
        },
        {
            "from": [
                -2.72,
                2.433,
                -1.38
            ],
            "to": [
                18.72,
                2.567,
                8
            ],
            "rotation": {
                "angle": 0,
                "axis": "y",
                "origin": [
                    -2.72,
                    -2.427,
                    6.66
                ]
            },
            "faces": {
                "north": {
                    "uv": [
                        0,
                        0,
                        16,
                        1
                    ],
                    "texture": "#0"
                },
                "east": {
                    "uv": [
                        0,
                        0,
                        7,
                        1
                    ],
                    "texture": "#0"
                },
                "south": {
                    "uv": [
                        0,
                        0,
                        16,
                        1
                    ],
                    "texture": "#0"
                },
                "west": {
                    "uv": [
                        0,
                        0,
                        7,
                        1
                    ],
                    "texture": "#0"
                },
                "up": {
                    "uv": [
                        0,
                        9,
                        16,
                        16
                    ],
                    "texture": "#0"
                },
                "down": {
                    "uv": [
                        0,
                        16,
                        16,
                        9
                    ],
                    "texture": "#0"
                }
            }
        },
        {
            "from": [
                -2.72,
                2.433,
                8
            ],
            "to": [
                18.72,
                2.567,
                17.38
            ],
            "rotation": {
                "angle": 0,
                "axis": "y",
                "origin": [
                    -2.72,
                    -2.427,
                    9.34
                ]
            },
            "faces": {
                "north": {
                    "uv": [
                        16,
                        0,
                        0,
                        1
                    ],
                    "texture": "#0"
                },
                "east": {
                    "uv": [
                        7,
                        0,
                        0,
                        1
                    ],
                    "texture": "#0"
                },
                "south": {
                    "uv": [
                        16,
                        0,
                        0,
                        1
                    ],
                    "texture": "#0"
                },
                "west": {
                    "uv": [
                        7,
                        0,
                        0,
                        1
                    ],
                    "texture": "#0"
                },
                "up": {
                    "uv": [
                        0,
                        16,
                        16,
                        9
                    ],
                    "texture": "#0"
                },
                "down": {
                    "uv": [
                        0,
                        9,
                        16,
                        16
                    ],
                    "texture": "#0"
                }
            }
        }
    ],
    "display": {
        "head": {
            "translation": [
                0,
                -16.5,
                0
            ],
            "scale": [
                1.94,
                1.94,
                1.94
            ]
        }
    }
}