{
    "credit": "Made with Blockbench",
    "textures": {
        "0": "item/mob/stick/20150/skina",
        "4": "item/mob/stick/20150/texture"
    },
    "elements": [
        {
            "name": "head",
            "from": [
                6,
                11.75,
                6
            ],
            "to": [
                10,
                15.75,
                10
            ],
            "rotation": {
                "angle": 0,
                "axis": "y",
                "origin": [
                    4,
                    0,
                    4
                ]
            },
            "faces": {
                "north": {
                    "uv": [
                        2,
                        2,
                        4,
                        4
                    ],
                    "texture": "#0"
                },
                "east": {
                    "uv": [
                        0,
                        2,
                        2,
                        4
                    ],
                    "texture": "#0"
                },
                "south": {
                    "uv": [
                        6,
                        2,
                        8,
                        4
                    ],
                    "texture": "#0"
                },
                "west": {
                    "uv": [
                        4,
                        2,
                        6,
                        4
                    ],
                    "texture": "#0"
                },
                "up": {
                    "uv": [
                        4,
                        2,
                        2,
                        0
                    ],
                    "texture": "#0"
                },
                "down": {
                    "uv": [
                        6,
                        0,
                        4,
                        2
                    ],
                    "texture": "#0"
                }
            }
        },
        {
            "name": "body",
            "from": [
                6,
                5.75,
                7
            ],
            "to": [
                10,
                11.75,
                9
            ],
            "rotation": {
                "angle": 0,
                "axis": "y",
                "origin": [
                    4,
                    0,
                    4
                ]
            },
            "faces": {
                "north": {
                    "uv": [
                        5,
                        5,
                        7,
                        8
                    ],
                    "texture": "#0"
                },
                "east": {
                    "uv": [
                        4,
                        5,
                        5,
                        8
                    ],
                    "texture": "#0"
                },
                "south": {
                    "uv": [
                        8,
                        5,
                        10,
                        8
                    ],
                    "texture": "#0"
                },
                "west": {
                    "uv": [
                        7,
                        5,
                        8,
                        8
                    ],
                    "texture": "#0"
                },
                "up": {
                    "uv": [
                        7,
                        5,
                        5,
                        4
                    ],
                    "texture": "#0"
                },
                "down": {
                    "uv": [
                        9,
                        4,
                        7,
                        5
                    ],
                    "texture": "#0"
                }
            }
        },
        {
            "name": "left_leg",
            "from": [
                6,
                -0.25,
                7
            ],
            "to": [
                8,
                5.75,
                9
            ],
            "rotation": {
                "angle": -22.5,
                "axis": "z",
                "origin": [
                    7,
                    5.75,
                    8
                ]
            },
            "faces": {
                "north": {
                    "uv": [
                        6,
                        13,
                        7,
                        16
                    ],
                    "texture": "#0"
                },
                "east": {
                    "uv": [
                        5,
                        13,
                        6,
                        16
                    ],
                    "texture": "#0"
                },
                "south": {
                    "uv": [
                        4,
                        13,
                        5,
                        16
                    ],
                    "texture": "#0"
                },
                "west": {
                    "uv": [
                        7,
                        13,
                        8,
                        16
                    ],
                    "texture": "#0"
                },
                "up": {
                    "uv": [
                        6,
                        13,
                        5,
                        12
                    ],
                    "rotation": 90,
                    "texture": "#0"
                },
                "down": {
                    "uv": [
                        7,
                        12,
                        6,
                        13
                    ],
                    "rotation": 270,
                    "texture": "#0"
                }
            }
        },
        {
            "name": "right_leg",
            "from": [
                8,
                -0.25,
                7
            ],
            "to": [
                10,
                5.75,
                9
            ],
            "rotation": {
                "angle": 22.5,
                "axis": "y",
                "origin": [
                    9.0005,
                    5.75138,
                    8
                ]
            },
            "faces": {
                "north": {
                    "uv": [
                        1,
                        5,
                        2,
                        8
                    ],
                    "texture": "#0"
                },
                "east": {
                    "uv": [
                        0,
                        5,
                        1,
                        8
                    ],
                    "texture": "#0"
                },
                "south": {
                    "uv": [
                        3,
                        5,
                        4,
                        8
                    ],
                    "texture": "#0"
                },
                "west": {
                    "uv": [
                        2,
                        5,
                        3,
                        8
                    ],
                    "texture": "#0"
                },
                "up": {
                    "uv": [
                        2,
                        5,
                        1,
                        4
                    ],
                    "texture": "#0"
                },
                "down": {
                    "uv": [
                        3,
                        4,
                        2,
                        5
                    ],
                    "texture": "#0"
                }
            }
        },
        {
            "name": "head_2nd_layer",
            "from": [
                5.75,
                11.5,
                5.75
            ],
            "to": [
                10.25,
                16,
                10.25
            ],
            "rotation": {
                "angle": 0,
                "axis": "y",
                "origin": [
                    4,
                    0,
                    4
                ]
            },
            "faces": {
                "north": {
                    "uv": [
                        10,
                        2,
                        12,
                        4
                    ],
                    "texture": "#0"
                },
                "east": {
                    "uv": [
                        8,
                        2,
                        10,
                        4
                    ],
                    "texture": "#0"
                },
                "south": {
                    "uv": [
                        14,
                        2,
                        16,
                        4
                    ],
                    "texture": "#0"
                },
                "west": {
                    "uv": [
                        12,
                        2,
                        14,
                        4
                    ],
                    "texture": "#0"
                },
                "up": {
                    "uv": [
                        12,
                        2,
                        10,
                        0
                    ],
                    "texture": "#0"
                },
                "down": {
                    "uv": [
                        14,
                        0,
                        12,
                        2
                    ],
                    "texture": "#0"
                }
            }
        },
        {
            "name": "head_2nd_layer",
            "from": [
                5.75,
                7,
                10.24
            ],
            "to": [
                10.25,
                11.5,
                10.25
            ],
            "rotation": {
                "angle": 0,
                "axis": "y",
                "origin": [
                    4,
                    -4.5,
                    4.49
                ]
            },
            "faces": {
                "north": {
                    "uv": [
                        14,
                        4,
                        16,
                        6
                    ],
                    "texture": "#0"
                },
                "east": {
                    "uv": [
                        0,
                        0,
                        2,
                        2
                    ],
                    "texture": "#0"
                },
                "south": {
                    "uv": [
                        14,
                        4,
                        16,
                        6
                    ],
                    "texture": "#0"
                },
                "west": {
                    "uv": [
                        0,
                        0,
                        2,
                        2
                    ],
                    "texture": "#0"
                },
                "up": {
                    "uv": [
                        2,
                        2,
                        0,
                        0
                    ],
                    "texture": "#0"
                },
                "down": {
                    "uv": [
                        2,
                        0,
                        0,
                        2
                    ],
                    "texture": "#0"
                }
            }
        },
        {
            "name": "body_2nd_layer",
            "from": [
                5.998,
                5.50675,
                6.74375
            ],
            "to": [
                10.002,
                12.01825,
                9.24625
            ],
            "rotation": {
                "angle": 0,
                "axis": "y",
                "origin": [
                    3.996,
                    -0.00876,
                    3.99601
                ]
            },
            "faces": {
                "north": {
                    "uv": [
                        5,
                        9,
                        7,
                        12
                    ],
                    "texture": "#0"
                },
                "east": {
                    "uv": [
                        4,
                        9,
                        5,
                        12
                    ],
                    "texture": "#0"
                },
                "south": {
                    "uv": [
                        8,
                        9,
                        10,
                        12
                    ],
                    "texture": "#0"
                },
                "west": {
                    "uv": [
                        7,
                        9,
                        8,
                        12
                    ],
                    "texture": "#0"
                },
                "up": {
                    "uv": [
                        7,
                        9,
                        5,
                        8
                    ],
                    "texture": "#0"
                },
                "down": {
                    "uv": [
                        9,
                        8,
                        7,
                        9
                    ],
                    "texture": "#0"
                }
            }
        },
        {
            "name": "right_leg_2nd_layer",
            "from": [
                7.74975,
                -0.5005,
                6.74875
            ],
            "to": [
                10.25225,
                6.006,
                9.25125
            ],
            "rotation": {
                "angle": 22.5,
                "axis": "y",
                "origin": [
                    9.0005,
                    5.75138,
                    8
                ]
            },
            "faces": {
                "north": {
                    "uv": [
                        1,
                        9,
                        2,
                        12
                    ],
                    "texture": "#0"
                },
                "east": {
                    "uv": [
                        0,
                        9,
                        1,
                        12
                    ],
                    "texture": "#0"
                },
                "south": {
                    "uv": [
                        3,
                        9,
                        4,
                        12
                    ],
                    "texture": "#0"
                },
                "west": {
                    "uv": [
                        0,
                        9,
                        1,
                        12
                    ],
                    "texture": "#0"
                },
                "up": {
                    "uv": [
                        2,
                        9,
                        1,
                        8
                    ],
                    "texture": "#0"
                },
                "down": {
                    "uv": [
                        3,
                        8,
                        2,
                        9
                    ],
                    "texture": "#0"
                }
            }
        },
        {
            "name": "left_leg_2nd_layer",
            "from": [
                5.74875,
                -0.50325,
                6.74875
            ],
            "to": [
                8.25125,
                6.00325,
                9.25125
            ],
            "rotation": {
                "angle": -22.5,
                "axis": "z",
                "origin": [
                    7,
                    5.75,
                    8
                ]
            },
            "faces": {
                "north": {
                    "uv": [
                        2,
                        13,
                        3,
                        16
                    ],
                    "texture": "#0"
                },
                "east": {
                    "uv": [
                        1,
                        13,
                        2,
                        16
                    ],
                    "texture": "#0"
                },
                "south": {
                    "uv": [
                        0,
                        13,
                        1,
                        16
                    ],
                    "texture": "#0"
                },
                "west": {
                    "uv": [
                        3,
                        13,
                        4,
                        16
                    ],
                    "texture": "#0"
                },
                "up": {
                    "uv": [
                        2,
                        13,
                        1,
                        12
                    ],
                    "rotation": 90,
                    "texture": "#0"
                },
                "down": {
                    "uv": [
                        3,
                        12,
                        2,
                        13
                    ],
                    "rotation": 270,
                    "texture": "#0"
                }
            }
        },
        {
            "name": "head_2nd_layer",
            "from": [
                5.775,
                14.5,
                7.24
            ],
            "to": [
                6.775,
                16,
                8.74
            ],
            "rotation": {
                "angle": -22.5,
                "axis": "z",
                "origin": [
                    5.75,
                    15.75,
                    7.99
                ]
            },
            "faces": {
                "north": {
                    "uv": [
                        7,
                        2,
                        8,
                        3.5
                    ],
                    "texture": "#4"
                },
                "east": {
                    "uv": [
                        6,
                        5,
                        7.5,
                        6.5
                    ],
                    "texture": "#4"
                },
                "south": {
                    "uv": [
                        8,
                        2,
                        9,
                        3.5
                    ],
                    "texture": "#4"
                },
                "west": {
                    "uv": [
                        7,
                        0,
                        8.5,
                        1.5
                    ],
                    "texture": "#4"
                },
                "up": {
                    "uv": [
                        9,
                        5.5,
                        8,
                        4
                    ],
                    "texture": "#4"
                },
                "down": {
                    "uv": [
                        9,
                        6,
                        8,
                        7.5
                    ],
                    "texture": "#4"
                }
            }
        },
        {
            "name": "head_2nd_layer",
            "from": [
                4.73694,
                12.30866,
                7.74
            ],
            "to": [
                5.73694,
                15.80866,
                8.24
            ],
            "rotation": {
                "angle": -22.5,
                "axis": "z",
                "origin": [
                    6.21194,
                    15.55866,
                    7.49
                ]
            },
            "faces": {
                "north": {
                    "uv": [
                        4,
                        0,
                        5,
                        3.5
                    ],
                    "texture": "#4"
                },
                "east": {
                    "uv": [
                        7,
                        7,
                        7.5,
                        10.5
                    ],
                    "texture": "#4"
                },
                "south": {
                    "uv": [
                        2,
                        4,
                        3,
                        7.5
                    ],
                    "texture": "#4"
                },
                "west": {
                    "uv": [
                        2,
                        8,
                        2.5,
                        11.5
                    ],
                    "texture": "#4"
                },
                "up": {
                    "uv": [
                        10,
                        0.5,
                        9,
                        0
                    ],
                    "texture": "#4"
                },
                "down": {
                    "uv": [
                        10,
                        1,
                        9,
                        1.5
                    ],
                    "texture": "#4"
                }
            }
        },
        {
            "name": "head_2nd_layer",
            "from": [
                3.606,
                9.62226,
                7.74025
            ],
            "to": [
                4.605,
                13.11876,
                8.23975
            ],
            "rotation": {
                "angle": 0,
                "axis": "y",
                "origin": [
                    4.1055,
                    11.37051,
                    7.4905
                ]
            },
            "faces": {
                "north": {
                    "uv": [
                        2,
                        0,
                        3,
                        3.5
                    ],
                    "texture": "#4"
                },
                "east": {
                    "uv": [
                        1,
                        6,
                        1.5,
                        9.5
                    ],
                    "texture": "#4"
                },
                "south": {
                    "uv": [
                        3,
                        0,
                        4,
                        3.5
                    ],
                    "texture": "#4"
                },
                "west": {
                    "uv": [
                        6,
                        7,
                        6.5,
                        10.5
                    ],
                    "texture": "#4"
                },
                "up": {
                    "uv": [
                        8,
                        4.5,
                        7,
                        4
                    ],
                    "texture": "#4"
                },
                "down": {
                    "uv": [
                        9,
                        8,
                        8,
                        8.5
                    ],
                    "texture": "#4"
                }
            }
        },
        {
            "name": "head_2nd_layer",
            "from": [
                9.76306,
                6.30866,
                10.74
            ],
            "to": [
                10.26306,
                10.80866,
                11.24
            ],
            "rotation": {
                "angle": 45,
                "axis": "z",
                "origin": [
                    9.78806,
                    10.55866,
                    7.49
                ]
            },
            "faces": {
                "north": {
                    "uv": [
                        5.5,
                        0,
                        5,
                        4.5
                    ],
                    "texture": "#4"
                },
                "east": {
                    "uv": [
                        6.5,
                        0,
                        6,
                        4.5
                    ],
                    "texture": "#4"
                },
                "south": {
                    "uv": [
                        0.5,
                        6,
                        0,
                        10.5
                    ],
                    "texture": "#4"
                },
                "west": {
                    "uv": [
                        5.5,
                        5,
                        5,
                        9.5
                    ],
                    "texture": "#4"
                },
                "up": {
                    "uv": [
                        9,
                        9.5,
                        9.5,
                        9
                    ],
                    "texture": "#4"
                },
                "down": {
                    "uv": [
                        10,
                        0,
                        10.5,
                        0.5
                    ],
                    "texture": "#4"
                }
            }
        },
        {
            "name": "head_2nd_layer",
            "from": [
                10.26306,
                5.55866,
                10.74
            ],
            "to": [
                11.26306,
                11.05866,
                11.24
            ],
            "rotation": {
                "angle": 45,
                "axis": "z",
                "origin": [
                    9.78806,
                    10.55866,
                    7.49
                ]
            },
            "faces": {
                "north": {
                    "uv": [
                        1,
                        0,
                        0,
                        5.5
                    ],
                    "texture": "#4"
                },
                "east": {
                    "uv": [
                        4.5,
                        4,
                        4,
                        9.5
                    ],
                    "texture": "#4"
                },
                "south": {
                    "uv": [
                        2,
                        0,
                        1,
                        5.5
                    ],
                    "texture": "#4"
                },
                "west": {
                    "uv": [
                        3.5,
                        4,
                        3,
                        9.5
                    ],
                    "texture": "#4"
                },
                "up": {
                    "uv": [
                        9,
                        2.5,
                        10,
                        2
                    ],
                    "texture": "#4"
                },
                "down": {
                    "uv": [
                        9,
                        3,
                        10,
                        3.5
                    ],
                    "texture": "#4"
                }
            }
        },
        {
            "name": "head_2nd_layer",
            "from": [
                10.76306,
                4.55866,
                10.74
            ],
            "to": [
                11.26306,
                5.55866,
                11.24
            ],
            "rotation": {
                "angle": 45,
                "axis": "z",
                "origin": [
                    9.78806,
                    10.55866,
                    7.49
                ]
            },
            "faces": {
                "north": {
                    "uv": [
                        9.5,
                        4,
                        9,
                        5
                    ],
                    "texture": "#4"
                },
                "east": {
                    "uv": [
                        9.5,
                        7,
                        9,
                        8
                    ],
                    "texture": "#4"
                },
                "south": {
                    "uv": [
                        9.5,
                        6,
                        9,
                        7
                    ],
                    "texture": "#4"
                },
                "west": {
                    "uv": [
                        9.5,
                        5,
                        9,
                        6
                    ],
                    "texture": "#4"
                },
                "up": {
                    "uv": [
                        8,
                        9.5,
                        8.5,
                        9
                    ],
                    "texture": "#4"
                },
                "down": {
                    "uv": [
                        9,
                        8,
                        9.5,
                        8.5
                    ],
                    "texture": "#4"
                }
            }
        },
        {
            "name": "head_2nd_layer",
            "from": [
                10.28806,
                10.68366,
                10.24
            ],
            "to": [
                14.78806,
                11.18366,
                10.74
            ],
            "rotation": {
                "angle": -22.5,
                "axis": "z",
                "origin": [
                    10.53806,
                    10.80866,
                    6.99
                ]
            },
            "faces": {
                "north": {
                    "uv": [
                        5.5,
                        0,
                        5,
                        4.5
                    ],
                    "rotation": 90,
                    "texture": "#4"
                },
                "east": {
                    "uv": [
                        10,
                        0,
                        10.5,
                        0.5
                    ],
                    "rotation": 270,
                    "texture": "#4"
                },
                "south": {
                    "uv": [
                        0.5,
                        6,
                        0,
                        10.5
                    ],
                    "rotation": 270,
                    "texture": "#4"
                },
                "west": {
                    "uv": [
                        9,
                        9.5,
                        9.5,
                        9
                    ],
                    "rotation": 270,
                    "texture": "#4"
                },
                "up": {
                    "uv": [
                        6.5,
                        0,
                        6,
                        4.5
                    ],
                    "rotation": 270,
                    "texture": "#4"
                },
                "down": {
                    "uv": [
                        5.5,
                        5,
                        5,
                        9.5
                    ],
                    "rotation": 270,
                    "texture": "#4"
                }
            }
        },
        {
            "name": "head_2nd_layer",
            "from": [
                11.03806,
                10.78366,
                10.24
            ],
            "to": [
                16.53806,
                11.78366,
                10.74
            ],
            "rotation": {
                "angle": -22.5,
                "axis": "z",
                "origin": [
                    11.53806,
                    10.30866,
                    6.99
                ]
            },
            "faces": {
                "north": {
                    "uv": [
                        1,
                        0,
                        0,
                        5.5
                    ],
                    "rotation": 90,
                    "texture": "#4"
                },
                "east": {
                    "uv": [
                        9,
                        3,
                        10,
                        3.5
                    ],
                    "rotation": 270,
                    "texture": "#4"
                },
                "south": {
                    "uv": [
                        2,
                        0,
                        1,
                        5.5
                    ],
                    "rotation": 270,
                    "texture": "#4"
                },
                "west": {
                    "uv": [
                        9,
                        2.5,
                        10,
                        2
                    ],
                    "rotation": 270,
                    "texture": "#4"
                },
                "up": {
                    "uv": [
                        4.5,
                        4,
                        4,
                        9.5
                    ],
                    "rotation": 270,
                    "texture": "#4"
                },
                "down": {
                    "uv": [
                        3.5,
                        4,
                        3,
                        9.5
                    ],
                    "rotation": 270,
                    "texture": "#4"
                }
            }
        },
        {
            "name": "head_2nd_layer",
            "from": [
                16.53806,
                11.28366,
                10.24
            ],
            "to": [
                17.53806,
                11.78366,
                10.74
            ],
            "rotation": {
                "angle": -22.5,
                "axis": "z",
                "origin": [
                    11.53806,
                    10.30866,
                    6.99
                ]
            },
            "faces": {
                "north": {
                    "uv": [
                        9.5,
                        4,
                        9,
                        5
                    ],
                    "rotation": 90,
                    "texture": "#4"
                },
                "east": {
                    "uv": [
                        9,
                        8,
                        9.5,
                        8.5
                    ],
                    "rotation": 270,
                    "texture": "#4"
                },
                "south": {
                    "uv": [
                        9.5,
                        6,
                        9,
                        7
                    ],
                    "rotation": 270,
                    "texture": "#4"
                },
                "west": {
                    "uv": [
                        8,
                        9.5,
                        8.5,
                        9
                    ],
                    "rotation": 270,
                    "texture": "#4"
                },
                "up": {
                    "uv": [
                        9.5,
                        7,
                        9,
                        8
                    ],
                    "rotation": 270,
                    "texture": "#4"
                },
                "down": {
                    "uv": [
                        9.5,
                        5,
                        9,
                        6
                    ],
                    "rotation": 270,
                    "texture": "#4"
                }
            }
        },
        {
            "name": "head_2nd_layer",
            "from": [
                11.28806,
                11.03366,
                11.24
            ],
            "to": [
                15.78806,
                11.53366,
                11.74
            ],
            "rotation": {
                "angle": 22.5,
                "axis": "z",
                "origin": [
                    11.53806,
                    11.05866,
                    7.99
                ]
            },
            "faces": {
                "north": {
                    "uv": [
                        5.5,
                        0,
                        5,
                        4.5
                    ],
                    "rotation": 90,
                    "texture": "#4"
                },
                "east": {
                    "uv": [
                        10,
                        0,
                        10.5,
                        0.5
                    ],
                    "rotation": 270,
                    "texture": "#4"
                },
                "south": {
                    "uv": [
                        0.5,
                        6,
                        0,
                        10.5
                    ],
                    "rotation": 270,
                    "texture": "#4"
                },
                "west": {
                    "uv": [
                        9,
                        9.5,
                        9.5,
                        9
                    ],
                    "rotation": 270,
                    "texture": "#4"
                },
                "up": {
                    "uv": [
                        6.5,
                        0,
                        6,
                        4.5
                    ],
                    "rotation": 270,
                    "texture": "#4"
                },
                "down": {
                    "uv": [
                        5.5,
                        5,
                        5,
                        9.5
                    ],
                    "rotation": 270,
                    "texture": "#4"
                }
            }
        },
        {
            "name": "head_2nd_layer",
            "from": [
                11.03806,
                11.53366,
                11.24
            ],
            "to": [
                16.53806,
                12.53366,
                11.74
            ],
            "rotation": {
                "angle": 22.5,
                "axis": "z",
                "origin": [
                    11.53806,
                    11.05866,
                    7.99
                ]
            },
            "faces": {
                "north": {
                    "uv": [
                        1,
                        0,
                        0,
                        5.5
                    ],
                    "rotation": 90,
                    "texture": "#4"
                },
                "east": {
                    "uv": [
                        9,
                        3,
                        10,
                        3.5
                    ],
                    "rotation": 270,
                    "texture": "#4"
                },
                "south": {
                    "uv": [
                        2,
                        0,
                        1,
                        5.5
                    ],
                    "rotation": 270,
                    "texture": "#4"
                },
                "west": {
                    "uv": [
                        9,
                        2.5,
                        10,
                        2
                    ],
                    "rotation": 270,
                    "texture": "#4"
                },
                "up": {
                    "uv": [
                        4.5,
                        4,
                        4,
                        9.5
                    ],
                    "rotation": 270,
                    "texture": "#4"
                },
                "down": {
                    "uv": [
                        3.5,
                        4,
                        3,
                        9.5
                    ],
                    "rotation": 270,
                    "texture": "#4"
                }
            }
        },
        {
            "name": "head_2nd_layer",
            "from": [
                16.53806,
                12.03366,
                11.24
            ],
            "to": [
                17.53806,
                12.53366,
                11.74
            ],
            "rotation": {
                "angle": 22.5,
                "axis": "z",
                "origin": [
                    11.53806,
                    11.05866,
                    7.99
                ]
            },
            "faces": {
                "north": {
                    "uv": [
                        9.5,
                        4,
                        9,
                        5
                    ],
                    "rotation": 90,
                    "texture": "#4"
                },
                "east": {
                    "uv": [
                        9,
                        8,
                        9.5,
                        8.5
                    ],
                    "rotation": 270,
                    "texture": "#4"
                },
                "south": {
                    "uv": [
                        9.5,
                        6,
                        9,
                        7
                    ],
                    "rotation": 270,
                    "texture": "#4"
                },
                "west": {
                    "uv": [
                        8,
                        9.5,
                        8.5,
                        9
                    ],
                    "rotation": 270,
                    "texture": "#4"
                },
                "up": {
                    "uv": [
                        9.5,
                        7,
                        9,
                        8
                    ],
                    "rotation": 270,
                    "texture": "#4"
                },
                "down": {
                    "uv": [
                        9.5,
                        5,
                        9,
                        6
                    ],
                    "rotation": 270,
                    "texture": "#4"
                }
            }
        },
        {
            "name": "head_2nd_layer",
            "from": [
                -1.53806,
                12.03366,
                11.24
            ],
            "to": [
                -0.53806,
                12.53366,
                11.74
            ],
            "rotation": {
                "angle": -22.5,
                "axis": "z",
                "origin": [
                    4.46194,
                    11.05866,
                    7.99
                ]
            },
            "faces": {
                "north": {
                    "uv": [
                        9.5,
                        5,
                        9,
                        4
                    ],
                    "rotation": 90,
                    "texture": "#4"
                },
                "east": {
                    "uv": [
                        8,
                        9,
                        8.5,
                        9.5
                    ],
                    "rotation": 270,
                    "texture": "#4"
                },
                "south": {
                    "uv": [
                        9.5,
                        7,
                        9,
                        6
                    ],
                    "rotation": 270,
                    "texture": "#4"
                },
                "west": {
                    "uv": [
                        9,
                        8.5,
                        9.5,
                        8
                    ],
                    "rotation": 270,
                    "texture": "#4"
                },
                "up": {
                    "uv": [
                        9.5,
                        8,
                        9,
                        7
                    ],
                    "rotation": 270,
                    "texture": "#4"
                },
                "down": {
                    "uv": [
                        9.5,
                        6,
                        9,
                        5
                    ],
                    "rotation": 270,
                    "texture": "#4"
                }
            }
        },
        {
            "name": "head_2nd_layer",
            "from": [
                4.73694,
                5.55866,
                10.74
            ],
            "to": [
                5.73694,
                11.05866,
                11.24
            ],
            "rotation": {
                "angle": -45,
                "axis": "z",
                "origin": [
                    6.21194,
                    10.55866,
                    7.49
                ]
            },
            "faces": {
                "north": {
                    "uv": [
                        0,
                        0,
                        1,
                        5.5
                    ],
                    "texture": "#4"
                },
                "east": {
                    "uv": [
                        3,
                        4,
                        3.5,
                        9.5
                    ],
                    "texture": "#4"
                },
                "south": {
                    "uv": [
                        1,
                        0,
                        2,
                        5.5
                    ],
                    "texture": "#4"
                },
                "west": {
                    "uv": [
                        4,
                        4,
                        4.5,
                        9.5
                    ],
                    "texture": "#4"
                },
                "up": {
                    "uv": [
                        10,
                        2.5,
                        9,
                        2
                    ],
                    "texture": "#4"
                },
                "down": {
                    "uv": [
                        10,
                        3,
                        9,
                        3.5
                    ],
                    "texture": "#4"
                }
            }
        },
        {
            "name": "head_2nd_layer",
            "from": [
                4.73694,
                4.55866,
                10.74
            ],
            "to": [
                5.23694,
                5.55866,
                11.24
            ],
            "rotation": {
                "angle": -45,
                "axis": "z",
                "origin": [
                    6.21194,
                    10.55866,
                    7.49
                ]
            },
            "faces": {
                "north": {
                    "uv": [
                        9,
                        4,
                        9.5,
                        5
                    ],
                    "texture": "#4"
                },
                "east": {
                    "uv": [
                        9,
                        5,
                        9.5,
                        6
                    ],
                    "texture": "#4"
                },
                "south": {
                    "uv": [
                        9,
                        6,
                        9.5,
                        7
                    ],
                    "texture": "#4"
                },
                "west": {
                    "uv": [
                        9,
                        7,
                        9.5,
                        8
                    ],
                    "texture": "#4"
                },
                "up": {
                    "uv": [
                        8.5,
                        9.5,
                        8,
                        9
                    ],
                    "texture": "#4"
                },
                "down": {
                    "uv": [
                        9.5,
                        8,
                        9,
                        8.5
                    ],
                    "texture": "#4"
                }
            }
        },
        {
            "name": "head_2nd_layer",
            "from": [
                1.21194,
                10.68366,
                10.24
            ],
            "to": [
                5.71194,
                11.18366,
                10.74
            ],
            "rotation": {
                "angle": 22.5,
                "axis": "z",
                "origin": [
                    5.46194,
                    10.80866,
                    6.99
                ]
            },
            "faces": {
                "north": {
                    "uv": [
                        5.5,
                        4.5,
                        5,
                        0
                    ],
                    "rotation": 90,
                    "texture": "#4"
                },
                "east": {
                    "uv": [
                        9,
                        9,
                        9.5,
                        9.5
                    ],
                    "rotation": 270,
                    "texture": "#4"
                },
                "south": {
                    "uv": [
                        0.5,
                        10.5,
                        0,
                        6
                    ],
                    "rotation": 270,
                    "texture": "#4"
                },
                "west": {
                    "uv": [
                        10,
                        0.5,
                        10.5,
                        0
                    ],
                    "rotation": 270,
                    "texture": "#4"
                },
                "up": {
                    "uv": [
                        6.5,
                        4.5,
                        6,
                        0
                    ],
                    "rotation": 270,
                    "texture": "#4"
                },
                "down": {
                    "uv": [
                        5.5,
                        9.5,
                        5,
                        5
                    ],
                    "rotation": 270,
                    "texture": "#4"
                }
            }
        },
        {
            "name": "head_2nd_layer",
            "from": [
                -0.53806,
                10.78366,
                10.24
            ],
            "to": [
                4.96194,
                11.78366,
                10.74
            ],
            "rotation": {
                "angle": 22.5,
                "axis": "z",
                "origin": [
                    4.46194,
                    10.30866,
                    6.99
                ]
            },
            "faces": {
                "north": {
                    "uv": [
                        1,
                        5.5,
                        0,
                        0
                    ],
                    "rotation": 90,
                    "texture": "#4"
                },
                "east": {
                    "uv": [
                        9,
                        2,
                        10,
                        2.5
                    ],
                    "rotation": 270,
                    "texture": "#4"
                },
                "south": {
                    "uv": [
                        2,
                        5.5,
                        1,
                        0
                    ],
                    "rotation": 270,
                    "texture": "#4"
                },
                "west": {
                    "uv": [
                        9,
                        3.5,
                        10,
                        3
                    ],
                    "rotation": 270,
                    "texture": "#4"
                },
                "up": {
                    "uv": [
                        4.5,
                        9.5,
                        4,
                        4
                    ],
                    "rotation": 270,
                    "texture": "#4"
                },
                "down": {
                    "uv": [
                        3.5,
                        9.5,
                        3,
                        4
                    ],
                    "rotation": 270,
                    "texture": "#4"
                }
            }
        },
        {
            "name": "head_2nd_layer",
            "from": [
                -1.53806,
                11.28366,
                10.24
            ],
            "to": [
                -0.53806,
                11.78366,
                10.74
            ],
            "rotation": {
                "angle": 22.5,
                "axis": "z",
                "origin": [
                    4.46194,
                    10.30866,
                    6.99
                ]
            },
            "faces": {
                "north": {
                    "uv": [
                        9.5,
                        5,
                        9,
                        4
                    ],
                    "rotation": 90,
                    "texture": "#4"
                },
                "east": {
                    "uv": [
                        8,
                        9,
                        8.5,
                        9.5
                    ],
                    "rotation": 270,
                    "texture": "#4"
                },
                "south": {
                    "uv": [
                        9.5,
                        7,
                        9,
                        6
                    ],
                    "rotation": 270,
                    "texture": "#4"
                },
                "west": {
                    "uv": [
                        9,
                        8.5,
                        9.5,
                        8
                    ],
                    "rotation": 270,
                    "texture": "#4"
                },
                "up": {
                    "uv": [
                        9.5,
                        8,
                        9,
                        7
                    ],
                    "rotation": 270,
                    "texture": "#4"
                },
                "down": {
                    "uv": [
                        9.5,
                        6,
                        9,
                        5
                    ],
                    "rotation": 270,
                    "texture": "#4"
                }
            }
        },
        {
            "name": "head_2nd_layer",
            "from": [
                0.21194,
                11.03366,
                11.24
            ],
            "to": [
                4.71194,
                11.53366,
                11.74
            ],
            "rotation": {
                "angle": -22.5,
                "axis": "z",
                "origin": [
                    4.46194,
                    11.05866,
                    7.99
                ]
            },
            "faces": {
                "north": {
                    "uv": [
                        5.5,
                        4.5,
                        5,
                        0
                    ],
                    "rotation": 90,
                    "texture": "#4"
                },
                "east": {
                    "uv": [
                        9,
                        9,
                        9.5,
                        9.5
                    ],
                    "rotation": 270,
                    "texture": "#4"
                },
                "south": {
                    "uv": [
                        0.5,
                        10.5,
                        0,
                        6
                    ],
                    "rotation": 270,
                    "texture": "#4"
                },
                "west": {
                    "uv": [
                        10,
                        0.5,
                        10.5,
                        0
                    ],
                    "rotation": 270,
                    "texture": "#4"
                },
                "up": {
                    "uv": [
                        6.5,
                        4.5,
                        6,
                        0
                    ],
                    "rotation": 270,
                    "texture": "#4"
                },
                "down": {
                    "uv": [
                        5.5,
                        9.5,
                        5,
                        5
                    ],
                    "rotation": 270,
                    "texture": "#4"
                }
            }
        },
        {
            "name": "head_2nd_layer",
            "from": [
                -0.53806,
                11.53366,
                11.24
            ],
            "to": [
                4.96194,
                12.53366,
                11.74
            ],
            "rotation": {
                "angle": -22.5,
                "axis": "z",
                "origin": [
                    4.46194,
                    11.05866,
                    7.99
                ]
            },
            "faces": {
                "north": {
                    "uv": [
                        1,
                        5.5,
                        0,
                        0
                    ],
                    "rotation": 90,
                    "texture": "#4"
                },
                "east": {
                    "uv": [
                        9,
                        2,
                        10,
                        2.5
                    ],
                    "rotation": 270,
                    "texture": "#4"
                },
                "south": {
                    "uv": [
                        2,
                        5.5,
                        1,
                        0
                    ],
                    "rotation": 270,
                    "texture": "#4"
                },
                "west": {
                    "uv": [
                        9,
                        3.5,
                        10,
                        3
                    ],
                    "rotation": 270,
                    "texture": "#4"
                },
                "up": {
                    "uv": [
                        4.5,
                        9.5,
                        4,
                        4
                    ],
                    "rotation": 270,
                    "texture": "#4"
                },
                "down": {
                    "uv": [
                        3.5,
                        9.5,
                        3,
                        4
                    ],
                    "rotation": 270,
                    "texture": "#4"
                }
            }
        },
        {
            "name": "head_2nd_layer",
            "from": [
                5.73694,
                6.30866,
                10.74
            ],
            "to": [
                6.23694,
                10.80866,
                11.24
            ],
            "rotation": {
                "angle": -45,
                "axis": "z",
                "origin": [
                    6.21194,
                    10.55866,
                    7.49
                ]
            },
            "faces": {
                "north": {
                    "uv": [
                        5,
                        0,
                        5.5,
                        4.5
                    ],
                    "texture": "#4"
                },
                "east": {
                    "uv": [
                        5,
                        5,
                        5.5,
                        9.5
                    ],
                    "texture": "#4"
                },
                "south": {
                    "uv": [
                        0,
                        6,
                        0.5,
                        10.5
                    ],
                    "texture": "#4"
                },
                "west": {
                    "uv": [
                        6,
                        0,
                        6.5,
                        4.5
                    ],
                    "texture": "#4"
                },
                "up": {
                    "uv": [
                        9.5,
                        9.5,
                        9,
                        9
                    ],
                    "texture": "#4"
                },
                "down": {
                    "uv": [
                        10.5,
                        0,
                        10,
                        0.5
                    ],
                    "texture": "#4"
                }
            }
        }
    ],
    "display": {
        "thirdperson_righthand": {
            "rotation": [
                90,
                0,
                0
            ],
            "translation": [
                -6,
                -1.75,
                -3.5
            ]
        },
        "thirdperson_lefthand": {
            "rotation": [
                90,
                0,
                0
            ],
            "translation": [
                -6,
                -1.75,
                -3.5
            ]
        },
        "head": {
            "translation": [
                0,
                -14.5,
                0
            ],
            "scale": [
                3.2,
                3.2,
                3.2
            ]
        }
    },
    "groups": [
        {
            "name": "alex",
            "origin": [
                8,
                8,
                8
            ],
            "color": 0,
            "children": [
                0,
                1,
                2,
                3,
                4,
                5,
                6,
                7,
                8
            ]
        },
        {
            "name": "option",
            "origin": [
                0,
                0,
                0
            ],
            "color": 0,
            "children": []
        },
        9,
        10,
        11,
        {
            "name": "group",
            "origin": [
                6.21194,
                15.55866,
                7.49
            ],
            "color": 0,
            "children": [
                12,
                13,
                14
            ]
        },
        {
            "name": "group",
            "origin": [
                6.21194,
                15.55866,
                7.49
            ],
            "color": 0,
            "children": [
                15,
                16,
                17
            ]
        },
        {
            "name": "group",
            "origin": [
                6.21194,
                15.55866,
                7.49
            ],
            "color": 0,
            "children": [
                18,
                19,
                20
            ]
        },
        {
            "name": "group",
            "origin": [
                9.78806,
                10.55866,
                7.49
            ],
            "color": 0,
            "children": [
                21,
                22,
                23,
                24,
                25,
                26,
                27,
                28,
                29
            ]
        }
    ]
}