{
	"credit": "Made with Blockbench",
	"texture_size": [32, 32],
	"textures": {
		"0": "item/mob/stick/20155/skinb",
		"4": "item/mob/stick/20155/textureb"
	},
	"elements": [
		{
			"name": "head",
			"from": [6, 2.5803, 0.37382],
			"to": [10, 6.5803, 4.37382],
			"rotation": {"angle": 22.5, "axis": "x", "origin": [7.73195, 6.22824, 6.35206]},
			"faces": {
				"north": {"uv": [2, 0, 4, 2], "texture": "#0"},
				"east": {"uv": [2, 4, 0, 2], "rotation": 270, "texture": "#0"},
				"south": {"uv": [4, 2, 6, 0], "rotation": 180, "texture": "#0"},
				"west": {"uv": [6, 4, 4, 2], "rotation": 90, "texture": "#0"},
				"up": {"uv": [6, 2, 8, 4], "texture": "#0"},
				"down": {"uv": [2, 2, 4, 4], "rotation": 180, "texture": "#0"}
			}
		},
		{
			"name": "body",
			"from": [6, 3.5803, 4.37382],
			"to": [10, 5.5803, 10.37382],
			"rotation": {"angle": 0, "axis": "y", "origin": [7.73195, 6.22824, 6.35206]},
			"faces": {
				"north": {"uv": [5, 4, 7, 5], "texture": "#0"},
				"east": {"uv": [5, 8, 4, 5], "rotation": 270, "texture": "#0"},
				"south": {"uv": [7, 5, 9, 4], "rotation": 180, "texture": "#0"},
				"west": {"uv": [8, 8, 7, 5], "rotation": 90, "texture": "#0"},
				"up": {"uv": [8, 5, 10, 8], "texture": "#0"},
				"down": {"uv": [5, 5, 7, 8], "rotation": 180, "texture": "#0"}
			}
		},
		{
			"name": "right_arm",
			"from": [9.75, 3.5803, 4.62382],
			"to": [15.75, 5.5803, 6.12382],
			"rotation": {"angle": -22.5, "axis": "y", "origin": [10.75, 4.5803, 5.37382]},
			"faces": {
				"north": {"uv": [11, 8, 10, 5], "rotation": 270, "texture": "#0"},
				"east": {"uv": [11.75, 5, 12.5, 4], "rotation": 180, "texture": "#0"},
				"south": {"uv": [12.75, 8, 11.75, 5], "rotation": 90, "texture": "#0"},
				"west": {"uv": [11, 4, 11.75, 5], "texture": "#0"},
				"up": {"uv": [12.75, 5, 13.5, 8], "rotation": 270, "texture": "#0"},
				"down": {"uv": [11, 5, 11.75, 8], "rotation": 270, "texture": "#0"}
			}
		},
		{
			"name": "left_arm",
			"from": [4.5, 3.5803, 4.37382],
			"to": [6, 5.5803, 10.37382],
			"rotation": {"angle": -45, "axis": "y", "origin": [5.25, 4.5803, 5.37382]},
			"faces": {
				"north": {"uv": [9, 12, 9.75, 13], "texture": "#0"},
				"east": {"uv": [9, 16, 8, 13], "rotation": 270, "texture": "#0"},
				"south": {"uv": [9.75, 13, 10.5, 12], "rotation": 180, "texture": "#0"},
				"west": {"uv": [10.75, 16, 9.75, 13], "rotation": 90, "texture": "#0"},
				"up": {"uv": [10.75, 13, 11.5, 16], "texture": "#0"},
				"down": {"uv": [9, 13, 9.75, 16], "rotation": 180, "texture": "#0"}
			}
		},
		{
			"name": "left_leg",
			"from": [6, 3.5803, 10.37382],
			"to": [8, 5.5803, 16.37382],
			"rotation": {"angle": 0, "axis": "y", "origin": [7.73195, 6.22824, 6.35206]},
			"faces": {
				"north": {"uv": [5, 12, 6, 13], "texture": "#0"},
				"east": {"uv": [5, 16, 4, 13], "rotation": 270, "texture": "#0"},
				"south": {"uv": [6, 13, 7, 12], "rotation": 180, "texture": "#0"},
				"west": {"uv": [7, 16, 6, 13], "rotation": 90, "texture": "#0"},
				"up": {"uv": [7, 13, 8, 16], "texture": "#0"},
				"down": {"uv": [5, 13, 6, 16], "rotation": 180, "texture": "#0"}
			}
		},
		{
			"name": "Right_leg",
			"from": [8, 3.5803, 10.37382],
			"to": [10, 5.5803, 16.37382],
			"rotation": {"angle": 22.5, "axis": "y", "origin": [9, 4.5803, 10.37382]},
			"faces": {
				"north": {"uv": [1, 4, 2, 5], "texture": "#0"},
				"east": {"uv": [1, 8, 0, 5], "rotation": 270, "texture": "#0"},
				"south": {"uv": [2, 5, 3, 4], "rotation": 180, "texture": "#0"},
				"west": {"uv": [3, 8, 2, 5], "rotation": 90, "texture": "#0"},
				"up": {"uv": [3, 5, 4, 8], "texture": "#0"},
				"down": {"uv": [1, 5, 2, 8], "rotation": 180, "texture": "#0"}
			}
		},
		{
			"name": "head_2nd_layer",
			"from": [5.75, 2.3303, 0.12382],
			"to": [10.25, 6.8303, 4.62382],
			"rotation": {"angle": 22.5, "axis": "x", "origin": [7.73195, 6.22824, 6.35206]},
			"faces": {
				"north": {"uv": [10, 0, 12, 2], "texture": "#0"},
				"east": {"uv": [10, 4, 8, 2], "rotation": 270, "texture": "#0"},
				"south": {"uv": [12, 2, 14, 0], "rotation": 180, "texture": "#0"},
				"west": {"uv": [14, 4, 12, 2], "rotation": 90, "texture": "#0"},
				"up": {"uv": [14, 2, 16, 4], "texture": "#0"},
				"down": {"uv": [10, 2, 12, 4], "rotation": 180, "texture": "#0"}
			}
		},
		{
			"name": "head_2nd_layer",
			"from": [5.75, 6.8203, 4.62382],
			"to": [10.25, 6.8303, 9.12382],
			"rotation": {"angle": 0, "axis": "y", "origin": [7.73195, 6.22824, 6.35206]},
			"faces": {
				"north": {"uv": [0, 0, 2, 2], "texture": "#0"},
				"east": {"uv": [2, 2, 0, 0], "rotation": 270, "texture": "#0"},
				"south": {"uv": [0, 2, 2, 0], "rotation": 180, "texture": "#0"},
				"west": {"uv": [2, 2, 0, 0], "rotation": 90, "texture": "#0"},
				"up": {"uv": [14, 4, 16, 6], "texture": "#0"},
				"down": {"uv": [14, 4, 16, 6], "rotation": 180, "texture": "#0"}
			}
		},
		{
			"name": "body_2nd_layer",
			"from": [6, 3.3253, 4.10882],
			"to": [10, 5.8253, 10.61382],
			"rotation": {"angle": 0, "axis": "y", "origin": [7.73195, 6.22824, 6.35206]},
			"faces": {
				"north": {"uv": [5, 8, 7, 9], "texture": "#0"},
				"east": {"uv": [5, 12, 4, 9], "rotation": 270, "texture": "#0"},
				"south": {"uv": [7, 9, 9, 8], "rotation": 180, "texture": "#0"},
				"west": {"uv": [8, 12, 7, 9], "rotation": 90, "texture": "#0"},
				"up": {"uv": [8, 9, 10, 12], "texture": "#0"},
				"down": {"uv": [5, 9, 7, 12], "rotation": 180, "texture": "#0"}
			}
		},
		{
			"name": "right_arm_2nd_layer",
			"from": [9.5, 3.3303, 4.37382],
			"to": [16, 5.8303, 6.37382],
			"rotation": {"angle": -22.5, "axis": "y", "origin": [10.75, 4.5803, 5.37382]},
			"faces": {
				"north": {"uv": [11, 12, 10, 9], "rotation": 270, "texture": "#0"},
				"east": {"uv": [11.75, 9, 12.5, 8], "rotation": 180, "texture": "#0"},
				"south": {"uv": [12.75, 12, 11.75, 9], "rotation": 90, "texture": "#0"},
				"west": {"uv": [11, 8, 11.75, 9], "texture": "#0"},
				"up": {"uv": [12.75, 9, 13.5, 12], "rotation": 270, "texture": "#0"},
				"down": {"uv": [10.75, 9, 11.5, 12], "rotation": 270, "texture": "#0"}
			}
		},
		{
			"name": "left_arm_2nd_layer",
			"from": [4.25, 3.3303, 4.12382],
			"to": [6.25, 5.8303, 10.62382],
			"rotation": {"angle": -45, "axis": "y", "origin": [5.25, 4.5803, 5.37382]},
			"faces": {
				"north": {"uv": [13, 12, 13.75, 13], "texture": "#0"},
				"east": {"uv": [13, 16, 12, 13], "rotation": 270, "texture": "#0"},
				"south": {"uv": [13.75, 13, 14.5, 12], "rotation": 180, "texture": "#0"},
				"west": {"uv": [14.75, 16, 13.75, 13], "rotation": 90, "texture": "#0"},
				"up": {"uv": [14.75, 13, 15.5, 16], "texture": "#0"},
				"down": {"uv": [13, 13, 13.75, 16], "rotation": 180, "texture": "#0"}
			}
		},
		{
			"name": "right_leg_2nd_layer",
			"from": [7.75, 3.3303, 10.12382],
			"to": [10.25, 5.8303, 16.62382],
			"rotation": {"angle": 22.5, "axis": "y", "origin": [9, 4.5803, 10.37382]},
			"faces": {
				"north": {"uv": [1, 8, 2, 9], "texture": "#0"},
				"east": {"uv": [1, 12, 0, 9], "rotation": 270, "texture": "#0"},
				"south": {"uv": [2, 9, 3, 8], "rotation": 180, "texture": "#0"},
				"west": {"uv": [3, 12, 2, 9], "rotation": 90, "texture": "#0"},
				"up": {"uv": [3, 9, 4, 12], "texture": "#0"},
				"down": {"uv": [1, 9, 2, 12], "rotation": 180, "texture": "#0"}
			}
		},
		{
			"name": "left_leg_2nd_layer",
			"from": [5.75, 3.3303, 10.12382],
			"to": [8.25, 5.8303, 16.62382],
			"rotation": {"angle": 0, "axis": "y", "origin": [7.73195, 6.22824, 6.35206]},
			"faces": {
				"north": {"uv": [1, 12, 2, 13], "texture": "#0"},
				"east": {"uv": [1, 16, 0, 13], "rotation": 270, "texture": "#0"},
				"south": {"uv": [2, 13, 3, 12], "rotation": 180, "texture": "#0"},
				"west": {"uv": [3, 16, 2, 13], "rotation": 90, "texture": "#0"},
				"up": {"uv": [3, 13, 4, 16], "texture": "#0"},
				"down": {"uv": [1, 13, 2, 16], "rotation": 180, "texture": "#0"}
			}
		},
		{
			"name": "head_2nd_layer",
			"from": [3.63809, 3.8203, 1.33734],
			"to": [4.63809, 5.3203, 2.83734],
			"rotation": {"angle": 22.5, "axis": "x", "origin": [7.73195, 6.22824, 6.35206]},
			"faces": {
				"north": {"uv": [8, 4, 9, 5.5], "texture": "#4"},
				"east": {"uv": [7.5, 6.5, 6, 5], "rotation": 270, "texture": "#4"},
				"south": {"uv": [8, 7.5, 9, 6], "rotation": 180, "texture": "#4"},
				"west": {"uv": [8.5, 1.5, 7, 0], "rotation": 90, "texture": "#4"},
				"up": {"uv": [8, 2, 9, 3.5], "texture": "#4"},
				"down": {"uv": [7, 2, 8, 3.5], "rotation": 180, "texture": "#4"}
			}
		},
		{
			"name": "head_2nd_layer",
			"from": [2.63809, 4.3203, 1.33734],
			"to": [3.63809, 4.8203, 4.83734],
			"rotation": {"angle": 22.5, "axis": "x", "origin": [7.73195, 6.22824, 6.35206]},
			"faces": {
				"north": {"uv": [9, 0, 10, 0.5], "texture": "#4"},
				"east": {"uv": [7.5, 10.5, 7, 7], "rotation": 270, "texture": "#4"},
				"south": {"uv": [9, 1.5, 10, 1], "rotation": 180, "texture": "#4"},
				"west": {"uv": [2.5, 11.5, 2, 8], "rotation": 90, "texture": "#4"},
				"up": {"uv": [2, 4, 3, 7.5], "texture": "#4"},
				"down": {"uv": [4, 0, 5, 3.5], "rotation": 180, "texture": "#4"}
			}
		},
		{
			"name": "head_2nd_layer",
			"from": [3.606, 4.32055, 3.00506],
			"to": [4.605, 4.82005, 6.50156],
			"rotation": {"angle": 22.5, "axis": "x", "origin": [7.73195, 6.22824, 6.35206]},
			"faces": {
				"north": {"uv": [7, 4, 8, 4.5], "texture": "#4"},
				"east": {"uv": [1.5, 9.5, 1, 6], "rotation": 270, "texture": "#4"},
				"south": {"uv": [8, 8.5, 9, 8], "rotation": 180, "texture": "#4"},
				"west": {"uv": [6.5, 10.5, 6, 7], "rotation": 90, "texture": "#4"},
				"up": {"uv": [3, 0, 4, 3.5], "texture": "#4"},
				"down": {"uv": [2, 0, 3, 3.5], "rotation": 180, "texture": "#4"}
			}
		},
		{
			"name": "head_2nd_layer",
			"from": [9.71726, 7.3203, 6.99952],
			"to": [10.21726, 7.8203, 11.49952],
			"rotation": {"angle": 45, "axis": "y", "origin": [7.73195, 6.22824, 6.35206]},
			"faces": {
				"north": {"uv": [9.5, 9, 9, 9.5], "texture": "#4"},
				"east": {"uv": [6, 4.5, 6.5, 0], "rotation": 270, "texture": "#4"},
				"south": {"uv": [10.5, 0.5, 10, 0], "rotation": 180, "texture": "#4"},
				"west": {"uv": [5, 9.5, 5.5, 5], "rotation": 90, "texture": "#4"},
				"up": {"uv": [0.5, 6, 0, 10.5], "texture": "#4"},
				"down": {"uv": [5.5, 0, 5, 4.5], "rotation": 180, "texture": "#4"}
			}
		},
		{
			"name": "head_2nd_layer",
			"from": [10.21726, 7.3203, 6.74952],
			"to": [11.21726, 7.8203, 12.24952],
			"rotation": {"angle": 45, "axis": "y", "origin": [7.73195, 6.22824, 6.35206]},
			"faces": {
				"north": {"uv": [10, 2, 9, 2.5], "texture": "#4"},
				"east": {"uv": [4, 9.5, 4.5, 4], "rotation": 270, "texture": "#4"},
				"south": {"uv": [10, 3.5, 9, 3], "rotation": 180, "texture": "#4"},
				"west": {"uv": [3, 9.5, 3.5, 4], "rotation": 90, "texture": "#4"},
				"up": {"uv": [2, 0, 1, 5.5], "texture": "#4"},
				"down": {"uv": [1, 0, 0, 5.5], "rotation": 180, "texture": "#4"}
			}
		},
		{
			"name": "head_2nd_layer",
			"from": [10.71726, 7.3203, 12.24952],
			"to": [11.21726, 7.8203, 13.24952],
			"rotation": {"angle": 45, "axis": "y", "origin": [7.73195, 6.22824, 6.35206]},
			"faces": {
				"north": {"uv": [8.5, 9, 8, 9.5], "texture": "#4"},
				"east": {"uv": [9, 8, 9.5, 7], "rotation": 270, "texture": "#4"},
				"south": {"uv": [9.5, 8.5, 9, 8], "rotation": 180, "texture": "#4"},
				"west": {"uv": [9, 6, 9.5, 5], "rotation": 90, "texture": "#4"},
				"up": {"uv": [9.5, 6, 9, 7], "texture": "#4"},
				"down": {"uv": [9.5, 4, 9, 5], "rotation": 180, "texture": "#4"}
			}
		},
		{
			"name": "head_2nd_layer",
			"from": [9.67765, 6.8203, 3.94523],
			"to": [14.17765, 7.3203, 4.44523],
			"rotation": {"angle": -22.5, "axis": "y", "origin": [7.73195, 6.22824, 6.35206]},
			"faces": {
				"north": {"uv": [6, 4.5, 6.5, 0], "rotation": 270, "texture": "#4"},
				"east": {"uv": [10.5, 0.5, 10, 0], "rotation": 180, "texture": "#4"},
				"south": {"uv": [5, 9.5, 5.5, 5], "rotation": 90, "texture": "#4"},
				"west": {"uv": [9.5, 9, 9, 9.5], "texture": "#4"},
				"up": {"uv": [0.5, 6, 0, 10.5], "rotation": 270, "texture": "#4"},
				"down": {"uv": [5.5, 0, 5, 4.5], "rotation": 270, "texture": "#4"}
			}
		},
		{
			"name": "head_2nd_layer",
			"from": [10.54287, 6.8203, 2.92449],
			"to": [16.04287, 7.3203, 3.92449],
			"rotation": {"angle": -22.5, "axis": "y", "origin": [7.73195, 6.22824, 6.35206]},
			"faces": {
				"north": {"uv": [4, 9.5, 4.5, 4], "rotation": 270, "texture": "#4"},
				"east": {"uv": [10, 3.5, 9, 3], "rotation": 180, "texture": "#4"},
				"south": {"uv": [3, 9.5, 3.5, 4], "rotation": 90, "texture": "#4"},
				"west": {"uv": [10, 2, 9, 2.5], "texture": "#4"},
				"up": {"uv": [2, 0, 1, 5.5], "rotation": 270, "texture": "#4"},
				"down": {"uv": [1, 0, 0, 5.5], "rotation": 270, "texture": "#4"}
			}
		},
		{
			"name": "head_2nd_layer",
			"from": [16.04287, 6.8203, 2.92449],
			"to": [17.04287, 7.3203, 3.42449],
			"rotation": {"angle": -22.5, "axis": "y", "origin": [7.73195, 6.22824, 6.35206]},
			"faces": {
				"north": {"uv": [9, 8, 9.5, 7], "rotation": 270, "texture": "#4"},
				"east": {"uv": [9.5, 8.5, 9, 8], "rotation": 180, "texture": "#4"},
				"south": {"uv": [9, 6, 9.5, 5], "rotation": 90, "texture": "#4"},
				"west": {"uv": [8.5, 9, 8, 9.5], "texture": "#4"},
				"up": {"uv": [9.5, 6, 9, 7], "rotation": 270, "texture": "#4"},
				"down": {"uv": [9.5, 4, 9, 5], "rotation": 270, "texture": "#4"}
			}
		},
		{
			"name": "head_2nd_layer",
			"from": [11.49081, 7.8203, 6.14465],
			"to": [15.99081, 8.3203, 6.64465],
			"rotation": {"angle": 22.5, "axis": "y", "origin": [7.73195, 6.22824, 6.35206]},
			"faces": {
				"north": {"uv": [6, 4.5, 6.5, 0], "rotation": 270, "texture": "#4"},
				"east": {"uv": [10.5, 0.5, 10, 0], "rotation": 180, "texture": "#4"},
				"south": {"uv": [5, 9.5, 5.5, 5], "rotation": 90, "texture": "#4"},
				"west": {"uv": [9.5, 9, 9, 9.5], "texture": "#4"},
				"up": {"uv": [0.5, 6, 0, 10.5], "rotation": 270, "texture": "#4"},
				"down": {"uv": [5.5, 0, 5, 4.5], "rotation": 270, "texture": "#4"}
			}
		},
		{
			"name": "head_2nd_layer",
			"from": [11.24081, 7.8203, 5.14465],
			"to": [16.74081, 8.3203, 6.14465],
			"rotation": {"angle": 22.5, "axis": "y", "origin": [7.73195, 6.22824, 6.35206]},
			"faces": {
				"north": {"uv": [4, 9.5, 4.5, 4], "rotation": 270, "texture": "#4"},
				"east": {"uv": [10, 3.5, 9, 3], "rotation": 180, "texture": "#4"},
				"south": {"uv": [3, 9.5, 3.5, 4], "rotation": 90, "texture": "#4"},
				"west": {"uv": [10, 2, 9, 2.5], "texture": "#4"},
				"up": {"uv": [2, 0, 1, 5.5], "rotation": 270, "texture": "#4"},
				"down": {"uv": [1, 0, 0, 5.5], "rotation": 270, "texture": "#4"}
			}
		},
		{
			"name": "head_2nd_layer",
			"from": [16.74081, 7.8203, 5.14465],
			"to": [17.74081, 8.3203, 5.64465],
			"rotation": {"angle": 22.5, "axis": "y", "origin": [7.73195, 6.22824, 6.35206]},
			"faces": {
				"north": {"uv": [9, 8, 9.5, 7], "rotation": 270, "texture": "#4"},
				"east": {"uv": [9.5, 8.5, 9, 8], "rotation": 180, "texture": "#4"},
				"south": {"uv": [9, 6, 9.5, 5], "rotation": 90, "texture": "#4"},
				"west": {"uv": [8.5, 9, 8, 9.5], "texture": "#4"},
				"up": {"uv": [9.5, 6, 9, 7], "rotation": 270, "texture": "#4"},
				"down": {"uv": [9.5, 4, 9, 5], "rotation": 270, "texture": "#4"}
			}
		},
		{
			"name": "head_2nd_layer",
			"from": [-1.78162, 7.8203, 4.93949],
			"to": [-0.78162, 8.3203, 5.43949],
			"rotation": {"angle": -22.5, "axis": "y", "origin": [7.73195, 6.22824, 6.35206]},
			"faces": {
				"north": {"uv": [9, 7, 9.5, 8], "rotation": 270, "texture": "#4"},
				"east": {"uv": [8.5, 9.5, 8, 9], "rotation": 180, "texture": "#4"},
				"south": {"uv": [9, 5, 9.5, 6], "rotation": 90, "texture": "#4"},
				"west": {"uv": [9.5, 8, 9, 8.5], "texture": "#4"},
				"up": {"uv": [9.5, 7, 9, 6], "rotation": 270, "texture": "#4"},
				"down": {"uv": [9.5, 5, 9, 4], "rotation": 270, "texture": "#4"}
			}
		},
		{
			"name": "head_2nd_layer",
			"from": [4.62572, 7.3203, 6.37044],
			"to": [5.62572, 7.8203, 11.87044],
			"rotation": {"angle": -45, "axis": "y", "origin": [7.73195, 6.22824, 6.35206]},
			"faces": {
				"north": {"uv": [9, 2, 10, 2.5], "texture": "#4"},
				"east": {"uv": [3.5, 9.5, 3, 4], "rotation": 270, "texture": "#4"},
				"south": {"uv": [9, 3.5, 10, 3], "rotation": 180, "texture": "#4"},
				"west": {"uv": [4.5, 9.5, 4, 4], "rotation": 90, "texture": "#4"},
				"up": {"uv": [1, 0, 2, 5.5], "texture": "#4"},
				"down": {"uv": [0, 0, 1, 5.5], "rotation": 180, "texture": "#4"}
			}
		},
		{
			"name": "head_2nd_layer",
			"from": [4.62572, 7.3203, 11.87044],
			"to": [5.12572, 7.8203, 12.87044],
			"rotation": {"angle": -45, "axis": "y", "origin": [7.73195, 6.22824, 6.35206]},
			"faces": {
				"north": {"uv": [8, 9, 8.5, 9.5], "texture": "#4"},
				"east": {"uv": [9.5, 6, 9, 5], "rotation": 270, "texture": "#4"},
				"south": {"uv": [9, 8.5, 9.5, 8], "rotation": 180, "texture": "#4"},
				"west": {"uv": [9.5, 8, 9, 7], "rotation": 90, "texture": "#4"},
				"up": {"uv": [9, 6, 9.5, 7], "texture": "#4"},
				"down": {"uv": [9, 4, 9.5, 5], "rotation": 180, "texture": "#4"}
			}
		},
		{
			"name": "head_2nd_layer",
			"from": [1.78154, 6.8203, 4.15039],
			"to": [6.28154, 7.3203, 4.65039],
			"rotation": {"angle": 22.5, "axis": "y", "origin": [7.73195, 6.22824, 6.35206]},
			"faces": {
				"north": {"uv": [6, 0, 6.5, 4.5], "rotation": 270, "texture": "#4"},
				"east": {"uv": [9.5, 9.5, 9, 9], "rotation": 180, "texture": "#4"},
				"south": {"uv": [5, 5, 5.5, 9.5], "rotation": 90, "texture": "#4"},
				"west": {"uv": [10.5, 0, 10, 0.5], "texture": "#4"},
				"up": {"uv": [0.5, 10.5, 0, 6], "rotation": 270, "texture": "#4"},
				"down": {"uv": [5.5, 4.5, 5, 0], "rotation": 270, "texture": "#4"}
			}
		},
		{
			"name": "head_2nd_layer",
			"from": [-0.08368, 6.8203, 3.12965],
			"to": [5.41632, 7.3203, 4.12965],
			"rotation": {"angle": 22.5, "axis": "y", "origin": [7.73195, 6.22824, 6.35206]},
			"faces": {
				"north": {"uv": [4, 4, 4.5, 9.5], "rotation": 270, "texture": "#4"},
				"east": {"uv": [10, 2.5, 9, 2], "rotation": 180, "texture": "#4"},
				"south": {"uv": [3, 4, 3.5, 9.5], "rotation": 90, "texture": "#4"},
				"west": {"uv": [10, 3, 9, 3.5], "texture": "#4"},
				"up": {"uv": [2, 5.5, 1, 0], "rotation": 270, "texture": "#4"},
				"down": {"uv": [1, 5.5, 0, 0], "rotation": 270, "texture": "#4"}
			}
		},
		{
			"name": "head_2nd_layer",
			"from": [-1.08368, 6.8203, 3.12965],
			"to": [-0.08368, 7.3203, 3.62965],
			"rotation": {"angle": 22.5, "axis": "y", "origin": [7.73195, 6.22824, 6.35206]},
			"faces": {
				"north": {"uv": [9, 7, 9.5, 8], "rotation": 270, "texture": "#4"},
				"east": {"uv": [8.5, 9.5, 8, 9], "rotation": 180, "texture": "#4"},
				"south": {"uv": [9, 5, 9.5, 6], "rotation": 90, "texture": "#4"},
				"west": {"uv": [9.5, 8, 9, 8.5], "texture": "#4"},
				"up": {"uv": [9.5, 7, 9, 6], "rotation": 270, "texture": "#4"},
				"down": {"uv": [9.5, 5, 9, 4], "rotation": 270, "texture": "#4"}
			}
		},
		{
			"name": "head_2nd_layer",
			"from": [-0.03162, 7.8203, 5.93949],
			"to": [4.46838, 8.3203, 6.43949],
			"rotation": {"angle": -22.5, "axis": "y", "origin": [7.73195, 6.22824, 6.35206]},
			"faces": {
				"north": {"uv": [6, 0, 6.5, 4.5], "rotation": 270, "texture": "#4"},
				"east": {"uv": [9.5, 9.5, 9, 9], "rotation": 180, "texture": "#4"},
				"south": {"uv": [5, 5, 5.5, 9.5], "rotation": 90, "texture": "#4"},
				"west": {"uv": [10.5, 0, 10, 0.5], "texture": "#4"},
				"up": {"uv": [0.5, 10.5, 0, 6], "rotation": 270, "texture": "#4"},
				"down": {"uv": [5.5, 4.5, 5, 0], "rotation": 270, "texture": "#4"}
			}
		},
		{
			"name": "head_2nd_layer",
			"from": [-0.78162, 7.8203, 4.93949],
			"to": [4.71838, 8.3203, 5.93949],
			"rotation": {"angle": -22.5, "axis": "y", "origin": [7.73195, 6.22824, 6.35206]},
			"faces": {
				"north": {"uv": [4, 4, 4.5, 9.5], "rotation": 270, "texture": "#4"},
				"east": {"uv": [10, 2.5, 9, 2], "rotation": 180, "texture": "#4"},
				"south": {"uv": [3, 4, 3.5, 9.5], "rotation": 90, "texture": "#4"},
				"west": {"uv": [10, 3, 9, 3.5], "texture": "#4"},
				"up": {"uv": [2, 5.5, 1, 0], "rotation": 270, "texture": "#4"},
				"down": {"uv": [1, 5.5, 0, 0], "rotation": 270, "texture": "#4"}
			}
		},
		{
			"name": "head_2nd_layer",
			"from": [5.62572, 7.3203, 6.62044],
			"to": [6.12572, 7.8203, 11.12044],
			"rotation": {"angle": -45, "axis": "y", "origin": [7.73195, 6.22824, 6.35206]},
			"faces": {
				"north": {"uv": [9, 9, 9.5, 9.5], "texture": "#4"},
				"east": {"uv": [5.5, 9.5, 5, 5], "rotation": 270, "texture": "#4"},
				"south": {"uv": [10, 0.5, 10.5, 0], "rotation": 180, "texture": "#4"},
				"west": {"uv": [6.5, 4.5, 6, 0], "rotation": 90, "texture": "#4"},
				"up": {"uv": [0, 6, 0.5, 10.5], "texture": "#4"},
				"down": {"uv": [5, 0, 5.5, 4.5], "rotation": 180, "texture": "#4"}
			}
		}
	],
	"display": {
		"thirdperson_righthand": {
			"rotation": [90, 0, 0],
			"translation": [-6, -1.75, -3.5]
		},
		"thirdperson_lefthand": {
			"rotation": [90, 0, 0],
			"translation": [-6, -1.75, -3.5]
		},
		"head": {
			"translation": [0, -28.5, -24.75],
			"scale": [3.2, 3.2, 3.2]
		}
	},
	"groups": [
		{
			"name": "alex",
			"origin": [8, 8, 8],
			"color": 0,
			"children": [0, 1, 2, 3, 4, 5, 6, 7, 8, 9, 10, 11, 12]
		},
		{
			"name": "option",
			"origin": [0, 0, 0],
			"color": 0,
			"children": []
		},
		13,
		14,
		15,
		{
			"name": "group",
			"origin": [6.21194, 15.55866, 7.49],
			"color": 0,
			"children": [16, 17, 18]
		},
		{
			"name": "group",
			"origin": [6.21194, 15.55866, 7.49],
			"color": 0,
			"children": [19, 20, 21]
		},
		{
			"name": "group",
			"origin": [6.21194, 15.55866, 7.49],
			"color": 0,
			"children": [22, 23, 24]
		},
		{
			"name": "group",
			"origin": [9.78806, 10.55866, 7.49],
			"color": 0,
			"children": [25, 26, 27, 28, 29, 30, 31, 32, 33]
		}
	]
}