{
	"credit": "by yavu",
	"texture_size": [32, 32],
	"textures": {
		"1": "item/mob/stick/20160/base",
		"2": "item/mob/stick/20160/blade"
	},
	"elements": [
		{
			"from": [2.5, 0, 4],
			"to": [3.5, 2, 12],
			"rotation": {"angle": 0, "axis": "y", "origin": [-6, 0, 17]},
			"faces": {
				"north": {"uv": [7, 6, 6.5, 7], "texture": "#1"},
				"east": {"uv": [8, 2, 4, 3], "texture": "#1"},
				"south": {"uv": [6.5, 6, 6, 7], "texture": "#1"},
				"west": {"uv": [8, 3, 4, 4], "texture": "#1"},
				"up": {"uv": [4.5, 4, 4, 8], "texture": "#1"},
				"down": {"uv": [5, 8, 4.5, 4], "texture": "#1"}
			}
		},
		{
			"from": [3.5, 0, 2],
			"to": [7.5, 2, 14],
			"rotation": {"angle": 0, "axis": "y", "origin": [-6, 0, 16]},
			"faces": {
				"north": {"uv": [7, 5, 5, 6], "texture": "#1"},
				"east": {"uv": [10, 0, 4, 1], "texture": "#1"},
				"south": {"uv": [7, 4, 5, 5], "texture": "#1"},
				"west": {"uv": [10, 1, 4, 2], "texture": "#1"},
				"up": {"uv": [2, 0, 0, 6], "texture": "#1"},
				"down": {"uv": [4, 6, 2, 0], "texture": "#1"}
			}
		},
		{
			"from": [6.5, 1, 6],
			"to": [7.5, 3, 10],
			"rotation": {"angle": 0, "axis": "y", "origin": [7.5, 2, 8.5]},
			"faces": {
				"north": {"uv": [1, 7, 0.5, 8], "texture": "#1"},
				"east": {"uv": [2, 6, 0, 7], "texture": "#1"},
				"south": {"uv": [0.5, 7, 0, 8], "texture": "#1"},
				"west": {"uv": [4, 6, 2, 7], "texture": "#1"},
				"up": {"uv": [5.5, 6, 5, 8], "texture": "#1"},
				"down": {"uv": [6, 8, 5.5, 6], "texture": "#1"}
			}
		},
		{
			"from": [12.5, 0, 4],
			"to": [13.5, 2, 12],
			"rotation": {"angle": 0, "axis": "y", "origin": [22, 0, 17]},
			"faces": {
				"north": {"uv": [6.5, 6, 7, 7], "texture": "#1"},
				"east": {"uv": [4, 3, 8, 4], "texture": "#1"},
				"south": {"uv": [6, 6, 6.5, 7], "texture": "#1"},
				"west": {"uv": [4, 2, 8, 3], "texture": "#1"},
				"up": {"uv": [4, 4, 4.5, 8], "texture": "#1"},
				"down": {"uv": [4.5, 8, 5, 4], "texture": "#1"}
			}
		},
		{
			"from": [8.5, 0, 2],
			"to": [12.5, 2, 14],
			"rotation": {"angle": 0, "axis": "y", "origin": [22, 0, 16]},
			"faces": {
				"north": {"uv": [5, 5, 7, 6], "texture": "#1"},
				"east": {"uv": [4, 1, 10, 2], "texture": "#1"},
				"south": {"uv": [5, 4, 7, 5], "texture": "#1"},
				"west": {"uv": [4, 0, 10, 1], "texture": "#1"},
				"up": {"uv": [0, 0, 2, 6], "texture": "#1"},
				"down": {"uv": [2, 6, 4, 0], "texture": "#1"}
			}
		},
		{
			"from": [8.5, 1, 6],
			"to": [9.5, 3, 10],
			"rotation": {"angle": 0, "axis": "y", "origin": [8.5, 2, 8.5]},
			"faces": {
				"north": {"uv": [0.5, 7, 1, 8], "texture": "#1"},
				"east": {"uv": [2, 6, 4, 7], "texture": "#1"},
				"south": {"uv": [0, 7, 0.5, 8], "texture": "#1"},
				"west": {"uv": [0, 6, 2, 7], "texture": "#1"},
				"up": {"uv": [5, 6, 5.5, 8], "texture": "#1"},
				"down": {"uv": [5.5, 8, 6, 6], "texture": "#1"}
			}
		},
		{
			"name": "a_0",
			"from": [7.5, -1, 0],
			"to": [8.5, 3, 16],
			"rotation": {"angle": 0, "axis": "y", "origin": [8, 1, 8]},
			"faces": {
				"north": {"uv": [6, 16, 10, 15], "rotation": 270, "texture": "#2"},
				"east": {"uv": [6, 0, 10, 16], "rotation": 270, "texture": "#2"},
				"south": {"uv": [10, 1, 6, 0], "rotation": 90, "texture": "#2"},
				"west": {"uv": [6, 16, 10, 0], "rotation": 270, "texture": "#2"},
				"up": {"uv": [9, 16, 10, 0], "texture": "#2"},
				"down": {"uv": [6, 16, 7, 0], "rotation": 180, "texture": "#2"}
			}
		},
		{
			"name": "a_1",
			"from": [7.5, -3, 1],
			"to": [8.5, -1, 15],
			"rotation": {"angle": 0, "axis": "y", "origin": [8, 1, 8]},
			"faces": {
				"north": {"uv": [4, 15, 6, 14], "rotation": 270, "texture": "#2"},
				"east": {"uv": [4, 1, 6, 15], "rotation": 270, "texture": "#2"},
				"south": {"uv": [6, 2, 4, 1], "rotation": 90, "texture": "#2"},
				"west": {"uv": [4, 15, 6, 1], "rotation": 270, "texture": "#2"},
				"up": {"uv": [5, 15, 6, 1], "texture": "#2"},
				"down": {"uv": [4, 15, 5, 1], "rotation": 180, "texture": "#2"}
			}
		},
		{
			"name": "a_2",
			"from": [7.5, 3, 1],
			"to": [8.5, 5, 15],
			"rotation": {"angle": 0, "axis": "y", "origin": [8, 1, 8]},
			"faces": {
				"north": {"uv": [10, 15, 12, 14], "rotation": 270, "texture": "#2"},
				"east": {"uv": [10, 1, 12, 15], "rotation": 270, "texture": "#2"},
				"south": {"uv": [12, 2, 10, 1], "rotation": 90, "texture": "#2"},
				"west": {"uv": [10, 15, 12, 1], "rotation": 270, "texture": "#2"},
				"up": {"uv": [11, 15, 12, 1], "texture": "#2"},
				"down": {"uv": [10, 15, 11, 1], "rotation": 180, "texture": "#2"}
			}
		},
		{
			"name": "a_3",
			"from": [7.5, -4, 2],
			"to": [8.5, -3, 14],
			"rotation": {"angle": 0, "axis": "y", "origin": [8, 1, 8]},
			"faces": {
				"north": {"uv": [3, 14, 4, 13], "rotation": 270, "texture": "#2"},
				"east": {"uv": [3, 2, 4, 14], "rotation": 270, "texture": "#2"},
				"south": {"uv": [4, 3, 3, 2], "rotation": 90, "texture": "#2"},
				"west": {"uv": [3, 14, 4, 2], "rotation": 270, "texture": "#2"},
				"up": {"uv": [3, 14, 4, 2], "texture": "#2"},
				"down": {"uv": [3, 14, 4, 2], "rotation": 180, "texture": "#2"}
			}
		},
		{
			"name": "a_4",
			"from": [7.5, 5, 2],
			"to": [8.5, 6, 14],
			"rotation": {"angle": 0, "axis": "y", "origin": [8, 1, 8]},
			"faces": {
				"north": {"uv": [12, 14, 13, 13], "rotation": 270, "texture": "#2"},
				"east": {"uv": [12, 2, 13, 14], "rotation": 270, "texture": "#2"},
				"south": {"uv": [13, 3, 12, 2], "rotation": 90, "texture": "#2"},
				"west": {"uv": [12, 14, 13, 2], "rotation": 270, "texture": "#2"},
				"up": {"uv": [12, 14, 13, 2], "texture": "#2"},
				"down": {"uv": [12, 14, 13, 2], "rotation": 180, "texture": "#2"}
			}
		},
		{
			"name": "a_5",
			"from": [7.5, -5, 3],
			"to": [8.5, -4, 13],
			"rotation": {"angle": 0, "axis": "y", "origin": [8, 1, 8]},
			"faces": {
				"north": {"uv": [2, 13, 3, 12], "rotation": 270, "texture": "#2"},
				"east": {"uv": [2, 3, 3, 13], "rotation": 270, "texture": "#2"},
				"south": {"uv": [3, 4, 2, 3], "rotation": 90, "texture": "#2"},
				"west": {"uv": [2, 13, 3, 3], "rotation": 270, "texture": "#2"},
				"up": {"uv": [2, 13, 3, 3], "texture": "#2"},
				"down": {"uv": [2, 13, 3, 3], "rotation": 180, "texture": "#2"}
			}
		},
		{
			"name": "a_6",
			"from": [7.5, 6, 3],
			"to": [8.5, 7, 13],
			"rotation": {"angle": 0, "axis": "y", "origin": [8, 1, 8]},
			"faces": {
				"north": {"uv": [13, 13, 14, 12], "rotation": 270, "texture": "#2"},
				"east": {"uv": [13, 3, 14, 13], "rotation": 270, "texture": "#2"},
				"south": {"uv": [14, 4, 13, 3], "rotation": 90, "texture": "#2"},
				"west": {"uv": [13, 13, 14, 3], "rotation": 270, "texture": "#2"},
				"up": {"uv": [13, 13, 14, 3], "texture": "#2"},
				"down": {"uv": [13, 13, 14, 3], "rotation": 180, "texture": "#2"}
			}
		},
		{
			"name": "a_7",
			"from": [7.5, -6, 4],
			"to": [8.5, -5, 12],
			"rotation": {"angle": 0, "axis": "y", "origin": [8, 1, 8]},
			"faces": {
				"north": {"uv": [1, 12, 2, 11], "rotation": 270, "texture": "#2"},
				"east": {"uv": [1, 4, 2, 12], "rotation": 270, "texture": "#2"},
				"south": {"uv": [2, 5, 1, 4], "rotation": 90, "texture": "#2"},
				"west": {"uv": [1, 12, 2, 4], "rotation": 270, "texture": "#2"},
				"up": {"uv": [1, 12, 2, 4], "texture": "#2"},
				"down": {"uv": [1, 12, 2, 4], "rotation": 180, "texture": "#2"}
			}
		},
		{
			"name": "a_8",
			"from": [7.5, 7, 4],
			"to": [8.5, 8, 12],
			"rotation": {"angle": 0, "axis": "y", "origin": [8, 1, 8]},
			"faces": {
				"north": {"uv": [14, 12, 15, 11], "rotation": 270, "texture": "#2"},
				"east": {"uv": [14, 4, 15, 12], "rotation": 270, "texture": "#2"},
				"south": {"uv": [15, 5, 14, 4], "rotation": 90, "texture": "#2"},
				"west": {"uv": [14, 12, 15, 4], "rotation": 270, "texture": "#2"},
				"up": {"uv": [14, 12, 15, 4], "texture": "#2"},
				"down": {"uv": [14, 12, 15, 4], "rotation": 180, "texture": "#2"}
			}
		},
		{
			"name": "a_9",
			"from": [7.5, -7, 6],
			"to": [8.5, -6, 10],
			"rotation": {"angle": 0, "axis": "y", "origin": [8, 1, 8]},
			"faces": {
				"north": {"uv": [0, 10, 1, 9], "rotation": 270, "texture": "#2"},
				"east": {"uv": [0, 6, 1, 10], "rotation": 270, "texture": "#2"},
				"south": {"uv": [1, 7, 0, 6], "rotation": 90, "texture": "#2"},
				"west": {"uv": [0, 10, 1, 6], "rotation": 270, "texture": "#2"},
				"up": {"uv": [0, 10, 1, 6], "texture": "#2"},
				"down": {"uv": [0, 10, 1, 6], "rotation": 180, "texture": "#2"}
			}
		},
		{
			"name": "a_10",
			"from": [7.5, 8, 6],
			"to": [8.5, 9, 10],
			"rotation": {"angle": 0, "axis": "y", "origin": [8, 1, 8]},
			"faces": {
				"north": {"uv": [15, 10, 16, 9], "rotation": 270, "texture": "#2"},
				"east": {"uv": [15, 6, 16, 10], "rotation": 270, "texture": "#2"},
				"south": {"uv": [16, 7, 15, 6], "rotation": 90, "texture": "#2"},
				"west": {"uv": [15, 10, 16, 6], "rotation": 270, "texture": "#2"},
				"up": {"uv": [15, 10, 16, 6], "texture": "#2"},
				"down": {"uv": [15, 10, 16, 6], "rotation": 180, "texture": "#2"}
			}
		}
	],
	"display": {
		"head": {
			"rotation": [-90, 0, 0],
			"translation": [0, -29.5, -22],
			"scale": [3.32, 3.32, 3.32]
		}
	},
	"groups": [
		0,
		1,
		2,
		3,
		4,
		5,
		{
			"name": "a",
			"origin": [8, 8, 8],
			"color": 0,
			"children": [6, 7, 8, 9, 10, 11, 12, 13, 14, 15, 16]
		}
	]
}