{
	"credit": "Made with Blockbench",
	"textures": {
		"0": "item/mob/stick/20176/walleye",
		"particle": "item/mob/stick/20176/walleye"
	},
	"elements": [
		{
			"name": "hexadecagon",
			"from": [7.82098, 0.1, 2],
			"to": [8.17902, 1.9, 14],
			"rotation": {"angle": -45, "axis": "z", "origin": [8, 1, 15.5]},
			"faces": {
				"north": {"uv": [5.5, 10, 7.3, 10.35804], "rotation": 90, "texture": "#0"},
				"east": {"uv": [2, 0, 14, 0.35804], "rotation": 90, "texture": "#0"},
				"south": {"uv": [5, 11, 6.8, 11.35804], "rotation": 90, "texture": "#0"},
				"west": {"uv": [2, 3, 14, 4.8], "rotation": 180, "texture": "#0"},
				"up": {"uv": [2, 2, 14, 2.35804], "rotation": 90, "texture": "#0"},
				"down": {"uv": [14, 1, 2, 1.35804], "rotation": 90, "texture": "#0"}
			}
		},
		{
			"name": "hexadecagon",
			"from": [7.82098, 0.1, 2],
			"to": [8.17902, 1.9, 14],
			"rotation": {"angle": -22.5, "axis": "z", "origin": [8, 1, 15.5]},
			"faces": {
				"north": {"uv": [4, 11, 5.8, 11.35804], "rotation": 90, "texture": "#0"},
				"east": {"uv": [3, 0, 15, 1.8], "texture": "#0"},
				"south": {"uv": [6, 10.5, 7.8, 10.85804], "rotation": 90, "texture": "#0"},
				"west": {"uv": [2, 0, 14, 1.8], "texture": "#0"},
				"up": {"uv": [2, 0, 14, 0.35804], "rotation": 90, "texture": "#0"},
				"down": {"uv": [14, 0, 2, 0.35804], "rotation": 90, "texture": "#0"}
			}
		},
		{
			"name": "hexadecagon",
			"from": [7.82098, 0.1, 2],
			"to": [8.17902, 1.9, 14],
			"rotation": {"angle": 0, "axis": "y", "origin": [8, 1, 15.5]},
			"faces": {
				"north": {"uv": [4.5, 10, 4.85804, 11.8], "texture": "#0"},
				"east": {"uv": [2, 0.5, 14, 2.3], "texture": "#0"},
				"south": {"uv": [5.5, 10, 5.85804, 11.8], "texture": "#0"},
				"west": {"uv": [2, 2.5, 14, 4.3], "texture": "#0"},
				"up": {"uv": [2, 1, 14, 1.35804], "rotation": 90, "texture": "#0"},
				"down": {"uv": [14, 1.5, 2, 1.85804], "rotation": 90, "texture": "#0"}
			}
		},
		{
			"name": "hexadecagon",
			"from": [7.82098, 0.1, 2],
			"to": [8.17902, 1.9, 14],
			"rotation": {"angle": 22.5, "axis": "z", "origin": [8, 1, 15.5]},
			"faces": {
				"north": {"uv": [5, 10, 5.35804, 11.8], "texture": "#0"},
				"east": {"uv": [2, 0, 14, 1.8], "texture": "#0"},
				"south": {"uv": [7.5, 10, 7.85804, 11.8], "texture": "#0"},
				"west": {"uv": [2, 1.5, 14, 3.3], "texture": "#0"},
				"up": {"uv": [2, 4.5, 14, 4.85804], "rotation": 90, "texture": "#0"},
				"down": {"uv": [2, 6, 14, 6.35804], "rotation": 270, "texture": "#0"}
			}
		},
		{
			"name": "hexadecagon",
			"from": [7.82098, 0.1, 2],
			"to": [8.17902, 1.9, 14],
			"rotation": {"angle": 45, "axis": "z", "origin": [8, 1, 15.5]},
			"faces": {
				"north": {"uv": [5, 10, 5.35804, 11.8], "texture": "#0"},
				"east": {"uv": [2, 2.5, 14, 4.3], "texture": "#0"},
				"south": {"uv": [7.5, 10, 7.85804, 11.8], "texture": "#0"},
				"west": {"uv": [2, 4, 14, 5.8], "texture": "#0"},
				"up": {"uv": [2, 1, 14, 1.35804], "rotation": 90, "texture": "#0"},
				"down": {"uv": [2, 4.5, 14, 4.85804], "rotation": 270, "texture": "#0"}
			}
		},
		{
			"name": "hexadecagon",
			"from": [7.1, 0.82098, 2],
			"to": [8.9, 1.17902, 14],
			"rotation": {"angle": -22.5, "axis": "z", "origin": [8, 1, 15.5]},
			"faces": {
				"north": {"uv": [5.5, 10.5, 7.3, 10.85804], "texture": "#0"},
				"east": {"uv": [2, 3, 14, 3.35804], "rotation": 180, "texture": "#0"},
				"south": {"uv": [6, 10, 7.8, 10.35804], "texture": "#0"},
				"west": {"uv": [2, 4.5, 14, 4.85804], "texture": "#0"},
				"up": {"uv": [2, 1.5, 14, 3.3], "rotation": 90, "texture": "#0"},
				"down": {"uv": [2, 1, 14, 2.8], "rotation": 90, "texture": "#0"}
			}
		},
		{
			"name": "hexadecagon",
			"from": [7.1, 0.82098, 2],
			"to": [8.9, 1.17902, 14],
			"rotation": {"angle": 0, "axis": "y", "origin": [8, 1, 15.5]},
			"faces": {
				"north": {"uv": [5, 10.5, 6.8, 10.85804], "texture": "#0"},
				"east": {"uv": [2, 2, 14, 2.35804], "rotation": 180, "texture": "#0"},
				"south": {"uv": [4, 11.5, 5.8, 11.85804], "texture": "#0"},
				"west": {"uv": [2, 6, 14, 6.35804], "texture": "#0"},
				"up": {"uv": [2, 2, 14, 3.8], "rotation": 90, "texture": "#0"},
				"down": {"uv": [2, 2.5, 14, 4.3], "rotation": 90, "texture": "#0"}
			}
		},
		{
			"name": "hexadecagon",
			"from": [7.1, 0.82098, 2],
			"to": [8.9, 1.17902, 14],
			"rotation": {"angle": 22.5, "axis": "z", "origin": [8, 1, 15.5]},
			"faces": {
				"north": {"uv": [5, 11, 6.8, 11.35804], "texture": "#0"},
				"east": {"uv": [14, 2, 2, 2.35804], "texture": "#0"},
				"south": {"uv": [5, 10.5, 6.8, 10.85804], "texture": "#0"},
				"west": {"uv": [2, 7, 14, 7.35804], "texture": "#0"},
				"up": {"uv": [2, 0.5, 14, 2.3], "rotation": 90, "texture": "#0"},
				"down": {"uv": [2, 3, 14, 4.8], "rotation": 90, "texture": "#0"}
			}
		},
		{
			"name": "hexadecagon",
			"from": [7.86573, 0.325, 1.125],
			"to": [8.13427, 1.675, 2],
			"rotation": {"angle": -45, "axis": "z", "origin": [8, 1, 3.125]},
			"faces": {
				"north": {"uv": [13, 8.375, 13.26853, 11.625], "texture": "#0"},
				"east": {"uv": [2, 0, 2.875, 1.35], "texture": "#0"},
				"south": {"uv": [7.5, 10, 7.76853, 11.35], "texture": "#0"},
				"west": {"uv": [1.5, 2, 2.375, 3.35], "texture": "#0"},
				"up": {"uv": [1, 1, 1.26853, 1.875], "texture": "#0"},
				"down": {"uv": [1, 5, 1.26853, 5.875], "texture": "#0"}
			}
		},
		{
			"name": "hexadecagon",
			"from": [7.86573, 0.325, 1.125],
			"to": [8.13427, 1.675, 2],
			"rotation": {"angle": -22.5, "axis": "z", "origin": [8, 1, 3.125]},
			"faces": {
				"north": {"uv": [13, 8.375, 13.26853, 11.625], "texture": "#0"},
				"east": {"uv": [1, 4.5, 1.875, 5.85], "texture": "#0"},
				"south": {"uv": [1.5, 3.5, 1.76853, 4.85], "texture": "#0"},
				"west": {"uv": [1, 0, 1.875, 1.35], "texture": "#0"},
				"up": {"uv": [0.5, 3, 0.76853, 3.875], "texture": "#0"},
				"down": {"uv": [1, 1.5, 1.26853, 2.375], "texture": "#0"}
			}
		},
		{
			"name": "hexadecagon",
			"from": [7.86573, 0.325, 1.125],
			"to": [8.13427, 1.675, 2],
			"rotation": {"angle": 0, "axis": "y", "origin": [8, 1, 3.125]},
			"faces": {
				"north": {"uv": [13, 8.375, 13.26853, 11.625], "texture": "#0"},
				"east": {"uv": [1.5, 3, 2.375, 4.35], "texture": "#0"},
				"south": {"uv": [1.5, 5, 1.76853, 6.35], "texture": "#0"},
				"west": {"uv": [0.5, 0.5, 1.375, 1.85], "texture": "#0"},
				"up": {"uv": [1.5, 3, 1.76853, 3.875], "texture": "#0"},
				"down": {"uv": [1.5, 1, 1.76853, 1.875], "texture": "#0"}
			}
		},
		{
			"name": "hexadecagon",
			"from": [7.86573, 0.325, 1.125],
			"to": [8.13427, 1.675, 2],
			"rotation": {"angle": 22.5, "axis": "z", "origin": [8, 1, 3.125]},
			"faces": {
				"north": {"uv": [13, 8.375, 13.26853, 11.625], "texture": "#0"},
				"east": {"uv": [1.5, 0.5, 2.375, 1.85], "texture": "#0"},
				"south": {"uv": [1.5, 4.5, 1.76853, 5.85], "texture": "#0"},
				"west": {"uv": [1, 0.5, 1.875, 1.85], "texture": "#0"},
				"up": {"uv": [2, 2, 2.26853, 2.875], "texture": "#0"},
				"down": {"uv": [0.5, 1, 0.76853, 1.875], "texture": "#0"}
			}
		},
		{
			"name": "hexadecagon",
			"from": [7.86573, 0.325, 1.125],
			"to": [8.13427, 1.675, 2],
			"rotation": {"angle": 45, "axis": "z", "origin": [8, 1, 3.125]},
			"faces": {
				"north": {"uv": [13, 8.375, 13.26853, 11.625], "texture": "#0"},
				"east": {"uv": [1.5, 0.5, 2.375, 1.85], "texture": "#0"},
				"south": {"uv": [1.5, 2, 1.76853, 3.35], "texture": "#0"},
				"west": {"uv": [0.5, 4.5, 1.375, 5.85], "texture": "#0"},
				"up": {"uv": [2, 5, 2.26853, 5.875], "texture": "#0"},
				"down": {"uv": [1.5, 6, 1.76853, 6.875], "texture": "#0"}
			}
		},
		{
			"name": "hexadecagon",
			"from": [7.325, 0.86573, 1.125],
			"to": [8.675, 1.13427, 2],
			"rotation": {"angle": -22.5, "axis": "z", "origin": [8, 1, 3.125]},
			"faces": {
				"north": {"uv": [13.475, 8.375, 13.74353, 11.625], "rotation": 90, "texture": "#0"},
				"east": {"uv": [0.5, 1.5, 1.375, 1.76853], "texture": "#0"},
				"south": {"uv": [0.5, 1, 1.85, 1.26853], "texture": "#0"},
				"west": {"uv": [1, 3.5, 1.875, 3.76853], "texture": "#0"},
				"up": {"uv": [1, 2, 2.35, 2.875], "texture": "#0"},
				"down": {"uv": [0.5, 3, 1.85, 3.875], "texture": "#0"}
			}
		},
		{
			"name": "hexadecagon",
			"from": [7.325, 0.86573, 1.125],
			"to": [8.675, 1.13427, 2],
			"rotation": {"angle": 0, "axis": "y", "origin": [8, 1, 3.125]},
			"faces": {
				"north": {"uv": [13.475, 8.375, 13.74353, 11.625], "rotation": 90, "texture": "#0"},
				"east": {"uv": [0.5, 1.5, 1.375, 1.76853], "texture": "#0"},
				"south": {"uv": [0.5, 1, 1.85, 1.26853], "texture": "#0"},
				"west": {"uv": [0.5, 2, 1.375, 2.26853], "texture": "#0"},
				"up": {"uv": [1, 1.5, 2.35, 2.375], "texture": "#0"},
				"down": {"uv": [1, 1.5, 2.35, 2.375], "texture": "#0"}
			}
		},
		{
			"name": "hexadecagon",
			"from": [7.325, 0.86573, 1.125],
			"to": [8.675, 1.13427, 2],
			"rotation": {"angle": 22.5, "axis": "z", "origin": [8, 1, 3.125]},
			"faces": {
				"north": {"uv": [13.475, 8.375, 13.74353, 11.625], "rotation": 90, "texture": "#0"},
				"east": {"uv": [0.5, 6.5, 1.375, 6.76853], "texture": "#0"},
				"south": {"uv": [0.5, 7.5, 1.85, 7.76853], "texture": "#0"},
				"west": {"uv": [0.5, 6, 1.375, 6.26853], "texture": "#0"},
				"up": {"uv": [1.5, 6, 2.85, 6.875], "texture": "#0"},
				"down": {"uv": [0.5, 5.5, 1.85, 6.375], "texture": "#0"}
			}
		},
		{
			"name": "hexadecagon",
			"from": [7.91049, 0.55, 0.75],
			"to": [8.08951, 1.45, 1.25],
			"rotation": {"angle": -45, "axis": "z", "origin": [8, 1, 2]},
			"faces": {
				"north": {"uv": [10, 8, 10.17902, 12], "texture": "#0"},
				"east": {"uv": [10.5, 10, 11, 10.9], "texture": "#0"},
				"south": {"uv": [9, 9, 9.17902, 9.9], "texture": "#0"},
				"west": {"uv": [10.5, 9, 11, 9.9], "texture": "#0"},
				"up": {"uv": [0, 0, 0.17902, 0.5], "texture": "#0"},
				"down": {"uv": [0, 0, 0.17902, 0.5], "texture": "#0"}
			}
		},
		{
			"name": "hexadecagon",
			"from": [7.91049, 0.55, 0.75],
			"to": [8.08951, 1.45, 1.25],
			"rotation": {"angle": -22.5, "axis": "z", "origin": [8, 1, 2]},
			"faces": {
				"north": {"uv": [10, 8, 10.17902, 12], "texture": "#0"},
				"east": {"uv": [10.5, 9.5, 11, 10.4], "texture": "#0"},
				"south": {"uv": [9, 9, 9.17902, 9.9], "texture": "#0"},
				"west": {"uv": [9, 9.5, 9.5, 10.4], "texture": "#0"},
				"up": {"uv": [0, 0, 0.17902, 0.5], "texture": "#0"},
				"down": {"uv": [1.5, 4.5, 1.67902, 5], "texture": "#0"}
			}
		},
		{
			"name": "hexadecagon",
			"from": [7.91049, 0.55, 0.75],
			"to": [8.08951, 1.45, 1.25],
			"rotation": {"angle": 0, "axis": "y", "origin": [8, 1, 2]},
			"faces": {
				"north": {"uv": [10, 8, 10.17902, 12], "texture": "#0"},
				"east": {"uv": [10.5, 9.5, 11, 10.4], "texture": "#0"},
				"south": {"uv": [10.5, 9, 10.67902, 9.9], "texture": "#0"},
				"west": {"uv": [9, 9, 9.5, 9.9], "texture": "#0"},
				"up": {"uv": [1, 2, 1.17902, 2.5], "texture": "#0"},
				"down": {"uv": [1.5, 5, 1.67902, 5.5], "texture": "#0"}
			}
		},
		{
			"name": "hexadecagon",
			"from": [7.91049, 0.55, 0.75],
			"to": [8.08951, 1.45, 1.25],
			"rotation": {"angle": 22.5, "axis": "z", "origin": [8, 1, 2]},
			"faces": {
				"north": {"uv": [10.5, 8, 10.67902, 12], "texture": "#0"},
				"east": {"uv": [10, 9, 10.5, 9.9], "texture": "#0"},
				"south": {"uv": [9.5, 9, 9.67902, 9.9], "texture": "#0"},
				"west": {"uv": [9, 10.5, 9.5, 11.4], "texture": "#0"},
				"up": {"uv": [2, 2.5, 2.17902, 3], "texture": "#0"},
				"down": {"uv": [1.5, 6, 1.67902, 6.5], "texture": "#0"}
			}
		},
		{
			"name": "hexadecagon",
			"from": [7.91049, 0.55, 0.75],
			"to": [8.08951, 1.45, 1.25],
			"rotation": {"angle": 45, "axis": "z", "origin": [8, 1, 2]},
			"faces": {
				"north": {"uv": [10, 8, 10.17902, 12], "texture": "#0"},
				"east": {"uv": [9.5, 9, 10, 9.9], "texture": "#0"},
				"south": {"uv": [10.5, 9.5, 10.67902, 10.4], "texture": "#0"},
				"west": {"uv": [9.5, 9.5, 10, 10.4], "texture": "#0"},
				"up": {"uv": [1, 4, 1.17902, 4.5], "texture": "#0"},
				"down": {"uv": [2, 7, 2.17902, 7.5], "texture": "#0"}
			}
		},
		{
			"name": "hexadecagon",
			"from": [7.55, 0.91049, 0.75],
			"to": [8.45, 1.08951, 1.25],
			"rotation": {"angle": -22.5, "axis": "z", "origin": [8, 1, 2]},
			"faces": {
				"north": {"uv": [9, 8.1, 9.17902, 12], "rotation": 90, "texture": "#0"},
				"east": {"uv": [2, 5.1, 2.17902, 5.6], "rotation": 90, "texture": "#0"},
				"south": {"uv": [9.5, 9.1, 9.67902, 10], "rotation": 90, "texture": "#0"},
				"west": {"uv": [1.5, 2.6, 1.67902, 3.1], "rotation": 90, "texture": "#0"},
				"up": {"uv": [10.5, 8.6, 11, 9.5], "rotation": 90, "texture": "#0"},
				"down": {"uv": [10, 9.6, 10.5, 10.5], "rotation": 90, "texture": "#0"}
			}
		},
		{
			"name": "hexadecagon",
			"from": [7.55, 0.91049, 0.75],
			"to": [8.45, 1.08951, 1.25],
			"rotation": {"angle": 0, "axis": "y", "origin": [8, 1, 2]},
			"faces": {
				"north": {"uv": [10.9875, 8.1, 11.16652, 12], "rotation": 90, "texture": "#0"},
				"east": {"uv": [6.4875, 6.6, 6.66652, 7.1], "rotation": 90, "texture": "#0"},
				"south": {"uv": [8.9875, 9.1, 9.16652, 10], "rotation": 90, "texture": "#0"},
				"west": {"uv": [1.9875, 4.1, 2.16652, 4.6], "rotation": 90, "texture": "#0"},
				"up": {"uv": [9.9875, 10.1, 10.4875, 11], "rotation": 90, "texture": "#0"},
				"down": {"uv": [9.9875, 9.1, 10.4875, 10], "rotation": 90, "texture": "#0"}
			}
		},
		{
			"name": "hexadecagon",
			"from": [7.55, 0.91049, 0.75],
			"to": [8.45, 1.08951, 1.25],
			"rotation": {"angle": 22.5, "axis": "z", "origin": [8, 1, 2]},
			"faces": {
				"north": {"uv": [9.5, 8.1, 9.67902, 12], "rotation": 90, "texture": "#0"},
				"east": {"uv": [0, 0, 0.5, 0.17902], "texture": "#0"},
				"south": {"uv": [9.5, 9.5, 10.4, 9.67902], "texture": "#0"},
				"west": {"uv": [1.5, 5, 2, 5.17902], "texture": "#0"},
				"up": {"uv": [10, 10, 10.9, 10.5], "texture": "#0"},
				"down": {"uv": [10, 9, 10.9, 9.5], "texture": "#0"}
			}
		},
		{
			"name": "hexadecagon",
			"from": [7.86573, 0.325, 14],
			"to": [8.13427, 1.675, 15],
			"rotation": {"angle": -45, "axis": "z", "origin": [8, 1, 24.125]},
			"faces": {
				"north": {"uv": [15, 4.5, 15.26853, 5.85], "texture": "#0"},
				"east": {"uv": [15, 4.5, 16, 5.85], "texture": "#0"},
				"south": {"uv": [15, 4.5, 15.26853, 5.85], "texture": "#0"},
				"west": {"uv": [15, 4.5, 16, 5.85], "texture": "#0"},
				"up": {"uv": [15, 4.5, 15.26853, 5.5], "texture": "#0"},
				"down": {"uv": [15, 4.5, 15.26853, 5.5], "texture": "#0"}
			}
		},
		{
			"name": "hexadecagon",
			"from": [7.86573, 0.325, 14],
			"to": [8.13427, 1.675, 15],
			"rotation": {"angle": -22.5, "axis": "z", "origin": [8, 1, 24.125]},
			"faces": {
				"north": {"uv": [14.5, 4.5, 15.85, 4.76853], "rotation": 90, "texture": "#0"},
				"east": {"uv": [14.5, 4.5, 15.85, 5.5], "rotation": 90, "texture": "#0"},
				"south": {"uv": [14.5, 4.5, 15.85, 4.76853], "rotation": 90, "texture": "#0"},
				"west": {"uv": [14.5, 4.5, 15.85, 5.5], "rotation": 90, "texture": "#0"},
				"up": {"uv": [14.5, 4.5, 15.5, 4.76853], "rotation": 90, "texture": "#0"},
				"down": {"uv": [14.5, 4.5, 15.5, 4.76853], "rotation": 90, "texture": "#0"}
			}
		},
		{
			"name": "hexadecagon",
			"from": [7.86573, 0.325, 14],
			"to": [8.13427, 1.675, 15],
			"rotation": {"angle": 0, "axis": "y", "origin": [8, 1, 24.125]},
			"faces": {
				"north": {"uv": [15, 3, 15.26853, 4.35], "texture": "#0"},
				"east": {"uv": [14.5, 3, 15.5, 4.35], "texture": "#0"},
				"south": {"uv": [15, 3, 15.26853, 4.35], "texture": "#0"},
				"west": {"uv": [14.5, 3, 15.5, 4.35], "texture": "#0"},
				"up": {"uv": [14.5, 3, 14.76853, 4], "texture": "#0"},
				"down": {"uv": [15, 3, 15.26853, 4], "texture": "#0"}
			}
		},
		{
			"name": "hexadecagon",
			"from": [7.86573, 0.325, 14],
			"to": [8.13427, 1.675, 15],
			"rotation": {"angle": 22.5, "axis": "z", "origin": [8, 1, 24.125]},
			"faces": {
				"north": {"uv": [14.5, 1, 14.76853, 2.35], "texture": "#0"},
				"east": {"uv": [14.5, 1, 15.5, 2.35], "texture": "#0"},
				"south": {"uv": [14.5, 1, 14.76853, 2.35], "texture": "#0"},
				"west": {"uv": [14.5, 1, 15.5, 2.35], "texture": "#0"},
				"up": {"uv": [14.5, 1, 14.76853, 2], "texture": "#0"},
				"down": {"uv": [14.5, 1, 14.76853, 2], "texture": "#0"}
			}
		},
		{
			"name": "hexadecagon",
			"from": [7.86573, 0.325, 14],
			"to": [8.13427, 1.675, 15],
			"rotation": {"angle": 45, "axis": "z", "origin": [8, 1, 24.125]},
			"faces": {
				"north": {"uv": [15, 3.5, 15.26853, 4.85], "texture": "#0"},
				"east": {"uv": [15, 3.5, 16, 4.85], "texture": "#0"},
				"south": {"uv": [15, 3.5, 15.26853, 4.85], "texture": "#0"},
				"west": {"uv": [15, 3.5, 16, 4.85], "texture": "#0"},
				"up": {"uv": [15, 3.5, 15.26853, 4.5], "texture": "#0"},
				"down": {"uv": [15, 3.5, 15.26853, 4.5], "texture": "#0"}
			}
		},
		{
			"name": "hexadecagon",
			"from": [7.325, 0.86573, 14],
			"to": [8.675, 1.13427, 15],
			"rotation": {"angle": -22.5, "axis": "z", "origin": [8, 1, 24.125]},
			"faces": {
				"north": {"uv": [14.5, 3.5, 15.85, 3.76853], "texture": "#0"},
				"east": {"uv": [14.5, 3.5, 15.5, 3.76853], "texture": "#0"},
				"south": {"uv": [14.5, 3.5, 15.85, 3.76853], "texture": "#0"},
				"west": {"uv": [14.5, 3.5, 15.5, 3.76853], "texture": "#0"},
				"up": {"uv": [14.5, 3.5, 15.85, 4.5], "texture": "#0"},
				"down": {"uv": [14.5, 3.5, 15.85, 4.5], "texture": "#0"}
			}
		},
		{
			"name": "hexadecagon",
			"from": [7.325, 0.86573, 14],
			"to": [8.675, 1.13427, 15],
			"rotation": {"angle": 0, "axis": "y", "origin": [8, 1, 24.125]},
			"faces": {
				"north": {"uv": [14.5, 0.5, 15.85, 0.76853], "texture": "#0"},
				"east": {"uv": [14.5, 0.5, 15.5, 0.76853], "texture": "#0"},
				"south": {"uv": [14.5, 0.5, 15.85, 0.76853], "texture": "#0"},
				"west": {"uv": [14.5, 0.5, 15.5, 0.76853], "texture": "#0"},
				"up": {"uv": [14.5, 0.5, 15.85, 1.5], "texture": "#0"},
				"down": {"uv": [14.5, 0.5, 15.85, 1.5], "texture": "#0"}
			}
		},
		{
			"name": "hexadecagon",
			"from": [7.325, 0.86573, 14],
			"to": [8.675, 1.13427, 15],
			"rotation": {"angle": 22.5, "axis": "z", "origin": [8, 1, 24.125]},
			"faces": {
				"north": {"uv": [14.5, 6.5, 15.85, 6.76853], "texture": "#0"},
				"east": {"uv": [14.5, 6.5, 15.5, 6.76853], "texture": "#0"},
				"south": {"uv": [14.5, 6.5, 15.85, 6.76853], "texture": "#0"},
				"west": {"uv": [14.5, 6.5, 15.5, 6.76853], "texture": "#0"},
				"up": {"uv": [14.5, 6.5, 15.85, 7.5], "texture": "#0"},
				"down": {"uv": [14.5, 6.5, 15.85, 7.5], "texture": "#0"}
			}
		},
		{
			"name": "hexadecagon",
			"from": [7.8993, 0.49375, 14.98125],
			"to": [8.1007, 1.50625, 15.98125],
			"rotation": {"angle": -45, "axis": "z", "origin": [8, 1, 22.575]},
			"faces": {
				"north": {"uv": [14.625, 6.875, 15.6375, 7.0764], "rotation": 90, "texture": "#0"},
				"east": {"uv": [14.9875, 6.375, 16, 7.375], "rotation": 90, "texture": "#0"},
				"south": {"uv": [6.625, 14.875, 7.6375, 15.0764], "rotation": 90, "texture": "#0"},
				"west": {"uv": [14.625, 6.375, 15.6375, 7.375], "rotation": 90, "texture": "#0"},
				"up": {"uv": [12.625, 5.875, 13.625, 6.0764], "rotation": 90, "texture": "#0"},
				"down": {"uv": [12.625, 6.875, 13.625, 7.0764], "rotation": 270, "texture": "#0"}
			}
		},
		{
			"name": "hexadecagon",
			"from": [7.8993, 0.49375, 14.98125],
			"to": [8.1007, 1.50625, 15.98125],
			"rotation": {"angle": -22.5, "axis": "z", "origin": [8, 1, 22.575]},
			"faces": {
				"north": {"uv": [14.125, 4.75, 15.1375, 4.9514], "rotation": 90, "texture": "#0"},
				"east": {"uv": [14.9875, 0.25, 16, 1.25], "rotation": 90, "texture": "#0"},
				"south": {"uv": [5.125, 14.25, 6.1375, 14.4514], "rotation": 90, "texture": "#0"},
				"west": {"uv": [14.9875, 0.25, 16, 1.25], "rotation": 90, "texture": "#0"},
				"up": {"uv": [12.625, 6.25, 13.625, 6.4514], "rotation": 90, "texture": "#0"},
				"down": {"uv": [12.625, 0.75, 13.625, 0.9514], "rotation": 270, "texture": "#0"}
			}
		},
		{
			"name": "hexadecagon",
			"from": [7.8993, 0.49375, 14.98125],
			"to": [8.1007, 1.50625, 15.98125],
			"rotation": {"angle": 0, "axis": "y", "origin": [8, 1, 22.575]},
			"faces": {
				"north": {"uv": [14.125, 6.5, 15.1375, 6.7014], "rotation": 90, "texture": "#0"},
				"east": {"uv": [14.625, 5.5, 15.6375, 6.5], "rotation": 90, "texture": "#0"},
				"south": {"uv": [5.625, 14, 6.625, 14.2014], "rotation": 90, "texture": "#0"},
				"west": {"uv": [14.9875, 5, 16, 6], "rotation": 90, "texture": "#0"},
				"up": {"uv": [12.625, 4.5, 13.625, 4.7014], "rotation": 90, "texture": "#0"},
				"down": {"uv": [12.625, 7, 13.625, 7.2014], "rotation": 270, "texture": "#0"}
			}
		},
		{
			"name": "hexadecagon",
			"from": [7.8993, 0.49375, 14.98125],
			"to": [8.1007, 1.50625, 15.98125],
			"rotation": {"angle": 22.5, "axis": "z", "origin": [8, 1, 22.575]},
			"faces": {
				"north": {"uv": [14.625, 6, 15.6375, 6.2014], "rotation": 90, "texture": "#0"},
				"east": {"uv": [14.625, 5.5, 15.6375, 6.5], "rotation": 90, "texture": "#0"},
				"south": {"uv": [4.125, 12.5, 5.1375, 12.7014], "rotation": 90, "texture": "#0"},
				"west": {"uv": [14.625, 5.5, 15.6375, 6.5], "rotation": 90, "texture": "#0"},
				"up": {"uv": [12.625, 4.5, 13.625, 4.7014], "rotation": 90, "texture": "#0"},
				"down": {"uv": [12.625, 3, 13.625, 3.2014], "rotation": 270, "texture": "#0"}
			}
		},
		{
			"name": "hexadecagon",
			"from": [7.8993, 0.49375, 14.98125],
			"to": [8.1007, 1.50625, 15.98125],
			"rotation": {"angle": 45, "axis": "z", "origin": [8, 1, 22.575]},
			"faces": {
				"north": {"uv": [14.625, 5.5, 15.6375, 5.7014], "rotation": 90, "texture": "#0"},
				"east": {"uv": [14.625, 4, 15.6375, 5], "rotation": 90, "texture": "#0"},
				"south": {"uv": [5.625, 13, 6.6375, 13.2014], "rotation": 90, "texture": "#0"},
				"west": {"uv": [14.625, 6, 15.6375, 7], "rotation": 90, "texture": "#0"},
				"up": {"uv": [12.625, 4.5, 13.625, 4.7014], "rotation": 90, "texture": "#0"},
				"down": {"uv": [12.625, 5.5, 13.625, 5.7014], "rotation": 270, "texture": "#0"}
			}
		},
		{
			"name": "hexadecagon",
			"from": [7.49375, 0.8993, 14.98125],
			"to": [8.50625, 1.1007, 15.98125],
			"rotation": {"angle": -22.5, "axis": "z", "origin": [8, 1, 22.575]},
			"faces": {
				"north": {"uv": [14.625, 0.5, 15.6375, 0.7014], "rotation": 180, "texture": "#0"},
				"east": {"uv": [12.625, 1, 13.625, 1.2014], "rotation": 180, "texture": "#0"},
				"south": {"uv": [6.125, 13, 7.1375, 13.2014], "rotation": 180, "texture": "#0"},
				"west": {"uv": [12.625, 7.5, 13.625, 7.7014], "texture": "#0"},
				"up": {"uv": [14.625, 0, 15.6375, 1], "rotation": 180, "texture": "#0"},
				"down": {"uv": [14.125, 0, 15.1375, 1], "rotation": 180, "texture": "#0"}
			}
		},
		{
			"name": "hexadecagon",
			"from": [7.49375, 0.8993, 14.98125],
			"to": [8.50625, 1.1007, 15.98125],
			"rotation": {"angle": 0, "axis": "y", "origin": [8, 1, 22.575]},
			"faces": {
				"north": {"uv": [14.625, 4, 15.6375, 4.2014], "rotation": 180, "texture": "#0"},
				"east": {"uv": [12.625, 3, 13.625, 3.2014], "rotation": 180, "texture": "#0"},
				"south": {"uv": [6.625, 13, 7.6375, 13.2014], "rotation": 180, "texture": "#0"},
				"west": {"uv": [12.625, 5.5, 13.625, 5.7014], "texture": "#0"},
				"up": {"uv": [14.4875, 2.5, 15.5, 3.5], "rotation": 180, "texture": "#0"},
				"down": {"uv": [14.125, 4.5, 15.1375, 5.5], "rotation": 180, "texture": "#0"}
			}
		},
		{
			"name": "hexadecagon",
			"from": [7.49375, 0.8993, 14.98125],
			"to": [8.50625, 1.1007, 15.98125],
			"rotation": {"angle": 22.5, "axis": "z", "origin": [8, 1, 22.575]},
			"faces": {
				"north": {"uv": [14.125, 2.5, 15.1375, 2.7014], "rotation": 180, "texture": "#0"},
				"east": {"uv": [12.625, 1, 13.625, 1.2014], "rotation": 180, "texture": "#0"},
				"south": {"uv": [4.5, 12.25, 5.5125, 12.4514], "rotation": 180, "texture": "#0"},
				"west": {"uv": [12.625, 3.5, 13.625, 3.7014], "texture": "#0"},
				"up": {"uv": [14.625, 0.5, 15.6375, 1.5], "rotation": 180, "texture": "#0"},
				"down": {"uv": [14.125, 1, 15.1375, 2], "rotation": 180, "texture": "#0"}
			}
		},
		{
			"from": [7.95, 2.73268, 10.67388],
			"to": [8.05, 4.48268, 15.07388],
			"rotation": {"angle": -22.5, "axis": "x", "origin": [3.5, -1.36732, 16.26763]},
			"faces": {
				"north": {"uv": [5.5, 2, 5.5, 3.75], "texture": "#0"},
				"east": {"uv": [5.5, 2, 9.9, 3.75], "texture": "#0"},
				"south": {"uv": [5.5, 2, 5.5, 3.75], "texture": "#0"},
				"west": {"uv": [7.5, 2.5, 11.9, 4.25], "texture": "#0"},
				"up": {"uv": [5.5, 2, 5.5, 6.4], "texture": "#0"},
				"down": {"uv": [5.5, 2, 5.5, 6.4], "texture": "#0"}
			}
		},
		{
			"from": [7.95, 1.83055, 12.92605],
			"to": [8.05, 3.58055, 13.97605],
			"rotation": {"angle": 0, "axis": "y", "origin": [3.5, -2.26945, 14.5198]},
			"faces": {
				"north": {"uv": [7.5, 2, 7.5, 3.75], "texture": "#0"},
				"east": {"uv": [7.5, 2, 8.55, 3.75], "texture": "#0"},
				"south": {"uv": [7.5, 2, 7.5, 3.75], "texture": "#0"},
				"west": {"uv": [7.5, 2, 8.55, 3.75], "texture": "#0"},
				"up": {"uv": [7.5, 2, 7.5, 3.05], "texture": "#0"},
				"down": {"uv": [7.5, 2, 7.5, 3.05], "texture": "#0"}
			}
		},
		{
			"from": [7.95, -2.48268, 10.67388],
			"to": [8.05, -0.73268, 15.07388],
			"rotation": {"angle": 22.5, "axis": "x", "origin": [3.5, 3.36732, 16.26763]},
			"faces": {
				"north": {"uv": [5.5, 4.75, 5.5, 6.5], "texture": "#0"},
				"east": {"uv": [5.5, 4.75, 9.9, 6.5], "texture": "#0"},
				"south": {"uv": [5.5, 4.75, 5.5, 6.5], "texture": "#0"},
				"west": {"uv": [5.5, 4.75, 9.9, 6.5], "texture": "#0"},
				"up": {"uv": [5.5, 4.75, 5.5, 9.15], "texture": "#0"},
				"down": {"uv": [5.5, 4.75, 5.5, 9.15], "texture": "#0"}
			}
		},
		{
			"from": [7.95, -1.58055, 12.92605],
			"to": [8.05, 0.16945, 13.97605],
			"rotation": {"angle": 0, "axis": "y", "origin": [3.5, 4.26945, 14.5198]},
			"faces": {
				"north": {"uv": [9, 6.25, 9, 8], "texture": "#0"},
				"east": {"uv": [9, 6.25, 10.05, 8], "texture": "#0"},
				"south": {"uv": [9, 6.25, 9, 8], "texture": "#0"},
				"west": {"uv": [9, 6.25, 10.05, 8], "texture": "#0"},
				"up": {"uv": [9, 6.25, 9, 7.3], "texture": "#0"},
				"down": {"uv": [9, 6.25, 9, 7.3], "texture": "#0"}
			}
		},
		{
			"from": [9.75213, 0.9694, 10.67388],
			"to": [11.50213, 1.0694, 15.07388],
			"rotation": {"angle": 22.5, "axis": "y", "origin": [5.65213, -3.48055, 16.26763]},
			"faces": {
				"north": {"uv": [9, 0.25, 9, 2], "rotation": 270, "texture": "#0"},
				"east": {"uv": [9, 0.25, 9, 4.65], "rotation": 270, "texture": "#0"},
				"south": {"uv": [9, 0.25, 9, 2], "rotation": 270, "texture": "#0"},
				"west": {"uv": [9, 0.25, 9, 4.65], "rotation": 270, "texture": "#0"},
				"up": {"uv": [9, 0.25, 13.4, 2], "rotation": 270, "texture": "#0"},
				"down": {"uv": [6, 1.75, 10.4, 3.5], "rotation": 270, "texture": "#0"}
			}
		},
		{
			"from": [8.85, 0.9694, 12.92605],
			"to": [10.6, 1.0694, 13.97605],
			"rotation": {"angle": 0, "axis": "y", "origin": [4.75, -3.48055, 14.5198]},
			"faces": {
				"north": {"uv": [5.5, 8.75, 5.5, 10.5], "rotation": 270, "texture": "#0"},
				"east": {"uv": [5.5, 8.75, 5.5, 9.8], "rotation": 270, "texture": "#0"},
				"south": {"uv": [5.5, 8.75, 5.5, 10.5], "rotation": 270, "texture": "#0"},
				"west": {"uv": [5.5, 8.75, 5.5, 9.8], "rotation": 270, "texture": "#0"},
				"up": {"uv": [5.5, 8.75, 6.55, 10.5], "rotation": 270, "texture": "#0"},
				"down": {"uv": [8.5, 4.25, 9.55, 6], "rotation": 270, "texture": "#0"}
			}
		},
		{
			"from": [4.49787, 0.96945, 10.67388],
			"to": [6.24787, 1.06945, 15.07388],
			"rotation": {"angle": -22.5, "axis": "y", "origin": [10.34787, -3.58055, 16.26763]},
			"faces": {
				"north": {"uv": [6, 3, 6, 1.25], "rotation": 270, "texture": "#0"},
				"east": {"uv": [6, 5.65, 6, 1.25], "rotation": 270, "texture": "#0"},
				"south": {"uv": [6, 3, 6, 1.25], "rotation": 270, "texture": "#0"},
				"west": {"uv": [6, 5.65, 6, 1.25], "rotation": 270, "texture": "#0"},
				"up": {"uv": [8, 5.5, 12.4, 3.75], "rotation": 270, "texture": "#0"},
				"down": {"uv": [8.5, 3, 12.9, 1.25], "rotation": 270, "texture": "#0"}
			}
		},
		{
			"from": [5.4, 0.96945, 12.92605],
			"to": [7.15, 1.06945, 13.97605],
			"rotation": {"angle": 0, "axis": "y", "origin": [11.25, -3.58055, 14.5198]},
			"faces": {
				"north": {"uv": [10.5, 7, 10.5, 5.25], "rotation": 270, "texture": "#0"},
				"east": {"uv": [10.5, 6.3, 10.5, 5.25], "rotation": 270, "texture": "#0"},
				"south": {"uv": [10.5, 7, 10.5, 5.25], "rotation": 270, "texture": "#0"},
				"west": {"uv": [10.5, 6.3, 10.5, 5.25], "rotation": 270, "texture": "#0"},
				"up": {"uv": [10.5, 7, 11.55, 5.25], "rotation": 270, "texture": "#0"},
				"down": {"uv": [10.5, 7, 11.55, 5.25], "rotation": 270, "texture": "#0"}
			}
		},
		{
			"from": [7.8, 0.775, 0.525],
			"to": [8.2, 1.175, 0.925],
			"rotation": {"angle": 0, "axis": "y", "origin": [8, 0, 8]},
			"faces": {
				"north": {"uv": [0, 12, 4, 16], "texture": "#0"},
				"east": {"uv": [0, 8, 4, 12], "rotation": 90, "texture": "#0"},
				"south": {"uv": [0, 8, 4, 12], "rotation": 180, "texture": "#0"},
				"west": {"uv": [0, 8, 4, 12], "rotation": 270, "texture": "#0"},
				"up": {"uv": [0, 8, 4, 12], "texture": "#0"},
				"down": {"uv": [4, 12, 0, 8], "texture": "#0"}
			}
		}
	],
	"display": {
		"thirdperson_righthand": {
			"translation": [-6, 17, 8.5],
			"scale": [2, 2, 2]
		},
		"head": {
			"translation": [0, 21, -10],
			"scale": [4, 4, 4]
		}
	}
}