{
    "credit": "Made with Blockbench",
    "texture_size": [
        32,
        32
    ],
    "textures": {
        "1": "item/mob/stick/20177/texture"
    },
    "elements": [
        {
            "from": [
                5,
                5,
                4
            ],
            "to": [
                11,
                11,
                9
            ],
            "rotation": {
                "angle": 0,
                "axis": "y",
                "origin": [
                    5,
                    5,
                    3
                ]
            },
            "faces": {
                "north": {
                    "uv": [
                        0,
                        0,
                        3,
                        3
                    ],
                    "texture": "#1"
                },
                "east": {
                    "uv": [
                        3,
                        0,
                        5.5,
                        3
                    ],
                    "texture": "#1"
                },
                "south": {
                    "uv": [
                        0,
                        3,
                        3,
                        6
                    ],
                    "texture": "#1"
                },
                "west": {
                    "uv": [
                        3,
                        3,
                        5.5,
                        6
                    ],
                    "texture": "#1"
                },
                "up": {
                    "uv": [
                        8.5,
                        2.5,
                        5.5,
                        0
                    ],
                    "texture": "#1"
                },
                "down": {
                    "uv": [
                        8.5,
                        2.5,
                        5.5,
                        5
                    ],
                    "texture": "#1"
                }
            }
        },
        {
            "from": [
                6,
                6,
                9
            ],
            "to": [
                10,
                10,
                10
            ],
            "rotation": {
                "angle": 0,
                "axis": "y",
                "origin": [
                    5,
                    5,
                    3
                ]
            },
            "faces": {
                "north": {
                    "uv": [
                        5.5,
                        5,
                        7.5,
                        7
                    ],
                    "texture": "#1"
                },
                "east": {
                    "uv": [
                        0,
                        10,
                        0.5,
                        12
                    ],
                    "texture": "#1"
                },
                "south": {
                    "uv": [
                        0,
                        6,
                        2,
                        8
                    ],
                    "texture": "#1"
                },
                "west": {
                    "uv": [
                        0.5,
                        10,
                        1,
                        12
                    ],
                    "texture": "#1"
                },
                "up": {
                    "uv": [
                        3,
                        10.5,
                        1,
                        10
                    ],
                    "texture": "#1"
                },
                "down": {
                    "uv": [
                        5,
                        10,
                        3,
                        10.5
                    ],
                    "texture": "#1"
                }
            }
        },
        {
            "from": [
                7,
                7,
                10
            ],
            "to": [
                9,
                9,
                12
            ],
            "rotation": {
                "angle": 0,
                "axis": "y",
                "origin": [
                    5,
                    5,
                    3
                ]
            },
            "faces": {
                "north": {
                    "uv": [
                        4,
                        6,
                        5,
                        7
                    ],
                    "texture": "#1"
                },
                "east": {
                    "uv": [
                        5,
                        10,
                        6,
                        11
                    ],
                    "texture": "#1"
                },
                "south": {
                    "uv": [
                        6,
                        10,
                        7,
                        11
                    ],
                    "texture": "#1"
                },
                "west": {
                    "uv": [
                        7,
                        10,
                        8,
                        11
                    ],
                    "texture": "#1"
                },
                "up": {
                    "uv": [
                        11,
                        8,
                        10,
                        7
                    ],
                    "texture": "#1"
                },
                "down": {
                    "uv": [
                        9,
                        10,
                        8,
                        11
                    ],
                    "texture": "#1"
                }
            }
        },
        {
            "from": [
                8,
                6,
                11
            ],
            "to": [
                8,
                10,
                15
            ],
            "rotation": {
                "angle": 0,
                "axis": "y",
                "origin": [
                    5,
                    5,
                    3
                ]
            },
            "faces": {
                "north": {
                    "uv": [
                        0,
                        0,
                        0,
                        2
                    ],
                    "texture": "#1"
                },
                "east": {
                    "uv": [
                        2,
                        6,
                        4,
                        8
                    ],
                    "texture": "#1"
                },
                "south": {
                    "uv": [
                        0,
                        0,
                        0,
                        2
                    ],
                    "texture": "#1"
                },
                "west": {
                    "uv": [
                        4,
                        7,
                        6,
                        9
                    ],
                    "texture": "#1"
                },
                "up": {
                    "uv": [
                        0,
                        2,
                        0,
                        0
                    ],
                    "texture": "#1"
                },
                "down": {
                    "uv": [
                        0,
                        0,
                        0,
                        2
                    ],
                    "texture": "#1"
                }
            }
        },
        {
            "from": [
                6,
                6,
                3.5
            ],
            "to": [
                10,
                10,
                4.5
            ],
            "rotation": {
                "angle": 0,
                "axis": "y",
                "origin": [
                    6,
                    6,
                    3.5
                ]
            },
            "faces": {
                "north": {
                    "uv": [
                        6,
                        7,
                        8,
                        9
                    ],
                    "texture": "#1"
                },
                "east": {
                    "uv": [
                        10.5,
                        2,
                        11,
                        4
                    ],
                    "texture": "#1"
                },
                "south": {
                    "uv": [
                        7.5,
                        5,
                        9.5,
                        7
                    ],
                    "texture": "#1"
                },
                "west": {
                    "uv": [
                        2.5,
                        10.5,
                        3,
                        12.5
                    ],
                    "texture": "#1"
                },
                "up": {
                    "uv": [
                        5,
                        11,
                        3,
                        10.5
                    ],
                    "texture": "#1"
                },
                "down": {
                    "uv": [
                        12.5,
                        4,
                        10.5,
                        4.5
                    ],
                    "texture": "#1"
                }
            }
        },
        {
            "from": [
                11,
                9,
                5
            ],
            "to": [
                12,
                11,
                9
            ],
            "rotation": {
                "angle": 22.5,
                "axis": "x",
                "origin": [
                    8,
                    11,
                    7
                ]
            },
            "faces": {
                "north": {
                    "uv": [
                        11,
                        0,
                        11.5,
                        1
                    ],
                    "texture": "#1"
                },
                "east": {
                    "uv": [
                        8,
                        7,
                        10,
                        8
                    ],
                    "texture": "#1"
                },
                "south": {
                    "uv": [
                        11,
                        1,
                        11.5,
                        2
                    ],
                    "texture": "#1"
                },
                "west": {
                    "uv": [
                        8,
                        8,
                        10,
                        9
                    ],
                    "texture": "#1"
                },
                "up": {
                    "uv": [
                        10,
                        12,
                        9.5,
                        10
                    ],
                    "texture": "#1"
                },
                "down": {
                    "uv": [
                        10.5,
                        10,
                        10,
                        12
                    ],
                    "texture": "#1"
                }
            }
        },
        {
            "from": [
                11.5,
                11,
                5
            ],
            "to": [
                11.5,
                13,
                9
            ],
            "rotation": {
                "angle": 22.5,
                "axis": "x",
                "origin": [
                    8,
                    11,
                    7
                ]
            },
            "faces": {
                "north": {
                    "uv": [
                        0,
                        0,
                        0,
                        1
                    ],
                    "texture": "#1"
                },
                "east": {
                    "uv": [
                        8.5,
                        2,
                        10.5,
                        3
                    ],
                    "texture": "#1"
                },
                "south": {
                    "uv": [
                        0,
                        0,
                        0,
                        1
                    ],
                    "texture": "#1"
                },
                "west": {
                    "uv": [
                        8.5,
                        3,
                        10.5,
                        4
                    ],
                    "texture": "#1"
                },
                "up": {
                    "uv": [
                        0,
                        2,
                        0,
                        0
                    ],
                    "texture": "#1"
                },
                "down": {
                    "uv": [
                        0,
                        0,
                        0,
                        2
                    ],
                    "texture": "#1"
                }
            }
        },
        {
            "from": [
                11,
                11,
                6
            ],
            "to": [
                12,
                12,
                8
            ],
            "rotation": {
                "angle": 22.5,
                "axis": "x",
                "origin": [
                    8,
                    11,
                    7
                ]
            },
            "faces": {
                "north": {
                    "uv": [
                        11.5,
                        0.5,
                        12,
                        1
                    ],
                    "texture": "#1"
                },
                "east": {
                    "uv": [
                        11,
                        2,
                        12,
                        2.5
                    ],
                    "texture": "#1"
                },
                "south": {
                    "uv": [
                        11.5,
                        1,
                        12,
                        1.5
                    ],
                    "texture": "#1"
                },
                "west": {
                    "uv": [
                        11,
                        2.5,
                        12,
                        3
                    ],
                    "texture": "#1"
                },
                "up": {
                    "uv": [
                        3.5,
                        12,
                        3,
                        11
                    ],
                    "texture": "#1"
                },
                "down": {
                    "uv": [
                        11.5,
                        3,
                        11,
                        4
                    ],
                    "texture": "#1"
                }
            }
        },
        {
            "from": [
                11,
                5,
                5
            ],
            "to": [
                12,
                7,
                9
            ],
            "rotation": {
                "angle": -22.5,
                "axis": "x",
                "origin": [
                    8,
                    5,
                    7
                ]
            },
            "faces": {
                "north": {
                    "uv": [
                        11,
                        9.5,
                        11.5,
                        10.5
                    ],
                    "texture": "#1"
                },
                "east": {
                    "uv": [
                        9.5,
                        5,
                        11.5,
                        6
                    ],
                    "texture": "#1"
                },
                "south": {
                    "uv": [
                        11,
                        10.5,
                        11.5,
                        11.5
                    ],
                    "texture": "#1"
                },
                "west": {
                    "uv": [
                        9.5,
                        6,
                        11.5,
                        7
                    ],
                    "texture": "#1"
                },
                "up": {
                    "uv": [
                        2,
                        12.5,
                        1.5,
                        10.5
                    ],
                    "texture": "#1"
                },
                "down": {
                    "uv": [
                        2.5,
                        10.5,
                        2,
                        12.5
                    ],
                    "texture": "#1"
                }
            }
        },
        {
            "from": [
                11.5,
                3,
                5
            ],
            "to": [
                11.5,
                5,
                9
            ],
            "rotation": {
                "angle": -22.5,
                "axis": "x",
                "origin": [
                    8,
                    5,
                    7
                ]
            },
            "faces": {
                "north": {
                    "uv": [
                        0,
                        0,
                        0,
                        1
                    ],
                    "texture": "#1"
                },
                "east": {
                    "uv": [
                        2,
                        9,
                        4,
                        10
                    ],
                    "texture": "#1"
                },
                "south": {
                    "uv": [
                        0,
                        0,
                        0,
                        1
                    ],
                    "texture": "#1"
                },
                "west": {
                    "uv": [
                        4,
                        9,
                        6,
                        10
                    ],
                    "texture": "#1"
                },
                "up": {
                    "uv": [
                        0,
                        2,
                        0,
                        0
                    ],
                    "texture": "#1"
                },
                "down": {
                    "uv": [
                        0,
                        0,
                        0,
                        2
                    ],
                    "texture": "#1"
                }
            }
        },
        {
            "from": [
                11,
                4,
                6
            ],
            "to": [
                12,
                5,
                8
            ],
            "rotation": {
                "angle": -22.5,
                "axis": "x",
                "origin": [
                    8,
                    5,
                    7
                ]
            },
            "faces": {
                "north": {
                    "uv": [
                        11.5,
                        1.5,
                        12,
                        2
                    ],
                    "texture": "#1"
                },
                "east": {
                    "uv": [
                        3.5,
                        11,
                        4.5,
                        11.5
                    ],
                    "texture": "#1"
                },
                "south": {
                    "uv": [
                        11.5,
                        3,
                        12,
                        3.5
                    ],
                    "texture": "#1"
                },
                "west": {
                    "uv": [
                        4.5,
                        11,
                        5.5,
                        11.5
                    ],
                    "texture": "#1"
                },
                "up": {
                    "uv": [
                        6,
                        12,
                        5.5,
                        11
                    ],
                    "texture": "#1"
                },
                "down": {
                    "uv": [
                        6.5,
                        11,
                        6,
                        12
                    ],
                    "texture": "#1"
                }
            }
        },
        {
            "from": [
                4,
                5,
                5
            ],
            "to": [
                5,
                7,
                9
            ],
            "rotation": {
                "angle": -22.5,
                "axis": "x",
                "origin": [
                    8,
                    5,
                    7
                ]
            },
            "faces": {
                "north": {
                    "uv": [
                        6.5,
                        11,
                        7,
                        12
                    ],
                    "texture": "#1"
                },
                "east": {
                    "uv": [
                        8.5,
                        4,
                        10.5,
                        5
                    ],
                    "texture": "#1"
                },
                "south": {
                    "uv": [
                        7,
                        11,
                        7.5,
                        12
                    ],
                    "texture": "#1"
                },
                "west": {
                    "uv": [
                        0,
                        9,
                        2,
                        10
                    ],
                    "texture": "#1"
                },
                "up": {
                    "uv": [
                        11,
                        2,
                        10.5,
                        0
                    ],
                    "texture": "#1"
                },
                "down": {
                    "uv": [
                        1.5,
                        10.5,
                        1,
                        12.5
                    ],
                    "texture": "#1"
                }
            }
        },
        {
            "from": [
                4,
                4,
                6
            ],
            "to": [
                5,
                5,
                8
            ],
            "rotation": {
                "angle": -22.5,
                "axis": "x",
                "origin": [
                    8,
                    5,
                    7
                ]
            },
            "faces": {
                "north": {
                    "uv": [
                        3.5,
                        11.5,
                        4,
                        12
                    ],
                    "texture": "#1"
                },
                "east": {
                    "uv": [
                        11,
                        7,
                        12,
                        7.5
                    ],
                    "texture": "#1"
                },
                "south": {
                    "uv": [
                        11.5,
                        3.5,
                        12,
                        4
                    ],
                    "texture": "#1"
                },
                "west": {
                    "uv": [
                        7.5,
                        11,
                        8.5,
                        11.5
                    ],
                    "texture": "#1"
                },
                "up": {
                    "uv": [
                        9,
                        12,
                        8.5,
                        11
                    ],
                    "texture": "#1"
                },
                "down": {
                    "uv": [
                        11.5,
                        8.5,
                        11,
                        9.5
                    ],
                    "texture": "#1"
                }
            }
        },
        {
            "from": [
                4.5,
                3,
                5
            ],
            "to": [
                4.5,
                5,
                9
            ],
            "rotation": {
                "angle": -22.5,
                "axis": "x",
                "origin": [
                    8,
                    5,
                    7
                ]
            },
            "faces": {
                "north": {
                    "uv": [
                        0,
                        0,
                        0,
                        1
                    ],
                    "texture": "#1"
                },
                "east": {
                    "uv": [
                        6,
                        9,
                        8,
                        10
                    ],
                    "texture": "#1"
                },
                "south": {
                    "uv": [
                        0,
                        0,
                        0,
                        1
                    ],
                    "texture": "#1"
                },
                "west": {
                    "uv": [
                        8,
                        9,
                        10,
                        10
                    ],
                    "texture": "#1"
                },
                "up": {
                    "uv": [
                        0,
                        2,
                        0,
                        0
                    ],
                    "texture": "#1"
                },
                "down": {
                    "uv": [
                        0,
                        0,
                        0,
                        2
                    ],
                    "texture": "#1"
                }
            }
        },
        {
            "from": [
                4,
                9,
                5
            ],
            "to": [
                5,
                11,
                9
            ],
            "rotation": {
                "angle": 22.5,
                "axis": "x",
                "origin": [
                    8,
                    11,
                    7
                ]
            },
            "faces": {
                "north": {
                    "uv": [
                        10.5,
                        9.5,
                        11,
                        10.5
                    ],
                    "texture": "#1"
                },
                "east": {
                    "uv": [
                        0,
                        8,
                        2,
                        9
                    ],
                    "texture": "#1"
                },
                "south": {
                    "uv": [
                        10.5,
                        10.5,
                        11,
                        11.5
                    ],
                    "texture": "#1"
                },
                "west": {
                    "uv": [
                        2,
                        8,
                        4,
                        9
                    ],
                    "texture": "#1"
                },
                "up": {
                    "uv": [
                        10.5,
                        10,
                        10,
                        8
                    ],
                    "texture": "#1"
                },
                "down": {
                    "uv": [
                        9.5,
                        10,
                        9,
                        12
                    ],
                    "texture": "#1"
                }
            }
        },
        {
            "from": [
                4,
                11,
                6
            ],
            "to": [
                5,
                12,
                8
            ],
            "rotation": {
                "angle": 22.5,
                "axis": "x",
                "origin": [
                    8,
                    11,
                    7
                ]
            },
            "faces": {
                "north": {
                    "uv": [
                        11,
                        7.5,
                        11.5,
                        8
                    ],
                    "texture": "#1"
                },
                "east": {
                    "uv": [
                        10.5,
                        4.5,
                        11.5,
                        5
                    ],
                    "texture": "#1"
                },
                "south": {
                    "uv": [
                        11.5,
                        0,
                        12,
                        0.5
                    ],
                    "texture": "#1"
                },
                "west": {
                    "uv": [
                        10.5,
                        8,
                        11.5,
                        8.5
                    ],
                    "texture": "#1"
                },
                "up": {
                    "uv": [
                        5.5,
                        7,
                        5,
                        6
                    ],
                    "texture": "#1"
                },
                "down": {
                    "uv": [
                        11,
                        8.5,
                        10.5,
                        9.5
                    ],
                    "texture": "#1"
                }
            }
        },
        {
            "from": [
                4.5,
                11,
                5
            ],
            "to": [
                4.5,
                13,
                9
            ],
            "rotation": {
                "angle": 22.5,
                "axis": "x",
                "origin": [
                    8,
                    11,
                    7
                ]
            },
            "faces": {
                "north": {
                    "uv": [
                        0,
                        0,
                        0,
                        1
                    ],
                    "texture": "#1"
                },
                "east": {
                    "uv": [
                        8.5,
                        0,
                        10.5,
                        1
                    ],
                    "texture": "#1"
                },
                "south": {
                    "uv": [
                        0,
                        0,
                        0,
                        1
                    ],
                    "texture": "#1"
                },
                "west": {
                    "uv": [
                        8.5,
                        1,
                        10.5,
                        2
                    ],
                    "texture": "#1"
                },
                "up": {
                    "uv": [
                        0,
                        2,
                        0,
                        0
                    ],
                    "texture": "#1"
                },
                "down": {
                    "uv": [
                        0,
                        0,
                        0,
                        2
                    ],
                    "texture": "#1"
                }
            }
        }
    ],
    "display": {
        "head": {
            "translation": [
                0,
                -5.25,
                1.5
            ],
            "scale": [2, 2, 2]
        }
    },
    "groups": [
        0,
        1,
        2,
        3,
        4,
        {
            "name": "wing",
            "origin": [
                8,
                11,
                8
            ],
            "color": 0,
            "children": [
                5,
                6,
                7,
                8,
                9,
                10,
                11,
                12,
                13,
                14,
                15,
                16
            ]
        }
    ]
}