{
    "credit": "Made with Blockbench",
    "textures": {
        "0": "item/mob/stick/20180/head",
        "1": "item/mob/stick/20180/face",
        "2": "item/mob/stick/20180/body2",
        "3": "item/mob/stick/20180/body1",
        "particle": "item/mob/stick/20180/head"
    },
    "elements": [
        {
            "from": [
                5,
                0,
                5
            ],
            "to": [
                11,
                8,
                11
            ],
            "faces": {
                "north": {
                    "uv": [
                        4,
                        0,
                        16,
                        16
                    ],
                    "texture": "#2"
                },
                "east": {
                    "uv": [
                        4,
                        0,
                        16,
                        16
                    ],
                    "texture": "#3"
                },
                "south": {
                    "uv": [
                        16,
                        0,
                        4,
                        16
                    ],
                    "texture": "#3"
                },
                "west": {
                    "uv": [
                        16,
                        0,
                        4,
                        16
                    ],
                    "texture": "#2"
                },
                "up": {
                    "uv": [
                        0,
                        0,
                        16,
                        16
                    ],
                    "texture": "#0"
                },
                "down": {
                    "uv": [
                        0,
                        0,
                        16,
                        16
                    ],
                    "texture": "#0"
                }
            }
        },
        {
            "from": [
                4,
                8,
                4
            ],
            "to": [
                12,
                16,
                12
            ],
            "faces": {
                "north": {
                    "uv": [
                        0,
                        0,
                        16,
                        16
                    ],
                    "texture": "#1"
                },
                "east": {
                    "uv": [
                        0,
                        0,
                        16,
                        16
                    ],
                    "texture": "#0"
                },
                "south": {
                    "uv": [
                        0,
                        0,
                        16,
                        16
                    ],
                    "texture": "#0"
                },
                "west": {
                    "uv": [
                        0,
                        0,
                        16,
                        16
                    ],
                    "texture": "#0"
                },
                "up": {
                    "uv": [
                        0,
                        0,
                        16,
                        16
                    ],
                    "texture": "#0"
                },
                "down": {
                    "uv": [
                        0,
                        0,
                        16,
                        16
                    ],
                    "texture": "#0"
                }
            }
        },
        {
            "from": [
                2,
                10,
                8
            ],
            "to": [
                4,
                14,
                8
            ],
            "faces": {
                "north": {
                    "uv": [
                        0,
                        0,
                        4,
                        8
                    ],
                    "texture": "#2"
                },
                "east": {
                    "uv": [
                        0,
                        0,
                        1,
                        4
                    ],
                    "texture": "#missing"
                },
                "south": {
                    "uv": [
                        4,
                        0,
                        0,
                        8
                    ],
                    "texture": "#2"
                },
                "west": {
                    "uv": [
                        0,
                        0,
                        1,
                        4
                    ],
                    "texture": "#missing"
                },
                "up": {
                    "uv": [
                        0,
                        0,
                        2,
                        1
                    ],
                    "texture": "#missing"
                },
                "down": {
                    "uv": [
                        0,
                        0,
                        2,
                        1
                    ],
                    "texture": "#missing"
                }
            }
        },
        {
            "from": [
                12,
                10,
                8
            ],
            "to": [
                14,
                14,
                8
            ],
            "rotation": {
                "angle": 0,
                "axis": "y",
                "origin": [
                    16,
                    0,
                    0
                ]
            },
            "faces": {
                "north": {
                    "uv": [
                        4,
                        0,
                        0,
                        8
                    ],
                    "texture": "#2"
                },
                "east": {
                    "uv": [
                        2,
                        10,
                        1,
                        14
                    ],
                    "texture": "#2"
                },
                "south": {
                    "uv": [
                        0,
                        0,
                        4,
                        8
                    ],
                    "texture": "#2"
                },
                "west": {
                    "uv": [
                        2,
                        10,
                        1,
                        14
                    ],
                    "texture": "#2"
                },
                "up": {
                    "uv": [
                        2,
                        10,
                        1,
                        14
                    ],
                    "texture": "#2"
                },
                "down": {
                    "uv": [
                        2,
                        10,
                        1,
                        14
                    ],
                    "texture": "#2"
                }
            }
        }
    ],
	"display": {
		"thirdperson_righthand": {
			"rotation": [90, 0, 0],
			"translation": [-6, -2, -2],
            "scale": [1.5, 1.5, 1.5]
		}
	}
}