{
    "credit": "Made with Blockbench",
    "textures": {
        "0": "item/mob/stick/20181/head",
        "1": "item/mob/stick/20181/face",
        "2": "item/mob/stick/20181/body2",
        "3": "item/mob/stick/20181/body1",
        "particle": "item/mob/stick/20181/head"
    },
    "elements": [
        {
            "from": [
                5,
                0,
                5
            ],
            "to": [
                11,
                8,
                11
            ],
            "faces": {
                "north": {
                    "uv": [
                        4,
                        0,
                        16,
                        16
                    ],
                    "texture": "#2"
                },
                "east": {
                    "uv": [
                        4,
                        0,
                        16,
                        16
                    ],
                    "texture": "#3"
                },
                "south": {
                    "uv": [
                        16,
                        0,
                        4,
                        16
                    ],
                    "texture": "#3"
                },
                "west": {
                    "uv": [
                        16,
                        0,
                        4,
                        16
                    ],
                    "texture": "#2"
                },
                "up": {
                    "uv": [
                        0,
                        0,
                        16,
                        16
                    ],
                    "texture": "#0"
                },
                "down": {
                    "uv": [
                        0,
                        0,
                        16,
                        16
                    ],
                    "texture": "#0"
                }
            }
        },
        {
            "from": [
                -3,
                0,
                1
            ],
            "to": [
                5,
                8,
                9
            ],
            "rotation": {
                "angle": -22.5,
                "axis": "y",
                "origin": [
                    0,
                    0,
                    0
                ]
            },
            "faces": {
                "north": {
                    "uv": [
                        0,
                        0,
                        16,
                        16
                    ],
                    "rotation": 90,
                    "texture": "#1"
                },
                "east": {
                    "uv": [
                        0,
                        0,
                        16,
                        16
                    ],
                    "rotation": 270,
                    "texture": "#0"
                },
                "south": {
                    "uv": [
                        0,
                        0,
                        16,
                        16
                    ],
                    "rotation": 270,
                    "texture": "#0"
                },
                "west": {
                    "uv": [
                        0,
                        0,
                        16,
                        16
                    ],
                    "rotation": 270,
                    "texture": "#0"
                },
                "up": {
                    "uv": [
                        0,
                        0,
                        16,
                        16
                    ],
                    "rotation": 270,
                    "texture": "#0"
                },
                "down": {
                    "uv": [
                        0,
                        0,
                        16,
                        16
                    ],
                    "rotation": 270,
                    "texture": "#0"
                }
            }
        },
        {
            "from": [
                -1,
                8,
                5
            ],
            "to": [
                3,
                10,
                5
            ],
            "rotation": {
                "angle": -22.5,
                "axis": "y",
                "origin": [
                    0,
                    16,
                    0
                ]
            },
            "faces": {
                "north": {
                    "uv": [
                        4,
                        0,
                        0,
                        8
                    ],
                    "rotation": 90,
                    "texture": "#2"
                },
                "east": {
                    "uv": [
                        2,
                        10,
                        1,
                        14
                    ],
                    "rotation": 270,
                    "texture": "#2"
                },
                "south": {
                    "uv": [
                        0,
                        0,
                        4,
                        8
                    ],
                    "rotation": 270,
                    "texture": "#2"
                },
                "west": {
                    "uv": [
                        2,
                        10,
                        1,
                        14
                    ],
                    "rotation": 270,
                    "texture": "#2"
                },
                "up": {
                    "uv": [
                        2,
                        10,
                        1,
                        14
                    ],
                    "rotation": 270,
                    "texture": "#2"
                },
                "down": {
                    "uv": [
                        2,
                        10,
                        1,
                        14
                    ],
                    "rotation": 270,
                    "texture": "#2"
                }
            }
        },
        {
            "from": [
                -1,
                -2,
                5
            ],
            "to": [
                3,
                0,
                5
            ],
            "rotation": {
                "angle": -22.5,
                "axis": "y",
                "origin": [
                    0,
                    0,
                    0
                ]
            },
            "faces": {
                "north": {
                    "uv": [
                        0,
                        0,
                        4,
                        8
                    ],
                    "rotation": 90,
                    "texture": "#2"
                },
                "east": {
                    "uv": [
                        0,
                        0,
                        2,
                        1
                    ],
                    "rotation": 270,
                    "texture": "#missing"
                },
                "south": {
                    "uv": [
                        4,
                        0,
                        0,
                        8
                    ],
                    "rotation": 270,
                    "texture": "#2"
                },
                "west": {
                    "uv": [
                        0,
                        0,
                        2,
                        1
                    ],
                    "rotation": 270,
                    "texture": "#missing"
                },
                "up": {
                    "uv": [
                        0,
                        0,
                        1,
                        4
                    ],
                    "rotation": 270,
                    "texture": "#missing"
                },
                "down": {
                    "uv": [
                        0,
                        0,
                        1,
                        4
                    ],
                    "rotation": 270,
                    "texture": "#missing"
                }
            }
        }
    ],
    "display": {
        "thirdperson_righthand": {
            "rotation": [
                90,
                0,
                0
            ],
            "translation": [
                -6,
                -2,
                -2
            ],
            "scale": [
                1.5,
                1.5,
                1.5
            ]
        }
    },
    "groups": [
        0,
        {
            "name": "group",
            "origin": [
                0,
                0,
                0
            ],
            "color": 0,
            "children": [
                1,
                2,
                3
            ]
        }
    ]
}