{
	"credit": "Made with Blockbench",
	"texture_size": [32, 32],
	"textures": {
		"3": "item/mob/stick/20183/blacktexture2",
		"1_0": "item/mob/stick/20183/axe"
	},
	"elements": [
		{
			"from": [6.992, 7.384, 7.496],
			"to": [9.008, 13.432, 9.512],
			"rotation": {"angle": 0, "axis": "y", "origin": [8.504, 7.384, 7.496]},
			"faces": {
				"north": {"uv": [2, 0, 0, 6], "texture": "#3"},
				"east": {"uv": [2, 6, 0, 12], "texture": "#3"},
				"south": {"uv": [6, 0, 4, 6], "texture": "#3"},
				"west": {"uv": [4, 0, 2, 6], "texture": "#3"},
				"up": {"uv": [4.5, 11, 6.5, 9], "texture": "#3"},
				"down": {"uv": [6.5, 9, 8.5, 11], "texture": "#3"}
			}
		},
		{
			"from": [6.72387, 6.03933, 7.35891],
			"to": [8.27216, 7.97469, 10.06842],
			"rotation": {"angle": 0, "axis": "y", "origin": [7.49802, 5.65226, 10.45549]},
			"faces": {
				"north": {"uv": [3.5, 11, 2, 13], "texture": "#3"},
				"east": {"uv": [11.5, 3, 9, 5], "texture": "#3"},
				"south": {"uv": [5, 11, 3.5, 13], "texture": "#3"},
				"west": {"uv": [4.5, 9, 2, 11], "texture": "#3"},
				"up": {"uv": [8.5, 11.5, 10, 9], "texture": "#3"},
				"down": {"uv": [10, 9, 11.5, 11.5], "texture": "#3"}
			}
		},
		{
			"from": [8.27216, 6.03933, 7.35891],
			"to": [9.0463, 7.97469, 8.9072],
			"rotation": {"angle": 0, "axis": "y", "origin": [7.49802, 5.65226, 10.45549]},
			"faces": {
				"north": {"uv": [7.5, 11, 6.5, 13], "texture": "#3"},
				"east": {"uv": [12.5, 5, 11, 7], "texture": "#3"},
				"south": {"uv": [12, 7, 11, 9], "texture": "#3"},
				"west": {"uv": [6.5, 11, 5, 13], "texture": "#3"},
				"up": {"uv": [8.5, 13, 9.5, 11.5], "texture": "#3"},
				"down": {"uv": [11.5, 9, 12.5, 10.5], "texture": "#3"}
			}
		},
		{
			"from": [8.27216, 6.4264, 8.9072],
			"to": [9.0463, 7.97469, 10.06842],
			"rotation": {"angle": 0, "axis": "y", "origin": [7.49802, 5.65226, 10.45549]},
			"faces": {
				"north": {"uv": [10.5, 11.5, 9.5, 13], "texture": "#3"},
				"east": {"uv": [1, 12, 0, 13.5], "texture": "#3"},
				"south": {"uv": [12.5, 10.5, 11.5, 12], "texture": "#3"},
				"west": {"uv": [11.5, 11.5, 10.5, 13], "texture": "#3"},
				"up": {"uv": [9, 6, 10, 5], "texture": "#3"},
				"down": {"uv": [10, 5, 11, 6], "texture": "#3"}
			}
		},
		{
			"from": [6.32187, 5.14672, 7.88146],
			"to": [6.70894, 6.69501, 8.6556],
			"rotation": {"angle": -22.5, "axis": "z", "origin": [6.5821, 5.39202, 8.26853]},
			"faces": {
				"north": {"uv": [4.5, 13, 4, 14.5], "texture": "#3"},
				"east": {"uv": [2, 12, 1, 13.5], "texture": "#3"},
				"south": {"uv": [5, 13, 4.5, 14.5], "texture": "#3"},
				"west": {"uv": [13, 0, 12, 1.5], "texture": "#3"},
				"up": {"uv": [13, 8.5, 13.5, 7.5], "texture": "#3"},
				"down": {"uv": [8.5, 13, 9, 14], "texture": "#3"}
			}
		},
		{
			"from": [6.2478, 4.49084, 7.88146],
			"to": [6.63487, 5.26498, 8.6556],
			"rotation": {"angle": 0, "axis": "x", "origin": [6.5821, 5.39202, 8.26853]},
			"faces": {
				"north": {"uv": [9.5, 13, 9, 14], "texture": "#3"},
				"east": {"uv": [13.5, 5.5, 12.5, 6.5], "texture": "#3"},
				"south": {"uv": [10, 13, 9.5, 14], "texture": "#3"},
				"west": {"uv": [13.5, 4.5, 12.5, 5.5], "texture": "#3"},
				"up": {"uv": [10, 14, 10.5, 13], "texture": "#3"},
				"down": {"uv": [10.5, 13, 11, 14], "texture": "#3"}
			}
		},
		{
			"from": [6.70894, 4.37258, 6.97184],
			"to": [7.09601, 5.92087, 7.74598],
			"rotation": {"angle": 22.5, "axis": "x", "origin": [6.5821, 5.39202, 8.52013]},
			"faces": {
				"north": {"uv": [3.5, 13, 3, 14.5], "texture": "#3"},
				"east": {"uv": [12.5, 3, 11.5, 4.5], "texture": "#3"},
				"south": {"uv": [4, 13, 3.5, 14.5], "texture": "#3"},
				"west": {"uv": [8.5, 11, 7.5, 12.5], "texture": "#3"},
				"up": {"uv": [13, 7.5, 13.5, 6.5], "texture": "#3"},
				"down": {"uv": [7, 13, 7.5, 14], "texture": "#3"}
			}
		},
		{
			"from": [6.92595, 4.13169, 6.69957],
			"to": [7.31303, 5.2929, 7.47372],
			"rotation": {"angle": 45, "axis": "z", "origin": [7.11949, 4.90583, 7.08665]},
			"faces": {
				"north": {"uv": [11.5, 13, 11, 14], "texture": "#3"},
				"east": {"uv": [13.5, 8.5, 12.5, 9.5], "texture": "#3"},
				"south": {"uv": [0.5, 13.5, 0, 14.5], "texture": "#3"},
				"west": {"uv": [8.5, 12.5, 7.5, 13.5], "texture": "#3"},
				"up": {"uv": [0.5, 14.5, 1, 13.5], "texture": "#3"},
				"down": {"uv": [1, 13.5, 1.5, 14.5], "texture": "#3"}
			}
		},
		{
			"from": [8.80074, 5.6329, 8.31779],
			"to": [9.18781, 6.40705, 9.09194],
			"rotation": {"angle": 22.5, "axis": "y", "origin": [6.60515, 5.87821, 8.70487]},
			"faces": {
				"north": {"uv": [2, 13.5, 1.5, 14.5], "texture": "#3"},
				"east": {"uv": [13.5, 10.5, 12.5, 11.5], "texture": "#3"},
				"south": {"uv": [14, 3, 13.5, 4], "texture": "#3"},
				"west": {"uv": [13.5, 9.5, 12.5, 10.5], "texture": "#3"},
				"up": {"uv": [13.5, 5, 14, 4], "texture": "#3"},
				"down": {"uv": [13.5, 5, 14, 6], "texture": "#3"}
			}
		},
		{
			"from": [8.45602, 5.24583, 7.51924],
			"to": [9.23016, 5.6329, 8.68045],
			"rotation": {"angle": -45, "axis": "y", "origin": [8.84309, 5.43937, 7.90631]},
			"faces": {
				"north": {"uv": [12.5, 4.5, 11.5, 5], "texture": "#3"},
				"east": {"uv": [14.5, 7, 13.5, 7.5], "texture": "#3"},
				"south": {"uv": [14.5, 6.5, 13.5, 7], "texture": "#3"},
				"west": {"uv": [14.5, 6, 13.5, 6.5], "texture": "#3"},
				"up": {"uv": [12.5, 12.5, 13.5, 11.5], "texture": "#3"},
				"down": {"uv": [12.5, 12.5, 13.5, 13.5], "texture": "#3"}
			}
		},
		{
			"from": [6.32187, 5.14672, 8.83946],
			"to": [6.70894, 6.69501, 9.61361],
			"rotation": {"angle": -22.5, "axis": "z", "origin": [6.5821, 5.39202, 9.22654]},
			"faces": {
				"north": {"uv": [5.5, 13, 5, 14.5], "texture": "#3"},
				"east": {"uv": [13, 7, 12, 8.5], "texture": "#3"},
				"south": {"uv": [6, 13, 5.5, 14.5], "texture": "#3"},
				"west": {"uv": [13, 1.5, 12, 3], "texture": "#3"},
				"up": {"uv": [7.5, 14.5, 8, 13.5], "texture": "#3"},
				"down": {"uv": [13.5, 7.5, 14, 8.5], "texture": "#3"}
			}
		},
		{
			"from": [6.2478, 4.49084, 8.83946],
			"to": [6.63487, 5.26498, 9.61361],
			"rotation": {"angle": 0, "axis": "x", "origin": [6.5821, 5.39202, 9.22654]},
			"faces": {
				"north": {"uv": [8.5, 13.5, 8, 14.5], "texture": "#3"},
				"east": {"uv": [14, 1, 13, 2], "texture": "#3"},
				"south": {"uv": [14, 8.5, 13.5, 9.5], "texture": "#3"},
				"west": {"uv": [14, 0, 13, 1], "texture": "#3"},
				"up": {"uv": [13.5, 10.5, 14, 9.5], "texture": "#3"},
				"down": {"uv": [13.5, 10.5, 14, 11.5], "texture": "#3"}
			}
		},
		{
			"from": [7.48643, 4.49084, 10.49419],
			"to": [7.87351, 5.26498, 11.26834],
			"rotation": {"angle": 45, "axis": "y", "origin": [6.5821, 5.39202, 10.84256]},
			"faces": {
				"north": {"uv": [12, 13.5, 11.5, 14.5], "texture": "#3"},
				"east": {"uv": [14, 2, 13, 3], "texture": "#3"},
				"south": {"uv": [14, 11.5, 13.5, 12.5], "texture": "#3"},
				"west": {"uv": [3, 13, 2, 14], "texture": "#3"},
				"up": {"uv": [12, 14.5, 12.5, 13.5], "texture": "#3"},
				"down": {"uv": [12.5, 13.5, 13, 14.5], "texture": "#3"}
			}
		},
		{
			"from": [7.5605, 5.14672, 10.49419],
			"to": [7.94757, 6.69501, 11.26834],
			"rotation": {"angle": 45, "axis": "y", "origin": [6.5821, 5.39202, 10.84256]},
			"faces": {
				"north": {"uv": [6.5, 13, 6, 14.5], "texture": "#3"},
				"east": {"uv": [13.5, 3, 12.5, 4.5], "texture": "#3"},
				"south": {"uv": [7, 13, 6.5, 14.5], "texture": "#3"},
				"west": {"uv": [12.5, 12, 11.5, 13.5], "texture": "#3"},
				"up": {"uv": [13.5, 13.5, 14, 12.5], "texture": "#3"},
				"down": {"uv": [13, 13.5, 13.5, 14.5], "texture": "#3"}
			}
		},
		{
			"name": "20022_0",
			"from": [7.59143, -6.52333, -1.81976],
			"to": [8.23143, -3.96333, 1.38024],
			"rotation": {"angle": 45, "axis": "x", "origin": [10.07143, 0.25, 6.79167]},
			"faces": {
				"north": {"uv": [8, 0.5, 7.5, 2.5], "rotation": 180, "texture": "#1_0"},
				"east": {"uv": [8, 0.5, 5.5, 2.5], "rotation": 180, "texture": "#1_0"},
				"south": {"uv": [6, 0.5, 5.5, 2.5], "rotation": 180, "texture": "#1_0"},
				"west": {"uv": [8, 2.5, 5.5, 0.5], "texture": "#1_0"},
				"up": {"uv": [5.5, 2.5, 8, 2], "rotation": 270, "texture": "#1_0"},
				"down": {"uv": [8, 1, 5.5, 0.5], "rotation": 270, "texture": "#1_0"}
			}
		},
		{
			"name": "20022_1",
			"from": [7.59143, -5.88333, 1.38024],
			"to": [8.23143, -0.76333, 3.30024],
			"rotation": {"angle": 45, "axis": "x", "origin": [10.07143, 0.25, 6.79167]},
			"faces": {
				"north": {"uv": [5.5, 1, 5, 5], "rotation": 180, "texture": "#1_0"},
				"east": {"uv": [5.5, 1, 4, 5], "rotation": 180, "texture": "#1_0"},
				"south": {"uv": [4.5, 1, 4, 5], "rotation": 180, "texture": "#1_0"},
				"west": {"uv": [5.5, 5, 4, 1], "texture": "#1_0"},
				"up": {"uv": [4, 5, 5.5, 4.5], "rotation": 270, "texture": "#1_0"},
				"down": {"uv": [5.5, 1.5, 4, 1], "rotation": 270, "texture": "#1_0"}
			}
		},
		{
			"name": "20022_2",
			"from": [7.59143, -5.88333, -3.09976],
			"to": [8.23143, -5.24333, -1.81976],
			"rotation": {"angle": 45, "axis": "x", "origin": [10.07143, 0.25, 6.79167]},
			"faces": {
				"north": {"uv": [9, 1, 8.5, 1.5], "rotation": 180, "texture": "#1_0"},
				"east": {"uv": [9, 1, 8, 1.5], "rotation": 180, "texture": "#1_0"},
				"south": {"uv": [8.5, 1, 8, 1.5], "rotation": 180, "texture": "#1_0"},
				"west": {"uv": [9, 1.5, 8, 1], "texture": "#1_0"},
				"up": {"uv": [8, 1.5, 9, 1], "rotation": 270, "texture": "#1_0"},
				"down": {"uv": [9, 1.5, 8, 1], "rotation": 270, "texture": "#1_0"}
			}
		},
		{
			"name": "20022_3",
			"from": [7.59143, -5.24333, 3.30024],
			"to": [8.23143, 0.51667, 3.94024],
			"rotation": {"angle": 45, "axis": "x", "origin": [10.07143, 0.25, 6.79167]},
			"faces": {
				"north": {"uv": [4, 1.5, 3.5, 6], "rotation": 180, "texture": "#1_0"},
				"east": {"uv": [4, 1.5, 3.5, 6], "rotation": 180, "texture": "#1_0"},
				"south": {"uv": [4, 1.5, 3.5, 6], "rotation": 180, "texture": "#1_0"},
				"west": {"uv": [4, 6, 3.5, 1.5], "texture": "#1_0"},
				"up": {"uv": [3.5, 6, 4, 5.5], "rotation": 270, "texture": "#1_0"},
				"down": {"uv": [4, 2, 3.5, 1.5], "rotation": 270, "texture": "#1_0"}
			}
		},
		{
			"name": "20022_4",
			"from": [7.59143, -5.24333, -2.45976],
			"to": [8.23143, -4.60333, -1.81976],
			"rotation": {"angle": 45, "axis": "x", "origin": [10.07143, 0.25, 6.79167]},
			"faces": {
				"north": {"uv": [8.5, 1.5, 8, 2], "rotation": 180, "texture": "#1_0"},
				"east": {"uv": [8.5, 1.5, 8, 2], "rotation": 180, "texture": "#1_0"},
				"south": {"uv": [8.5, 1.5, 8, 2], "rotation": 180, "texture": "#1_0"},
				"west": {"uv": [8.5, 2, 8, 1.5], "texture": "#1_0"},
				"up": {"uv": [8, 2, 8.5, 1.5], "rotation": 270, "texture": "#1_0"},
				"down": {"uv": [8.5, 2, 8, 1.5], "rotation": 270, "texture": "#1_0"}
			}
		},
		{
			"name": "20022_5",
			"from": [7.59143, -4.60333, 3.94024],
			"to": [8.23143, 1.79667, 4.58024],
			"rotation": {"angle": 45, "axis": "x", "origin": [10.07143, 0.25, 6.79167]},
			"faces": {
				"north": {"uv": [3.5, 2, 3, 7], "rotation": 180, "texture": "#1_0"},
				"east": {"uv": [3.5, 2, 3, 7], "rotation": 180, "texture": "#1_0"},
				"south": {"uv": [3.5, 2, 3, 7], "rotation": 180, "texture": "#1_0"},
				"west": {"uv": [3.5, 7, 3, 2], "texture": "#1_0"},
				"up": {"uv": [3, 7, 3.5, 6.5], "rotation": 270, "texture": "#1_0"},
				"down": {"uv": [3.5, 2.5, 3, 2], "rotation": 270, "texture": "#1_0"}
			}
		},
		{
			"name": "20022_6",
			"from": [7.59143, -3.96333, 4.58024],
			"to": [8.23143, 2.43667, 5.22024],
			"rotation": {"angle": 45, "axis": "x", "origin": [10.07143, 0.25, 6.79167]},
			"faces": {
				"north": {"uv": [3, 2.5, 2.5, 7.5], "rotation": 180, "texture": "#1_0"},
				"east": {"uv": [3, 2.5, 2.5, 7.5], "rotation": 180, "texture": "#1_0"},
				"south": {"uv": [3, 2.5, 2.5, 7.5], "rotation": 180, "texture": "#1_0"},
				"west": {"uv": [3, 7.5, 2.5, 2.5], "texture": "#1_0"},
				"up": {"uv": [2.5, 7.5, 3, 7], "rotation": 270, "texture": "#1_0"},
				"down": {"uv": [3, 3, 2.5, 2.5], "rotation": 270, "texture": "#1_0"}
			}
		},
		{
			"name": "20022_7",
			"from": [7.59143, -3.96333, 0.10024],
			"to": [8.23143, -2.68333, 1.38024],
			"rotation": {"angle": 45, "axis": "x", "origin": [10.07143, 0.25, 6.79167]},
			"faces": {
				"north": {"uv": [6.5, 2.5, 6, 3.5], "rotation": 180, "texture": "#1_0"},
				"east": {"uv": [6.5, 2.5, 5.5, 3.5], "rotation": 180, "texture": "#1_0"},
				"south": {"uv": [6, 2.5, 5.5, 3.5], "rotation": 180, "texture": "#1_0"},
				"west": {"uv": [6.5, 3.5, 5.5, 2.5], "texture": "#1_0"},
				"up": {"uv": [5.5, 3.5, 6.5, 3], "rotation": 270, "texture": "#1_0"},
				"down": {"uv": [6.5, 3, 5.5, 2.5], "rotation": 270, "texture": "#1_0"}
			}
		},
		{
			"name": "20022_8",
			"from": [7.59143, -3.96333, -0.53976],
			"to": [8.23143, -3.32333, 0.10024],
			"rotation": {"angle": 45, "axis": "x", "origin": [10.07143, 0.25, 6.79167]},
			"faces": {
				"north": {"uv": [7, 2.5, 6.5, 3], "rotation": 180, "texture": "#1_0"},
				"east": {"uv": [7, 2.5, 6.5, 3], "rotation": 180, "texture": "#1_0"},
				"south": {"uv": [7, 2.5, 6.5, 3], "rotation": 180, "texture": "#1_0"},
				"west": {"uv": [7, 3, 6.5, 2.5], "texture": "#1_0"},
				"up": {"uv": [6.5, 3, 7, 2.5], "rotation": 270, "texture": "#1_0"},
				"down": {"uv": [7, 3, 6.5, 2.5], "rotation": 270, "texture": "#1_0"}
			}
		},
		{
			"name": "20022_9",
			"from": [7.59143, -3.32333, 5.22024],
			"to": [8.23143, 3.71667, 5.86024],
			"rotation": {"angle": 45, "axis": "x", "origin": [10.07143, 0.25, 6.79167]},
			"faces": {
				"north": {"uv": [2.5, 3, 2, 8.5], "rotation": 180, "texture": "#1_0"},
				"east": {"uv": [2.5, 3, 2, 8.5], "rotation": 180, "texture": "#1_0"},
				"south": {"uv": [2.5, 3, 2, 8.5], "rotation": 180, "texture": "#1_0"},
				"west": {"uv": [2.5, 8.5, 2, 3], "texture": "#1_0"},
				"up": {"uv": [2, 8.5, 2.5, 8], "rotation": 270, "texture": "#1_0"},
				"down": {"uv": [2.5, 3.5, 2, 3], "rotation": 270, "texture": "#1_0"}
			}
		},
		{
			"name": "20022_10",
			"from": [7.59143, -3.32333, -6.29976],
			"to": [8.23143, 3.71667, -5.65976],
			"rotation": {"angle": 45, "axis": "x", "origin": [10.07143, 0.25, 6.79167]},
			"faces": {
				"north": {"uv": [11.5, 3, 11, 8.5], "rotation": 180, "texture": "#1_0"},
				"east": {"uv": [11.5, 3, 11, 8.5], "rotation": 180, "texture": "#1_0"},
				"south": {"uv": [11.5, 3, 11, 8.5], "rotation": 180, "texture": "#1_0"},
				"west": {"uv": [11.5, 8.5, 11, 3], "texture": "#1_0"},
				"up": {"uv": [11, 8.5, 11.5, 8], "rotation": 270, "texture": "#1_0"},
				"down": {"uv": [11.5, 3.5, 11, 3], "rotation": 270, "texture": "#1_0"}
			}
		},
		{
			"name": "20022_11",
			"from": [7.59143, -2.68333, 0.74024],
			"to": [8.23143, 2.43667, 1.38024],
			"rotation": {"angle": 45, "axis": "x", "origin": [10.07143, 0.25, 6.79167]},
			"faces": {
				"north": {"uv": [6, 3.5, 5.5, 7.5], "rotation": 180, "texture": "#1_0"},
				"east": {"uv": [6, 3.5, 5.5, 7.5], "rotation": 180, "texture": "#1_0"},
				"south": {"uv": [6, 3.5, 5.5, 7.5], "rotation": 180, "texture": "#1_0"},
				"west": {"uv": [6, 7.5, 5.5, 3.5], "texture": "#1_0"},
				"up": {"uv": [5.5, 7.5, 6, 7], "rotation": 270, "texture": "#1_0"},
				"down": {"uv": [6, 4, 5.5, 3.5], "rotation": 270, "texture": "#1_0"}
			}
		},
		{
			"name": "20022_12",
			"from": [7.59143, -2.68333, -3.09976],
			"to": [8.23143, -0.76333, -1.17976],
			"rotation": {"angle": 45, "axis": "x", "origin": [10.07143, 0.25, 6.79167]},
			"faces": {
				"north": {"uv": [9, 3.5, 8.5, 5], "rotation": 180, "texture": "#1_0"},
				"east": {"uv": [9, 3.5, 7.5, 5], "rotation": 180, "texture": "#1_0"},
				"south": {"uv": [8, 3.5, 7.5, 5], "rotation": 180, "texture": "#1_0"},
				"west": {"uv": [9, 5, 7.5, 3.5], "texture": "#1_0"},
				"up": {"uv": [7.5, 5, 9, 4.5], "rotation": 270, "texture": "#1_0"},
				"down": {"uv": [9, 4, 7.5, 3.5], "rotation": 270, "texture": "#1_0"}
			}
		},
		{
			"name": "20022_13",
			"from": [7.59143, -2.68333, -6.93976],
			"to": [8.23143, 2.43667, -6.29976],
			"rotation": {"angle": 45, "axis": "x", "origin": [10.07143, 0.25, 6.79167]},
			"faces": {
				"north": {"uv": [12, 3.5, 11.5, 7.5], "rotation": 180, "texture": "#1_0"},
				"east": {"uv": [12, 3.5, 11.5, 7.5], "rotation": 180, "texture": "#1_0"},
				"south": {"uv": [12, 3.5, 11.5, 7.5], "rotation": 180, "texture": "#1_0"},
				"west": {"uv": [12, 7.5, 11.5, 3.5], "texture": "#1_0"},
				"up": {"uv": [11.5, 7.5, 12, 7], "rotation": 270, "texture": "#1_0"},
				"down": {"uv": [12, 4, 11.5, 3.5], "rotation": 270, "texture": "#1_0"}
			}
		},
		{
			"name": "20022_14",
			"from": [7.59143, -2.04333, 5.86024],
			"to": [8.23143, 3.07667, 6.50024],
			"rotation": {"angle": 45, "axis": "x", "origin": [10.07143, 0.25, 6.79167]},
			"faces": {
				"north": {"uv": [2, 4, 1.5, 8], "rotation": 180, "texture": "#1_0"},
				"east": {"uv": [2, 4, 1.5, 8], "rotation": 180, "texture": "#1_0"},
				"south": {"uv": [2, 4, 1.5, 8], "rotation": 180, "texture": "#1_0"},
				"west": {"uv": [2, 8, 1.5, 4], "texture": "#1_0"},
				"up": {"uv": [1.5, 8, 2, 7.5], "rotation": 270, "texture": "#1_0"},
				"down": {"uv": [2, 4.5, 1.5, 4], "rotation": 270, "texture": "#1_0"}
			}
		},
		{
			"name": "20022_15",
			"from": [7.59143, -2.04333, 0.10024],
			"to": [8.23143, 2.43667, 0.74024],
			"rotation": {"angle": 45, "axis": "x", "origin": [10.07143, 0.25, 6.79167]},
			"faces": {
				"north": {"uv": [6.5, 4, 6, 7.5], "rotation": 180, "texture": "#1_0"},
				"east": {"uv": [6.5, 4, 6, 7.5], "rotation": 180, "texture": "#1_0"},
				"south": {"uv": [6.5, 4, 6, 7.5], "rotation": 180, "texture": "#1_0"},
				"west": {"uv": [6.5, 7.5, 6, 4], "texture": "#1_0"},
				"up": {"uv": [6, 7.5, 6.5, 7], "rotation": 270, "texture": "#1_0"},
				"down": {"uv": [6.5, 4.5, 6, 4], "rotation": 270, "texture": "#1_0"}
			}
		},
		{
			"name": "20022_16",
			"from": [7.59143, -2.04333, -1.17976],
			"to": [8.23143, 2.43667, -0.53976],
			"rotation": {"angle": 45, "axis": "x", "origin": [10.07143, 0.25, 6.79167]},
			"faces": {
				"north": {"uv": [7.5, 4, 7, 7.5], "rotation": 180, "texture": "#1_0"},
				"east": {"uv": [7.5, 4, 7, 7.5], "rotation": 180, "texture": "#1_0"},
				"south": {"uv": [7.5, 4, 7, 7.5], "rotation": 180, "texture": "#1_0"},
				"west": {"uv": [7.5, 7.5, 7, 4], "texture": "#1_0"},
				"up": {"uv": [7, 7.5, 7.5, 7], "rotation": 270, "texture": "#1_0"},
				"down": {"uv": [7.5, 4.5, 7, 4], "rotation": 270, "texture": "#1_0"}
			}
		},
		{
			"name": "20022_17",
			"from": [7.59143, -2.04333, -5.65976],
			"to": [8.23143, 4.35667, -5.01976],
			"rotation": {"angle": 45, "axis": "x", "origin": [10.07143, 0.25, 6.79167]},
			"faces": {
				"north": {"uv": [11, 4, 10.5, 9], "rotation": 180, "texture": "#1_0"},
				"east": {"uv": [11, 4, 10.5, 9], "rotation": 180, "texture": "#1_0"},
				"south": {"uv": [11, 4, 10.5, 9], "rotation": 180, "texture": "#1_0"},
				"west": {"uv": [11, 9, 10.5, 4], "texture": "#1_0"},
				"up": {"uv": [10.5, 9, 11, 8.5], "rotation": 270, "texture": "#1_0"},
				"down": {"uv": [11, 4.5, 10.5, 4], "rotation": 270, "texture": "#1_0"}
			}
		},
		{
			"name": "20022_18",
			"from": [7.59143, -1.40333, -0.53976],
			"to": [8.23143, 2.43667, 0.10024],
			"rotation": {"angle": 45, "axis": "x", "origin": [10.07143, 0.25, 6.79167]},
			"faces": {
				"north": {"uv": [7, 4.5, 6.5, 7.5], "rotation": 180, "texture": "#1_0"},
				"east": {"uv": [7, 4.5, 6.5, 7.5], "rotation": 180, "texture": "#1_0"},
				"south": {"uv": [7, 4.5, 6.5, 7.5], "rotation": 180, "texture": "#1_0"},
				"west": {"uv": [7, 7.5, 6.5, 4.5], "texture": "#1_0"},
				"up": {"uv": [6.5, 7.5, 7, 7], "rotation": 270, "texture": "#1_0"},
				"down": {"uv": [7, 5, 6.5, 4.5], "rotation": 270, "texture": "#1_0"}
			}
		},
		{
			"name": "20022_19",
			"from": [7.59143, -1.40333, -5.01976],
			"to": [8.23143, 4.99667, -4.37976],
			"rotation": {"angle": 45, "axis": "x", "origin": [10.07143, 0.25, 6.79167]},
			"faces": {
				"north": {"uv": [10.5, 4.5, 10, 9.5], "rotation": 180, "texture": "#1_0"},
				"east": {"uv": [10.5, 4.5, 10, 9.5], "rotation": 180, "texture": "#1_0"},
				"south": {"uv": [10.5, 4.5, 10, 9.5], "rotation": 180, "texture": "#1_0"},
				"west": {"uv": [10.5, 9.5, 10, 4.5], "texture": "#1_0"},
				"up": {"uv": [10, 9.5, 10.5, 9], "rotation": 270, "texture": "#1_0"},
				"down": {"uv": [10.5, 5, 10, 4.5], "rotation": 270, "texture": "#1_0"}
			}
		},
		{
			"name": "20022_20",
			"from": [7.59143, -0.76333, 2.66024],
			"to": [8.23143, -0.12333, 3.30024],
			"rotation": {"angle": 45, "axis": "x", "origin": [10.07143, 0.25, 6.79167]},
			"faces": {
				"north": {"uv": [4.5, 5, 4, 5.5], "rotation": 180, "texture": "#1_0"},
				"east": {"uv": [4.5, 5, 4, 5.5], "rotation": 180, "texture": "#1_0"},
				"south": {"uv": [4.5, 5, 4, 5.5], "rotation": 180, "texture": "#1_0"},
				"west": {"uv": [4.5, 5.5, 4, 5], "texture": "#1_0"},
				"up": {"uv": [4, 5.5, 4.5, 5], "rotation": 270, "texture": "#1_0"},
				"down": {"uv": [4.5, 5.5, 4, 5], "rotation": 270, "texture": "#1_0"}
			}
		},
		{
			"name": "20022_21",
			"from": [7.59143, -0.76333, 1.38024],
			"to": [8.23143, 3.07667, 2.02024],
			"rotation": {"angle": 45, "axis": "x", "origin": [10.07143, 0.25, 6.79167]},
			"faces": {
				"north": {"uv": [5.5, 5, 5, 8], "rotation": 180, "texture": "#1_0"},
				"east": {"uv": [5.5, 5, 5, 8], "rotation": 180, "texture": "#1_0"},
				"south": {"uv": [5.5, 5, 5, 8], "rotation": 180, "texture": "#1_0"},
				"west": {"uv": [5.5, 8, 5, 5], "texture": "#1_0"},
				"up": {"uv": [5, 8, 5.5, 7.5], "rotation": 270, "texture": "#1_0"},
				"down": {"uv": [5.5, 5.5, 5, 5], "rotation": 270, "texture": "#1_0"}
			}
		},
		{
			"name": "20022_22",
			"from": [7.59143, -0.76333, -2.45976],
			"to": [8.23143, -0.12333, -1.17976],
			"rotation": {"angle": 45, "axis": "x", "origin": [10.07143, 0.25, 6.79167]},
			"faces": {
				"north": {"uv": [8.5, 5, 8, 5.5], "rotation": 180, "texture": "#1_0"},
				"east": {"uv": [8.5, 5, 7.5, 5.5], "rotation": 180, "texture": "#1_0"},
				"south": {"uv": [8, 5, 7.5, 5.5], "rotation": 180, "texture": "#1_0"},
				"west": {"uv": [8.5, 5.5, 7.5, 5], "texture": "#1_0"},
				"up": {"uv": [7.5, 5.5, 8.5, 5], "rotation": 270, "texture": "#1_0"},
				"down": {"uv": [8.5, 5.5, 7.5, 5], "rotation": 270, "texture": "#1_0"}
			}
		},
		{
			"name": "20022_23",
			"from": [7.59143, -0.12333, -1.81976],
			"to": [8.23143, 6.91667, -1.17976],
			"rotation": {"angle": 45, "axis": "x", "origin": [10.07143, 0.25, 6.79167]},
			"faces": {
				"north": {"uv": [8, 5.5, 7.5, 11], "rotation": 180, "texture": "#1_0"},
				"east": {"uv": [8, 5.5, 7.5, 11], "rotation": 180, "texture": "#1_0"},
				"south": {"uv": [8, 5.5, 7.5, 11], "rotation": 180, "texture": "#1_0"},
				"west": {"uv": [8, 11, 7.5, 5.5], "texture": "#1_0"},
				"up": {"uv": [7.5, 11, 8, 10.5], "rotation": 270, "texture": "#1_0"},
				"down": {"uv": [8, 6, 7.5, 5.5], "rotation": 270, "texture": "#1_0"}
			}
		},
		{
			"name": "20022_24",
			"from": [7.59143, -0.12333, -4.37976],
			"to": [8.23143, 5.63667, -3.73976],
			"rotation": {"angle": 45, "axis": "x", "origin": [10.07143, 0.25, 6.79167]},
			"faces": {
				"north": {"uv": [10, 5.5, 9.5, 10], "rotation": 180, "texture": "#1_0"},
				"east": {"uv": [10, 5.5, 9.5, 10], "rotation": 180, "texture": "#1_0"},
				"south": {"uv": [10, 5.5, 9.5, 10], "rotation": 180, "texture": "#1_0"},
				"west": {"uv": [10, 10, 9.5, 5.5], "texture": "#1_0"},
				"up": {"uv": [9.5, 10, 10, 9.5], "rotation": 270, "texture": "#1_0"},
				"down": {"uv": [10, 6, 9.5, 5.5], "rotation": 270, "texture": "#1_0"}
			}
		},
		{
			"name": "20022_25",
			"from": [7.59143, 0.51667, -2.45976],
			"to": [8.23143, 6.27667, -1.81976],
			"rotation": {"angle": 45, "axis": "x", "origin": [10.07143, 0.25, 6.79167]},
			"faces": {
				"north": {"uv": [8.5, 6, 8, 10.5], "rotation": 180, "texture": "#1_0"},
				"east": {"uv": [8.5, 6, 8, 10.5], "rotation": 180, "texture": "#1_0"},
				"south": {"uv": [8.5, 6, 8, 10.5], "rotation": 180, "texture": "#1_0"},
				"west": {"uv": [8.5, 10.5, 8, 6], "texture": "#1_0"},
				"up": {"uv": [8, 10.5, 8.5, 10], "rotation": 270, "texture": "#1_0"},
				"down": {"uv": [8.5, 6.5, 8, 6], "rotation": 270, "texture": "#1_0"}
			}
		},
		{
			"name": "20022_26",
			"from": [7.59143, 0.51667, -3.73976],
			"to": [8.23143, 6.27667, -3.09976],
			"rotation": {"angle": 45, "axis": "x", "origin": [10.07143, 0.25, 6.79167]},
			"faces": {
				"north": {"uv": [9.5, 6, 9, 10.5], "rotation": 180, "texture": "#1_0"},
				"east": {"uv": [9.5, 6, 9, 10.5], "rotation": 180, "texture": "#1_0"},
				"south": {"uv": [9.5, 6, 9, 10.5], "rotation": 180, "texture": "#1_0"},
				"west": {"uv": [9.5, 10.5, 9, 6], "texture": "#1_0"},
				"up": {"uv": [9, 10.5, 9.5, 10], "rotation": 270, "texture": "#1_0"},
				"down": {"uv": [9.5, 6.5, 9, 6], "rotation": 270, "texture": "#1_0"}
			}
		},
		{
			"name": "20022_27",
			"from": [7.59143, 1.15667, -3.09976],
			"to": [8.23143, 6.27667, -2.45976],
			"rotation": {"angle": 45, "axis": "x", "origin": [10.07143, 0.25, 6.79167]},
			"faces": {
				"north": {"uv": [9, 6.5, 8.5, 10.5], "rotation": 180, "texture": "#1_0"},
				"east": {"uv": [9, 6.5, 8.5, 10.5], "rotation": 180, "texture": "#1_0"},
				"south": {"uv": [9, 6.5, 8.5, 10.5], "rotation": 180, "texture": "#1_0"},
				"west": {"uv": [9, 10.5, 8.5, 6.5], "texture": "#1_0"},
				"up": {"uv": [8.5, 10.5, 9, 10], "rotation": 270, "texture": "#1_0"},
				"down": {"uv": [9, 7, 8.5, 6.5], "rotation": 270, "texture": "#1_0"}
			}
		},
		{
			"name": "20022_28",
			"from": [7.59143, 1.79667, 2.02024],
			"to": [8.23143, 3.71667, 2.66024],
			"rotation": {"angle": 45, "axis": "x", "origin": [10.07143, 0.25, 6.79167]},
			"faces": {
				"north": {"uv": [5, 7, 4.5, 8.5], "rotation": 180, "texture": "#1_0"},
				"east": {"uv": [5, 7, 4.5, 8.5], "rotation": 180, "texture": "#1_0"},
				"south": {"uv": [5, 7, 4.5, 8.5], "rotation": 180, "texture": "#1_0"},
				"west": {"uv": [5, 8.5, 4.5, 7], "texture": "#1_0"},
				"up": {"uv": [4.5, 8.5, 5, 8], "rotation": 270, "texture": "#1_0"},
				"down": {"uv": [5, 7.5, 4.5, 7], "rotation": 270, "texture": "#1_0"}
			}
		},
		{
			"name": "20022_29",
			"from": [7.59143, 2.43667, 2.66024],
			"to": [8.23143, 4.35667, 3.30024],
			"rotation": {"angle": 45, "axis": "x", "origin": [10.07143, 0.25, 6.79167]},
			"faces": {
				"north": {"uv": [4.5, 7.5, 4, 9], "rotation": 180, "texture": "#1_0"},
				"east": {"uv": [4.5, 7.5, 4, 9], "rotation": 180, "texture": "#1_0"},
				"south": {"uv": [4.5, 7.5, 4, 9], "rotation": 180, "texture": "#1_0"},
				"west": {"uv": [4.5, 9, 4, 7.5], "texture": "#1_0"},
				"up": {"uv": [4, 9, 4.5, 8.5], "rotation": 270, "texture": "#1_0"},
				"down": {"uv": [4.5, 8, 4, 7.5], "rotation": 270, "texture": "#1_0"}
			}
		},
		{
			"name": "20022_30",
			"from": [7.59143, 3.07667, 3.30024],
			"to": [8.23143, 4.99667, 3.94024],
			"rotation": {"angle": 45, "axis": "x", "origin": [10.07143, 0.25, 6.79167]},
			"faces": {
				"north": {"uv": [4, 8, 3.5, 9.5], "rotation": 180, "texture": "#1_0"},
				"east": {"uv": [4, 8, 3.5, 9.5], "rotation": 180, "texture": "#1_0"},
				"south": {"uv": [4, 8, 3.5, 9.5], "rotation": 180, "texture": "#1_0"},
				"west": {"uv": [4, 9.5, 3.5, 8], "texture": "#1_0"},
				"up": {"uv": [3.5, 9.5, 4, 9], "rotation": 270, "texture": "#1_0"},
				"down": {"uv": [4, 8.5, 3.5, 8], "rotation": 270, "texture": "#1_0"}
			}
		},
		{
			"name": "20022_31",
			"from": [7.59143, 3.07667, -1.17976],
			"to": [8.23143, 6.91667, -0.53976],
			"rotation": {"angle": 45, "axis": "x", "origin": [10.07143, 0.25, 6.79167]},
			"faces": {
				"north": {"uv": [7.5, 8, 7, 11], "rotation": 180, "texture": "#1_0"},
				"east": {"uv": [7.5, 8, 7, 11], "rotation": 180, "texture": "#1_0"},
				"south": {"uv": [7.5, 8, 7, 11], "rotation": 180, "texture": "#1_0"},
				"west": {"uv": [7.5, 11, 7, 8], "texture": "#1_0"},
				"up": {"uv": [7, 11, 7.5, 10.5], "rotation": 270, "texture": "#1_0"},
				"down": {"uv": [7.5, 8.5, 7, 8], "rotation": 270, "texture": "#1_0"}
			}
		},
		{
			"name": "20022_32",
			"from": [7.59143, 3.71667, 3.94024],
			"to": [8.23143, 5.63667, 4.58024],
			"rotation": {"angle": 45, "axis": "x", "origin": [10.07143, 0.25, 6.79167]},
			"faces": {
				"north": {"uv": [3.5, 8.5, 3, 10], "rotation": 180, "texture": "#1_0"},
				"east": {"uv": [3.5, 8.5, 3, 10], "rotation": 180, "texture": "#1_0"},
				"south": {"uv": [3.5, 8.5, 3, 10], "rotation": 180, "texture": "#1_0"},
				"west": {"uv": [3.5, 10, 3, 8.5], "texture": "#1_0"},
				"up": {"uv": [3, 10, 3.5, 9.5], "rotation": 270, "texture": "#1_0"},
				"down": {"uv": [3.5, 9, 3, 8.5], "rotation": 270, "texture": "#1_0"}
			}
		},
		{
			"name": "20022_33",
			"from": [7.59143, 3.71667, -0.53976],
			"to": [8.23143, 6.91667, 0.10024],
			"rotation": {"angle": 45, "axis": "x", "origin": [10.07143, 0.25, 6.79167]},
			"faces": {
				"north": {"uv": [7, 8.5, 6.5, 11], "rotation": 180, "texture": "#1_0"},
				"east": {"uv": [7, 8.5, 6.5, 11], "rotation": 180, "texture": "#1_0"},
				"south": {"uv": [7, 8.5, 6.5, 11], "rotation": 180, "texture": "#1_0"},
				"west": {"uv": [7, 11, 6.5, 8.5], "texture": "#1_0"},
				"up": {"uv": [6.5, 11, 7, 10.5], "rotation": 270, "texture": "#1_0"},
				"down": {"uv": [7, 9, 6.5, 8.5], "rotation": 270, "texture": "#1_0"}
			}
		},
		{
			"name": "20022_34",
			"from": [7.59143, 4.35667, 4.58024],
			"to": [8.23143, 6.27667, 5.22024],
			"rotation": {"angle": 45, "axis": "x", "origin": [10.07143, 0.25, 6.79167]},
			"faces": {
				"north": {"uv": [3, 9, 2.5, 10.5], "rotation": 180, "texture": "#1_0"},
				"east": {"uv": [3, 9, 2.5, 10.5], "rotation": 180, "texture": "#1_0"},
				"south": {"uv": [3, 9, 2.5, 10.5], "rotation": 180, "texture": "#1_0"},
				"west": {"uv": [3, 10.5, 2.5, 9], "texture": "#1_0"},
				"up": {"uv": [2.5, 10.5, 3, 10], "rotation": 270, "texture": "#1_0"},
				"down": {"uv": [3, 9.5, 2.5, 9], "rotation": 270, "texture": "#1_0"}
			}
		},
		{
			"name": "20022_35",
			"from": [7.59143, 4.35667, 0.10024],
			"to": [8.23143, 6.91667, 1.38024],
			"rotation": {"angle": 45, "axis": "x", "origin": [10.07143, 0.25, 6.79167]},
			"faces": {
				"north": {"uv": [6.5, 9, 6, 11], "rotation": 180, "texture": "#1_0"},
				"east": {"uv": [6.5, 9, 5.5, 11], "rotation": 180, "texture": "#1_0"},
				"south": {"uv": [6, 9, 5.5, 11], "rotation": 180, "texture": "#1_0"},
				"west": {"uv": [6.5, 11, 5.5, 9], "texture": "#1_0"},
				"up": {"uv": [5.5, 11, 6.5, 10.5], "rotation": 270, "texture": "#1_0"},
				"down": {"uv": [6.5, 9.5, 5.5, 9], "rotation": 270, "texture": "#1_0"}
			}
		},
		{
			"name": "20022_36",
			"from": [7.59143, 4.99667, 5.22024],
			"to": [8.23143, 6.91667, 5.86024],
			"rotation": {"angle": 45, "axis": "x", "origin": [10.07143, 0.25, 6.79167]},
			"faces": {
				"north": {"uv": [2.5, 9.5, 2, 11], "rotation": 180, "texture": "#1_0"},
				"east": {"uv": [2.5, 9.5, 2, 11], "rotation": 180, "texture": "#1_0"},
				"south": {"uv": [2.5, 9.5, 2, 11], "rotation": 180, "texture": "#1_0"},
				"west": {"uv": [2.5, 11, 2, 9.5], "texture": "#1_0"},
				"up": {"uv": [2, 11, 2.5, 10.5], "rotation": 270, "texture": "#1_0"},
				"down": {"uv": [2.5, 10, 2, 9.5], "rotation": 270, "texture": "#1_0"}
			}
		},
		{
			"name": "20022_37",
			"from": [7.59143, 4.99667, 1.38024],
			"to": [8.23143, 6.27667, 2.02024],
			"rotation": {"angle": 45, "axis": "x", "origin": [10.07143, 0.25, 6.79167]},
			"faces": {
				"north": {"uv": [5.5, 9.5, 5, 10.5], "rotation": 180, "texture": "#1_0"},
				"east": {"uv": [5.5, 9.5, 5, 10.5], "rotation": 180, "texture": "#1_0"},
				"south": {"uv": [5.5, 9.5, 5, 10.5], "rotation": 180, "texture": "#1_0"},
				"west": {"uv": [5.5, 10.5, 5, 9.5], "texture": "#1_0"},
				"up": {"uv": [5, 10.5, 5.5, 10], "rotation": 270, "texture": "#1_0"},
				"down": {"uv": [5.5, 10, 5, 9.5], "rotation": 270, "texture": "#1_0"}
			}
		},
		{
			"name": "20022_38",
			"from": [7.59143, 5.63667, 5.86024],
			"to": [8.23143, 7.55667, 6.50024],
			"rotation": {"angle": 45, "axis": "x", "origin": [10.07143, 0.25, 6.79167]},
			"faces": {
				"north": {"uv": [2, 10, 1.5, 11.5], "rotation": 180, "texture": "#1_0"},
				"east": {"uv": [2, 10, 1.5, 11.5], "rotation": 180, "texture": "#1_0"},
				"south": {"uv": [2, 10, 1.5, 11.5], "rotation": 180, "texture": "#1_0"},
				"west": {"uv": [2, 11.5, 1.5, 10], "texture": "#1_0"},
				"up": {"uv": [1.5, 11.5, 2, 11], "rotation": 270, "texture": "#1_0"},
				"down": {"uv": [2, 10.5, 1.5, 10], "rotation": 270, "texture": "#1_0"}
			}
		},
		{
			"name": "20022_39",
			"from": [7.59143, 5.63667, 2.02024],
			"to": [8.23143, 6.27667, 2.66024],
			"rotation": {"angle": 45, "axis": "x", "origin": [10.07143, 0.25, 6.79167]},
			"faces": {
				"north": {"uv": [5, 10, 4.5, 10.5], "rotation": 180, "texture": "#1_0"},
				"east": {"uv": [5, 10, 4.5, 10.5], "rotation": 180, "texture": "#1_0"},
				"south": {"uv": [5, 10, 4.5, 10.5], "rotation": 180, "texture": "#1_0"},
				"west": {"uv": [5, 10.5, 4.5, 10], "texture": "#1_0"},
				"up": {"uv": [4.5, 10.5, 5, 10], "rotation": 270, "texture": "#1_0"},
				"down": {"uv": [5, 10.5, 4.5, 10], "rotation": 270, "texture": "#1_0"}
			}
		},
		{
			"name": "20022_40",
			"from": [7.59143, 6.27667, 6.50024],
			"to": [8.23143, 8.19667, 7.14024],
			"rotation": {"angle": 45, "axis": "x", "origin": [10.07143, 0.25, 6.79167]},
			"faces": {
				"north": {"uv": [1.5, 10.5, 1, 12], "rotation": 180, "texture": "#1_0"},
				"east": {"uv": [1.5, 10.5, 1, 12], "rotation": 180, "texture": "#1_0"},
				"south": {"uv": [1.5, 10.5, 1, 12], "rotation": 180, "texture": "#1_0"},
				"west": {"uv": [1.5, 12, 1, 10.5], "texture": "#1_0"},
				"up": {"uv": [1, 12, 1.5, 11.5], "rotation": 270, "texture": "#1_0"},
				"down": {"uv": [1.5, 11, 1, 10.5], "rotation": 270, "texture": "#1_0"}
			}
		},
		{
			"name": "20022_41",
			"from": [7.59143, 6.91667, 7.14024],
			"to": [8.23143, 8.19667, 7.78024],
			"rotation": {"angle": 45, "axis": "x", "origin": [10.07143, 0.25, 6.79167]},
			"faces": {
				"north": {"uv": [1, 11, 0.5, 12], "rotation": 180, "texture": "#1_0"},
				"east": {"uv": [1, 11, 0.5, 12], "rotation": 180, "texture": "#1_0"},
				"south": {"uv": [1, 11, 0.5, 12], "rotation": 180, "texture": "#1_0"},
				"west": {"uv": [1, 12, 0.5, 11], "texture": "#1_0"},
				"up": {"uv": [0.5, 12, 1, 11.5], "rotation": 270, "texture": "#1_0"},
				"down": {"uv": [1, 11.5, 0.5, 11], "rotation": 270, "texture": "#1_0"}
			}
		}
	],
	"display": {
		"thirdperson_righthand": {
			"rotation": [90, 0, 0],
			"translation": [1.25, -1, -2.25],
			"scale": [1.7, 1.7, 1.7]
		},
		"thirdperson_lefthand": {
			"rotation": [90, 0, 0],
			"translation": [1.25, -1, 0],
			"scale": [1.7, 1.7, 1.7]
		}
	},
	"groups": [
		{
			"name": "20022",
			"origin": [8, 8, 8],
			"color": 0,
			"children": [
				0,
				{
					"name": "migite",
					"origin": [8, 8, 8],
					"color": 0,
					"children": [1, 2, 3, 4, 5, 6, 7, 8, 9, 10, 11, 12, 13]
				},
				{
					"name": "20022",
					"origin": [8, 8, 8],
					"color": 0,
					"children": [14, 15, 16, 17, 18, 19, 20, 21, 22, 23, 24, 25, 26, 27, 28, 29, 30, 31, 32, 33, 34, 35, 36, 37, 38, 39, 40, 41, 42, 43, 44, 45, 46, 47, 48, 49, 50, 51, 52, 53, 54, 55]
				}
			]
		}
	]
}