{
    "credit": "Made with Blockbench",
    "texture_size": [
        32,
        32
    ],
    "textures": {
        "0": "item/mob/stick/20190/skina",
        "2": "item/mob/stick/20194/gun"
    },
    "elements": [
        {
            "name": "right_arm",
            "from": [
                10,
                5.75,
                7
            ],
            "to": [
                11.5,
                11.75,
                9
            ],
            "rotation": {
                "angle": 0,
                "axis": "y",
                "origin": [
                    4,
                    0,
                    4
                ]
            },
            "faces": {
                "north": {
                    "uv": [
                        11,
                        5,
                        11.75,
                        8
                    ],
                    "texture": "#0"
                },
                "east": {
                    "uv": [
                        10,
                        5,
                        11,
                        8
                    ],
                    "texture": "#0"
                },
                "south": {
                    "uv": [
                        12.75,
                        5,
                        13.5,
                        8
                    ],
                    "texture": "#0"
                },
                "west": {
                    "uv": [
                        11.75,
                        5,
                        12.75,
                        8
                    ],
                    "texture": "#0"
                },
                "up": {
                    "uv": [
                        11.75,
                        5,
                        11,
                        4
                    ],
                    "texture": "#0"
                },
                "down": {
                    "uv": [
                        12.5,
                        4,
                        11.75,
                        5
                    ],
                    "texture": "#0"
                }
            }
        },
        {
            "name": "right_arm_2nd_layer",
            "from": [
                9.75,
                5.5,
                6.75
            ],
            "to": [
                11.75,
                12,
                9.25
            ],
            "rotation": {
                "angle": 0,
                "axis": "y",
                "origin": [
                    4,
                    0,
                    4
                ]
            },
            "faces": {
                "north": {
                    "uv": [
                        10.75,
                        9,
                        11.5,
                        12
                    ],
                    "texture": "#0"
                },
                "east": {
                    "uv": [
                        10,
                        9,
                        11,
                        12
                    ],
                    "texture": "#0"
                },
                "south": {
                    "uv": [
                        12.75,
                        9,
                        13.5,
                        12
                    ],
                    "texture": "#0"
                },
                "west": {
                    "uv": [
                        11.75,
                        9,
                        12.75,
                        12
                    ],
                    "texture": "#0"
                },
                "up": {
                    "uv": [
                        11.75,
                        9,
                        11,
                        8
                    ],
                    "texture": "#0"
                },
                "down": {
                    "uv": [
                        12.5,
                        8,
                        11.75,
                        9
                    ],
                    "texture": "#0"
                }
            }
        },
        {
            "from": [
                10.06,
                4.205,
                6.155
            ],
            "to": [
                10.94,
                5.525,
                7.255
            ],
            "rotation": {
                "angle": 0,
                "axis": "x",
                "origin": [
                    10.5,
                    5.25,
                    6.375
                ]
            },
            "faces": {
                "north": {
                    "uv": [
                        5,
                        12.5,
                        4,
                        11
                    ],
                    "rotation": 180,
                    "texture": "#2"
                },
                "east": {
                    "uv": [
                        9,
                        0,
                        10.5,
                        1.5
                    ],
                    "rotation": 90,
                    "texture": "#2"
                },
                "south": {
                    "uv": [
                        6,
                        11,
                        5,
                        12.5
                    ],
                    "texture": "#2"
                },
                "west": {
                    "uv": [
                        10,
                        4,
                        11.5,
                        5.5
                    ],
                    "rotation": 270,
                    "texture": "#2"
                },
                "up": {
                    "uv": [
                        11,
                        2,
                        12,
                        3.5
                    ],
                    "texture": "#2"
                },
                "down": {
                    "uv": [
                        1,
                        11,
                        2,
                        12.5
                    ],
                    "rotation": 180,
                    "texture": "#2"
                }
            }
        },
        {
            "from": [
                10.06044,
                4.82231,
                6.93883
            ],
            "to": [
                10.93956,
                5.04209,
                7.81795
            ],
            "rotation": {
                "angle": -45,
                "axis": "x",
                "origin": [
                    10.5,
                    5.25,
                    6.375
                ]
            },
            "faces": {
                "north": {
                    "uv": [
                        8.5,
                        13,
                        7.5,
                        12.5
                    ],
                    "rotation": 180,
                    "texture": "#2"
                },
                "east": {
                    "uv": [
                        6.5,
                        12.5,
                        7,
                        13.5
                    ],
                    "rotation": 90,
                    "texture": "#2"
                },
                "south": {
                    "uv": [
                        13.5,
                        7.5,
                        12.5,
                        8
                    ],
                    "texture": "#2"
                },
                "west": {
                    "uv": [
                        7,
                        12.5,
                        7.5,
                        13.5
                    ],
                    "rotation": 270,
                    "texture": "#2"
                },
                "up": {
                    "uv": [
                        10,
                        11.5,
                        11,
                        12.5
                    ],
                    "texture": "#2"
                },
                "down": {
                    "uv": [
                        11.5,
                        4,
                        12.5,
                        5
                    ],
                    "rotation": 180,
                    "texture": "#2"
                }
            }
        },
        {
            "from": [
                10.06,
                5.40713,
                7.65222
            ],
            "to": [
                10.94,
                6.28713,
                7.87223
            ],
            "rotation": {
                "angle": -22.5,
                "axis": "x",
                "origin": [
                    10.5,
                    5.25,
                    6.375
                ]
            },
            "faces": {
                "north": {
                    "uv": [
                        12,
                        12.5,
                        11,
                        11.5
                    ],
                    "rotation": 180,
                    "texture": "#2"
                },
                "east": {
                    "uv": [
                        12.5,
                        8.5,
                        13.5,
                        9
                    ],
                    "rotation": 90,
                    "texture": "#2"
                },
                "south": {
                    "uv": [
                        13,
                        2,
                        12,
                        3
                    ],
                    "texture": "#2"
                },
                "west": {
                    "uv": [
                        12.5,
                        9.5,
                        13.5,
                        10
                    ],
                    "rotation": 270,
                    "texture": "#2"
                },
                "up": {
                    "uv": [
                        12.5,
                        9,
                        13.5,
                        9.5
                    ],
                    "texture": "#2"
                },
                "down": {
                    "uv": [
                        12.5,
                        8,
                        13.5,
                        8.5
                    ],
                    "rotation": 180,
                    "texture": "#2"
                }
            }
        },
        {
            "from": [
                10.28,
                6.30037,
                5.9759
            ],
            "to": [
                10.72,
                6.52037,
                6.8559
            ],
            "rotation": {
                "angle": 22.5,
                "axis": "x",
                "origin": [
                    10.5,
                    5.25,
                    6.375
                ]
            },
            "faces": {
                "north": {
                    "uv": [
                        12,
                        5.5,
                        11.5,
                        5
                    ],
                    "rotation": 180,
                    "texture": "#2"
                },
                "east": {
                    "uv": [
                        10,
                        12.5,
                        10.5,
                        13.5
                    ],
                    "rotation": 90,
                    "texture": "#2"
                },
                "south": {
                    "uv": [
                        13.5,
                        11,
                        13,
                        11.5
                    ],
                    "texture": "#2"
                },
                "west": {
                    "uv": [
                        11,
                        12.5,
                        11.5,
                        13.5
                    ],
                    "rotation": 270,
                    "texture": "#2"
                },
                "up": {
                    "uv": [
                        10.5,
                        12.5,
                        11,
                        13.5
                    ],
                    "texture": "#2"
                },
                "down": {
                    "uv": [
                        8.5,
                        12.5,
                        9,
                        13.5
                    ],
                    "rotation": 180,
                    "texture": "#2"
                }
            }
        },
        {
            "from": [
                10.06,
                5.525,
                6.375
            ],
            "to": [
                10.94,
                6.845,
                6.815
            ],
            "rotation": {
                "angle": 0,
                "axis": "x",
                "origin": [
                    10.5,
                    5.25,
                    6.375
                ]
            },
            "faces": {
                "north": {
                    "uv": [
                        12,
                        7,
                        11,
                        5.5
                    ],
                    "rotation": 180,
                    "texture": "#2"
                },
                "east": {
                    "uv": [
                        12,
                        3,
                        13.5,
                        3.5
                    ],
                    "rotation": 90,
                    "texture": "#2"
                },
                "south": {
                    "uv": [
                        7,
                        11,
                        6,
                        12.5
                    ],
                    "texture": "#2"
                },
                "west": {
                    "uv": [
                        5,
                        12.5,
                        6.5,
                        13
                    ],
                    "rotation": 270,
                    "texture": "#2"
                },
                "up": {
                    "uv": [
                        12.5,
                        12,
                        13.5,
                        12.5
                    ],
                    "texture": "#2"
                },
                "down": {
                    "uv": [
                        12.5,
                        11.5,
                        13.5,
                        12
                    ],
                    "rotation": 180,
                    "texture": "#2"
                }
            }
        },
        {
            "from": [
                10.06044,
                6.06392,
                6.98571
            ],
            "to": [
                10.93956,
                6.72326,
                7.64505
            ],
            "rotation": {
                "angle": -22.5,
                "axis": "x",
                "origin": [
                    10.5,
                    5.25,
                    6.375
                ]
            },
            "faces": {
                "north": {
                    "uv": [
                        3,
                        13.5,
                        2,
                        13
                    ],
                    "rotation": 180,
                    "texture": "#2"
                },
                "east": {
                    "uv": [
                        12.5,
                        13,
                        13,
                        13.5
                    ],
                    "rotation": 90,
                    "texture": "#2"
                },
                "south": {
                    "uv": [
                        14,
                        2,
                        13,
                        2.5
                    ],
                    "texture": "#2"
                },
                "west": {
                    "uv": [
                        13,
                        13,
                        13.5,
                        13.5
                    ],
                    "rotation": 270,
                    "texture": "#2"
                },
                "up": {
                    "uv": [
                        13,
                        1.5,
                        14,
                        2
                    ],
                    "texture": "#2"
                },
                "down": {
                    "uv": [
                        12.5,
                        12.5,
                        13.5,
                        13
                    ],
                    "rotation": 180,
                    "texture": "#2"
                }
            }
        },
        {
            "from": [
                10.28,
                2.115,
                5.495
            ],
            "to": [
                10.72,
                2.555,
                5.935
            ],
            "rotation": {
                "angle": 0,
                "axis": "x",
                "origin": [
                    10.5,
                    5.25,
                    6.375
                ]
            },
            "faces": {
                "north": {
                    "uv": [
                        14,
                        3.5,
                        13.5,
                        3
                    ],
                    "rotation": 180,
                    "texture": "#2"
                },
                "east": {
                    "uv": [
                        13.5,
                        1,
                        14,
                        1.5
                    ],
                    "rotation": 90,
                    "texture": "#2"
                },
                "south": {
                    "uv": [
                        4.5,
                        13.5,
                        4,
                        14
                    ],
                    "texture": "#2"
                },
                "west": {
                    "uv": [
                        2.5,
                        13.5,
                        3,
                        14
                    ],
                    "rotation": 270,
                    "texture": "#2"
                },
                "up": {
                    "uv": [
                        2,
                        13.5,
                        2.5,
                        14
                    ],
                    "texture": "#2"
                },
                "down": {
                    "uv": [
                        13.5,
                        0.5,
                        14,
                        1
                    ],
                    "rotation": 180,
                    "texture": "#2"
                }
            }
        },
        {
            "from": [
                10.06,
                4.865,
                5.275
            ],
            "to": [
                10.94,
                7.505,
                6.155
            ],
            "rotation": {
                "angle": 0,
                "axis": "x",
                "origin": [
                    10.5,
                    5.25,
                    6.375
                ]
            },
            "faces": {
                "north": {
                    "uv": [
                        8,
                        8,
                        7,
                        5
                    ],
                    "rotation": 180,
                    "texture": "#2"
                },
                "east": {
                    "uv": [
                        4,
                        7,
                        7,
                        8
                    ],
                    "rotation": 90,
                    "texture": "#2"
                },
                "south": {
                    "uv": [
                        5,
                        8,
                        4,
                        11
                    ],
                    "texture": "#2"
                },
                "west": {
                    "uv": [
                        7,
                        4,
                        10,
                        5
                    ],
                    "rotation": 270,
                    "texture": "#2"
                },
                "up": {
                    "uv": [
                        12,
                        5,
                        13,
                        6
                    ],
                    "texture": "#2"
                },
                "down": {
                    "uv": [
                        3,
                        12,
                        4,
                        13
                    ],
                    "rotation": 180,
                    "texture": "#2"
                }
            }
        },
        {
            "from": [
                10.17033,
                6.21083,
                6.86016
            ],
            "to": [
                10.82967,
                7.08995,
                8.83862
            ],
            "rotation": {
                "angle": -22.5,
                "axis": "x",
                "origin": [
                    10.5,
                    5.25,
                    6.375
                ]
            },
            "faces": {
                "north": {
                    "uv": [
                        12,
                        13.5,
                        11.5,
                        12.5
                    ],
                    "rotation": 180,
                    "texture": "#2"
                },
                "east": {
                    "uv": [
                        3,
                        10,
                        4,
                        12
                    ],
                    "rotation": 90,
                    "texture": "#2"
                },
                "south": {
                    "uv": [
                        3.5,
                        13,
                        3,
                        14
                    ],
                    "texture": "#2"
                },
                "west": {
                    "uv": [
                        10,
                        5.5,
                        11,
                        7.5
                    ],
                    "rotation": 270,
                    "texture": "#2"
                },
                "up": {
                    "uv": [
                        12,
                        8,
                        12.5,
                        10
                    ],
                    "texture": "#2"
                },
                "down": {
                    "uv": [
                        12,
                        6,
                        12.5,
                        8
                    ],
                    "rotation": 180,
                    "texture": "#2"
                }
            }
        },
        {
            "from": [
                10.06,
                -0.415,
                5.275
            ],
            "to": [
                10.94,
                4.865,
                6.155
            ],
            "rotation": {
                "angle": 0,
                "axis": "x",
                "origin": [
                    10.5,
                    5.25,
                    6.375
                ]
            },
            "faces": {
                "north": {
                    "uv": [
                        3,
                        10,
                        2,
                        4
                    ],
                    "rotation": 180,
                    "texture": "#2"
                },
                "east": {
                    "uv": [
                        2,
                        2,
                        8,
                        3
                    ],
                    "rotation": 90,
                    "texture": "#2"
                },
                "south": {
                    "uv": [
                        4,
                        4,
                        3,
                        10
                    ],
                    "texture": "#2"
                },
                "west": {
                    "uv": [
                        2,
                        3,
                        8,
                        4
                    ],
                    "rotation": 270,
                    "texture": "#2"
                },
                "up": {
                    "uv": [
                        11,
                        10.5,
                        12,
                        11.5
                    ],
                    "texture": "#2"
                },
                "down": {
                    "uv": [
                        9,
                        11,
                        10,
                        12
                    ],
                    "rotation": 180,
                    "texture": "#2"
                }
            }
        },
        {
            "from": [
                10.17,
                4.425,
                5.495
            ],
            "to": [
                10.83,
                12.125,
                6.375
            ],
            "rotation": {
                "angle": 0,
                "axis": "x",
                "origin": [
                    10.5,
                    5.25,
                    6.375
                ]
            },
            "faces": {
                "north": {
                    "uv": [
                        1,
                        11,
                        0,
                        2
                    ],
                    "rotation": 180,
                    "texture": "#2"
                },
                "east": {
                    "uv": [
                        0,
                        0,
                        9,
                        1
                    ],
                    "rotation": 90,
                    "texture": "#2"
                },
                "south": {
                    "uv": [
                        2,
                        2,
                        1,
                        11
                    ],
                    "texture": "#2"
                },
                "west": {
                    "uv": [
                        0,
                        1,
                        9,
                        2
                    ],
                    "rotation": 270,
                    "texture": "#2"
                },
                "up": {
                    "uv": [
                        12,
                        10.5,
                        13,
                        11.5
                    ],
                    "texture": "#2"
                },
                "down": {
                    "uv": [
                        9,
                        12,
                        10,
                        13
                    ],
                    "rotation": 180,
                    "texture": "#2"
                }
            }
        },
        {
            "from": [
                10.17,
                9.705,
                6.375
            ],
            "to": [
                10.83,
                12.125,
                7.475
            ],
            "rotation": {
                "angle": 0,
                "axis": "x",
                "origin": [
                    10.5,
                    5.25,
                    6.375
                ]
            },
            "faces": {
                "north": {
                    "uv": [
                        6,
                        11,
                        5,
                        8
                    ],
                    "rotation": 180,
                    "texture": "#2"
                },
                "east": {
                    "uv": [
                        4,
                        4,
                        7,
                        5.5
                    ],
                    "rotation": 90,
                    "texture": "#2"
                },
                "south": {
                    "uv": [
                        9,
                        5,
                        8,
                        8
                    ],
                    "texture": "#2"
                },
                "west": {
                    "uv": [
                        4,
                        5.5,
                        7,
                        7
                    ],
                    "rotation": 270,
                    "texture": "#2"
                },
                "up": {
                    "uv": [
                        11,
                        7,
                        12,
                        8.5
                    ],
                    "texture": "#2"
                },
                "down": {
                    "uv": [
                        7,
                        11,
                        8,
                        12.5
                    ],
                    "rotation": 180,
                    "texture": "#2"
                }
            }
        },
        {
            "from": [
                10.17,
                9.705,
                7.475
            ],
            "to": [
                10.83,
                12.125,
                7.915
            ],
            "rotation": {
                "angle": 0,
                "axis": "x",
                "origin": [
                    10.5,
                    5.25,
                    6.375
                ]
            },
            "faces": {
                "north": {
                    "uv": [
                        7,
                        11,
                        6,
                        8
                    ],
                    "rotation": 180,
                    "texture": "#2"
                },
                "east": {
                    "uv": [
                        10.5,
                        0.5,
                        13.5,
                        1
                    ],
                    "rotation": 90,
                    "texture": "#2"
                },
                "south": {
                    "uv": [
                        8,
                        8,
                        7,
                        11
                    ],
                    "texture": "#2"
                },
                "west": {
                    "uv": [
                        10.5,
                        1,
                        13.5,
                        1.5
                    ],
                    "rotation": 270,
                    "texture": "#2"
                },
                "up": {
                    "uv": [
                        5,
                        13,
                        6,
                        13.5
                    ],
                    "texture": "#2"
                },
                "down": {
                    "uv": [
                        13,
                        2.5,
                        14,
                        3
                    ],
                    "rotation": 180,
                    "texture": "#2"
                }
            }
        },
        {
            "from": [
                10.17,
                9.265,
                6.375
            ],
            "to": [
                10.83,
                9.705,
                7.475
            ],
            "rotation": {
                "angle": 0,
                "axis": "x",
                "origin": [
                    10.5,
                    5.25,
                    6.375
                ]
            },
            "faces": {
                "north": {
                    "uv": [
                        14,
                        5.5,
                        13,
                        5
                    ],
                    "rotation": 180,
                    "texture": "#2"
                },
                "east": {
                    "uv": [
                        1.5,
                        12.5,
                        2,
                        14
                    ],
                    "rotation": 90,
                    "texture": "#2"
                },
                "south": {
                    "uv": [
                        14,
                        5.5,
                        13,
                        6
                    ],
                    "texture": "#2"
                },
                "west": {
                    "uv": [
                        12.5,
                        6,
                        13,
                        7.5
                    ],
                    "rotation": 270,
                    "texture": "#2"
                },
                "up": {
                    "uv": [
                        11,
                        8.5,
                        12,
                        10
                    ],
                    "texture": "#2"
                },
                "down": {
                    "uv": [
                        8,
                        11,
                        9,
                        12.5
                    ],
                    "rotation": 180,
                    "texture": "#2"
                }
            }
        },
        {
            "from": [
                10.17,
                8.825,
                6.375
            ],
            "to": [
                10.83,
                9.265,
                6.815
            ],
            "rotation": {
                "angle": 0,
                "axis": "x",
                "origin": [
                    10.5,
                    5.25,
                    6.375
                ]
            },
            "faces": {
                "north": {
                    "uv": [
                        14,
                        7.5,
                        13,
                        7
                    ],
                    "rotation": 180,
                    "texture": "#2"
                },
                "east": {
                    "uv": [
                        13.5,
                        4,
                        14,
                        4.5
                    ],
                    "rotation": 90,
                    "texture": "#2"
                },
                "south": {
                    "uv": [
                        8.5,
                        13,
                        7.5,
                        13.5
                    ],
                    "texture": "#2"
                },
                "west": {
                    "uv": [
                        4.5,
                        13.5,
                        5,
                        14
                    ],
                    "rotation": 270,
                    "texture": "#2"
                },
                "up": {
                    "uv": [
                        13,
                        6.5,
                        14,
                        7
                    ],
                    "texture": "#2"
                },
                "down": {
                    "uv": [
                        13,
                        6,
                        14,
                        6.5
                    ],
                    "rotation": 180,
                    "texture": "#2"
                }
            }
        },
        {
            "from": [
                10.17033,
                4.37291,
                6.62068
            ],
            "to": [
                10.82967,
                5.25203,
                8.59914
            ],
            "rotation": {
                "angle": 0,
                "axis": "x",
                "origin": [
                    10.5,
                    5.25,
                    6.375
                ]
            },
            "faces": {
                "north": {
                    "uv": [
                        4,
                        14,
                        3.5,
                        13
                    ],
                    "rotation": 180,
                    "texture": "#2"
                },
                "east": {
                    "uv": [
                        10,
                        7.5,
                        11,
                        9.5
                    ],
                    "rotation": 90,
                    "texture": "#2"
                },
                "south": {
                    "uv": [
                        6.5,
                        13,
                        6,
                        14
                    ],
                    "texture": "#2"
                },
                "west": {
                    "uv": [
                        10,
                        9.5,
                        11,
                        11.5
                    ],
                    "rotation": 270,
                    "texture": "#2"
                },
                "up": {
                    "uv": [
                        1,
                        12.5,
                        1.5,
                        14.5
                    ],
                    "texture": "#2"
                },
                "down": {
                    "uv": [
                        12,
                        11.5,
                        12.5,
                        13.5
                    ],
                    "rotation": 180,
                    "texture": "#2"
                }
            }
        },
        {
            "from": [
                10.28,
                -2.175,
                5.495
            ],
            "to": [
                10.72,
                1.345,
                5.935
            ],
            "rotation": {
                "angle": 0,
                "axis": "x",
                "origin": [
                    10.5,
                    5.25,
                    6.375
                ]
            },
            "faces": {
                "north": {
                    "uv": [
                        0.5,
                        15,
                        0,
                        11
                    ],
                    "rotation": 180,
                    "texture": "#2"
                },
                "east": {
                    "uv": [
                        9,
                        1.5,
                        13,
                        2
                    ],
                    "rotation": 90,
                    "texture": "#2"
                },
                "south": {
                    "uv": [
                        1,
                        11,
                        0.5,
                        15
                    ],
                    "texture": "#2"
                },
                "west": {
                    "uv": [
                        10.5,
                        0,
                        14.5,
                        0.5
                    ],
                    "rotation": 270,
                    "texture": "#2"
                },
                "up": {
                    "uv": [
                        5,
                        13.5,
                        5.5,
                        14
                    ],
                    "texture": "#2"
                },
                "down": {
                    "uv": [
                        13.5,
                        4.5,
                        14,
                        5
                    ],
                    "rotation": 180,
                    "texture": "#2"
                }
            }
        },
        {
            "from": [
                10.06,
                9.265,
                5.275
            ],
            "to": [
                10.94,
                11.905,
                6.155
            ],
            "rotation": {
                "angle": 0,
                "axis": "x",
                "origin": [
                    10.5,
                    5.25,
                    6.375
                ]
            },
            "faces": {
                "north": {
                    "uv": [
                        9,
                        11,
                        8,
                        8
                    ],
                    "rotation": 180,
                    "texture": "#2"
                },
                "east": {
                    "uv": [
                        8,
                        2,
                        11,
                        3
                    ],
                    "rotation": 90,
                    "texture": "#2"
                },
                "south": {
                    "uv": [
                        10,
                        5,
                        9,
                        8
                    ],
                    "texture": "#2"
                },
                "west": {
                    "uv": [
                        8,
                        3,
                        11,
                        4
                    ],
                    "rotation": 270,
                    "texture": "#2"
                },
                "up": {
                    "uv": [
                        12.5,
                        4,
                        13.5,
                        5
                    ],
                    "texture": "#2"
                },
                "down": {
                    "uv": [
                        4,
                        12.5,
                        5,
                        13.5
                    ],
                    "rotation": 180,
                    "texture": "#2"
                }
            }
        },
        {
            "from": [
                10.06,
                1.345,
                4.835
            ],
            "to": [
                10.94,
                3.985,
                5.275
            ],
            "rotation": {
                "angle": 0,
                "axis": "x",
                "origin": [
                    10.5,
                    5.25,
                    6.375
                ]
            },
            "faces": {
                "north": {
                    "uv": [
                        10,
                        11,
                        9,
                        8
                    ],
                    "rotation": 180,
                    "texture": "#2"
                },
                "east": {
                    "uv": [
                        11,
                        3.5,
                        14,
                        4
                    ],
                    "rotation": 90,
                    "texture": "#2"
                },
                "south": {
                    "uv": [
                        3,
                        10,
                        2,
                        13
                    ],
                    "texture": "#2"
                },
                "west": {
                    "uv": [
                        11,
                        10,
                        14,
                        10.5
                    ],
                    "rotation": 270,
                    "texture": "#2"
                },
                "up": {
                    "uv": [
                        13,
                        10.5,
                        14,
                        11
                    ],
                    "texture": "#2"
                },
                "down": {
                    "uv": [
                        9,
                        13,
                        10,
                        13.5
                    ],
                    "rotation": 180,
                    "texture": "#2"
                }
            }
        }
    ],
    "display": {
        "thirdperson_righthand": {
            "rotation": [
                90,
                0,
                0
            ],
            "translation": [
                -5.5,
                -2,
                4.25
            ],
            "scale": [
                2,
                2,
                2
            ]
        },
        "thirdperson_lefthand": {
            "rotation": [
                90,
                0,
                0
            ],
            "translation": [
                -6,
                -1.75,
                -3.5
            ]
        },
        "firstperson_righthand": {
            "translation": [
                0,
                8.75,
                2
            ]
        },
        "firstperson_lefthand": {
            "translation": [
                0,
                8.75,
                2
            ]
        },
        "ground": {
            "rotation": [
                0,
                0,
                90
            ],
            "translation": [
                -0.5,
                -4.75,
                0
            ],
            "scale": [
                0.45,
                0.45,
                0.45
            ]
        },
        "gui": {
            "rotation": [
                90,
                -48,
                90
            ],
            "translation": [
                -1,
                1.75,
                0
            ],
            "scale": [
                0.86,
                0.86,
                0.86
            ]
        },
        "head": {
            "translation": [
                0,
                -29,
                0
            ],
            "scale": [
                1.6,
                1.6,
                1.6
            ]
        }
    },
    "groups": [
        {
            "name": "alex",
            "origin": [
                8,
                8,
                8
            ],
            "color": 0,
            "children": [
                0,
                1
            ]
        },
        {
            "name": "option",
            "origin": [
                0,
                0,
                0
            ],
            "color": 0,
            "children": []
        },
        {
            "name": "group",
            "origin": [
                6.21194,
                15.55866,
                7.49
            ],
            "color": 0,
            "children": []
        },
        {
            "name": "group",
            "origin": [
                6.21194,
                15.55866,
                7.49
            ],
            "color": 0,
            "children": []
        },
        {
            "name": "group",
            "origin": [
                6.21194,
                15.55866,
                7.49
            ],
            "color": 0,
            "children": []
        },
        {
            "name": "group",
            "origin": [
                9.78806,
                10.55866,
                7.49
            ],
            "color": 0,
            "children": []
        },
        {
            "name": "group",
            "origin": [
                8,
                5.5471,
                10.38151
            ],
            "color": 0,
            "children": []
        },
        {
            "name": "group",
            "origin": [
                11,
                5,
                5.875
            ],
            "color": 0,
            "children": [
                2,
                3,
                4,
                5,
                6,
                7,
                8,
                9,
                10,
                11,
                12,
                13,
                14,
                15,
                16,
                17,
                18,
                19,
                20
            ]
        }
    ]
}