{
    "credit": "Made with Blockbench",
    "texture_size": [
        32,
        32
    ],
    "textures": {
        "0": "item/mob/stick/20190/skina"
    },
    "elements": [
        {
            "name": "left_arm",
            "from": [
                4.5,
                5.75,
                7
            ],
            "to": [
                6,
                11.75,
                9
            ],
            "rotation": {
                "angle": 0,
                "axis": "y",
                "origin": [
                    4,
                    0,
                    4
                ]
            },
            "faces": {
                "north": {
                    "uv": [
                        9,
                        13,
                        9.75,
                        16
                    ],
                    "texture": "#0"
                },
                "east": {
                    "uv": [
                        8,
                        13,
                        9,
                        16
                    ],
                    "texture": "#0"
                },
                "south": {
                    "uv": [
                        10.75,
                        13,
                        11.5,
                        16
                    ],
                    "texture": "#0"
                },
                "west": {
                    "uv": [
                        9.75,
                        13,
                        10.75,
                        16
                    ],
                    "texture": "#0"
                },
                "up": {
                    "uv": [
                        9.75,
                        13,
                        9,
                        12
                    ],
                    "texture": "#0"
                },
                "down": {
                    "uv": [
                        10.5,
                        12,
                        9.75,
                        13
                    ],
                    "texture": "#0"
                }
            }
        },
        {
            "name": "left_arm_2nd_layer",
            "from": [
                4.25,
                5.5,
                6.75
            ],
            "to": [
                6.25,
                12,
                9.25
            ],
            "rotation": {
                "angle": 0,
                "axis": "y",
                "origin": [
                    4,
                    0,
                    4
                ]
            },
            "faces": {
                "north": {
                    "uv": [
                        13,
                        13,
                        13.75,
                        16
                    ],
                    "texture": "#0"
                },
                "east": {
                    "uv": [
                        12,
                        13,
                        13,
                        16
                    ],
                    "texture": "#0"
                },
                "south": {
                    "uv": [
                        14.75,
                        13,
                        15.5,
                        16
                    ],
                    "texture": "#0"
                },
                "west": {
                    "uv": [
                        13.75,
                        13,
                        14.75,
                        16
                    ],
                    "texture": "#0"
                },
                "up": {
                    "uv": [
                        13.75,
                        13,
                        13,
                        12
                    ],
                    "texture": "#0"
                },
                "down": {
                    "uv": [
                        14.5,
                        12,
                        13.75,
                        13
                    ],
                    "texture": "#0"
                }
            }
        }
    ],
    "display": {
        "thirdperson_righthand": {
            "rotation": [
                90,
                0,
                0
            ],
            "translation": [
                -5.5,
                -2,
                4.25
            ],
            "scale": [
                2,
                2,
                2
            ]
        },
        "thirdperson_lefthand": {
            "rotation": [
                90,
                0,
                0
            ],
            "translation": [
                -5.5,
                -2,
                4.25
            ],
            "scale": [
                2,
                2,
                2
            ]
        },
        "firstperson_righthand": {
            "translation": [
                0,
                8.75,
                2
            ]
        },
        "firstperson_lefthand": {
            "translation": [
                0,
                8.75,
                2
            ]
        },
        "ground": {
            "rotation": [
                0,
                0,
                90
            ],
            "translation": [
                -0.5,
                -4.75,
                0
            ],
            "scale": [
                0.45,
                0.45,
                0.45
            ]
        },
        "gui": {
            "rotation": [
                90,
                -48,
                90
            ],
            "translation": [
                -1,
                1.75,
                0
            ],
            "scale": [
                0.86,
                0.86,
                0.86
            ]
        },
        "head": {
            "translation": [
                0,
                -29,
                0
            ],
            "scale": [
                1.6,
                1.6,
                1.6
            ]
        }
    },
    "groups": [
        {
            "name": "alex",
            "origin": [
                8,
                8,
                8
            ],
            "color": 0,
            "children": [
                0,
                1
            ]
        },
        {
            "name": "option",
            "origin": [
                0,
                0,
                0
            ],
            "color": 0,
            "children": []
        },
        {
            "name": "group",
            "origin": [
                6.21194,
                15.55866,
                7.49
            ],
            "color": 0,
            "children": []
        },
        {
            "name": "group",
            "origin": [
                6.21194,
                15.55866,
                7.49
            ],
            "color": 0,
            "children": []
        },
        {
            "name": "group",
            "origin": [
                6.21194,
                15.55866,
                7.49
            ],
            "color": 0,
            "children": []
        },
        {
            "name": "group",
            "origin": [
                9.78806,
                10.55866,
                7.49
            ],
            "color": 0,
            "children": []
        },
        {
            "name": "group",
            "origin": [
                8,
                5.5471,
                10.38151
            ],
            "color": 0,
            "children": []
        },
        {
            "name": "group",
            "origin": [
                11,
                5,
                5.875
            ],
            "color": 0,
            "children": []
        }
    ]
}