{
    "credit": "Made with Blockbench",
    "texture_size": [
        32,
        32
    ],
    "textures": {
        "0": "item/mob/stick/20190/skina",
        "3": "item/mob/stick/20195/sword"
    },
    "elements": [
        {
            "name": "right_arm",
            "from": [
                10,
                5.75,
                7
            ],
            "to": [
                11.5,
                11.75,
                9
            ],
            "rotation": {
                "angle": 0,
                "axis": "y",
                "origin": [
                    4,
                    0,
                    4
                ]
            },
            "faces": {
                "north": {
                    "uv": [
                        11,
                        5,
                        11.75,
                        8
                    ],
                    "texture": "#0"
                },
                "east": {
                    "uv": [
                        10,
                        5,
                        11,
                        8
                    ],
                    "texture": "#0"
                },
                "south": {
                    "uv": [
                        12.75,
                        5,
                        13.5,
                        8
                    ],
                    "texture": "#0"
                },
                "west": {
                    "uv": [
                        11.75,
                        5,
                        12.75,
                        8
                    ],
                    "texture": "#0"
                },
                "up": {
                    "uv": [
                        11.75,
                        5,
                        11,
                        4
                    ],
                    "texture": "#0"
                },
                "down": {
                    "uv": [
                        12.5,
                        4,
                        11.75,
                        5
                    ],
                    "texture": "#0"
                }
            }
        },
        {
            "name": "right_arm_2nd_layer",
            "from": [
                9.75,
                5.5,
                6.75
            ],
            "to": [
                11.75,
                12,
                9.25
            ],
            "rotation": {
                "angle": 0,
                "axis": "y",
                "origin": [
                    4,
                    0,
                    4
                ]
            },
            "faces": {
                "north": {
                    "uv": [
                        10.75,
                        9,
                        11.5,
                        12
                    ],
                    "texture": "#0"
                },
                "east": {
                    "uv": [
                        10,
                        9,
                        11,
                        12
                    ],
                    "texture": "#0"
                },
                "south": {
                    "uv": [
                        12.75,
                        9,
                        13.5,
                        12
                    ],
                    "texture": "#0"
                },
                "west": {
                    "uv": [
                        11.75,
                        9,
                        12.75,
                        12
                    ],
                    "texture": "#0"
                },
                "up": {
                    "uv": [
                        11.75,
                        9,
                        11,
                        8
                    ],
                    "texture": "#0"
                },
                "down": {
                    "uv": [
                        12.5,
                        8,
                        11.75,
                        9
                    ],
                    "texture": "#0"
                }
            }
        },
        {
            "name": "sword_0",
            "from": [
                10.125,
                4.875,
                -10
            ],
            "to": [
                10.625,
                11.375,
                -8
            ],
            "rotation": {
                "angle": -45,
                "axis": "x",
                "origin": [
                    10.375,
                    7,
                    -1.875
                ]
            },
            "faces": {
                "north": {
                    "uv": [
                        12.5,
                        0,
                        6,
                        0.5
                    ],
                    "rotation": 90,
                    "texture": "#3"
                },
                "east": {
                    "uv": [
                        6,
                        2,
                        12.5,
                        0
                    ],
                    "rotation": 270,
                    "texture": "#3"
                },
                "south": {
                    "uv": [
                        6,
                        1.5,
                        12.5,
                        2
                    ],
                    "rotation": 270,
                    "texture": "#3"
                },
                "west": {
                    "uv": [
                        6,
                        0,
                        12.5,
                        2
                    ],
                    "rotation": 270,
                    "texture": "#3"
                },
                "up": {
                    "uv": [
                        12,
                        0,
                        12.5,
                        2
                    ],
                    "texture": "#3"
                },
                "down": {
                    "uv": [
                        6,
                        0,
                        6.5,
                        2
                    ],
                    "rotation": 180,
                    "texture": "#3"
                }
            }
        },
        {
            "name": "sword_1",
            "from": [
                10.125,
                2.875,
                -9.5
            ],
            "to": [
                10.625,
                4.875,
                -8
            ],
            "rotation": {
                "angle": -45,
                "axis": "x",
                "origin": [
                    10.375,
                    7,
                    -1.875
                ]
            },
            "faces": {
                "north": {
                    "uv": [
                        6,
                        0.5,
                        4,
                        1
                    ],
                    "rotation": 90,
                    "texture": "#3"
                },
                "east": {
                    "uv": [
                        4,
                        2,
                        6,
                        0.5
                    ],
                    "rotation": 270,
                    "texture": "#3"
                },
                "south": {
                    "uv": [
                        4,
                        1.5,
                        6,
                        2
                    ],
                    "rotation": 270,
                    "texture": "#3"
                },
                "west": {
                    "uv": [
                        4,
                        0.5,
                        6,
                        2
                    ],
                    "rotation": 270,
                    "texture": "#3"
                },
                "up": {
                    "uv": [
                        5.5,
                        0.5,
                        6,
                        2
                    ],
                    "texture": "#3"
                },
                "down": {
                    "uv": [
                        4,
                        0.5,
                        4.5,
                        2
                    ],
                    "rotation": 180,
                    "texture": "#3"
                }
            }
        },
        {
            "name": "sword_2",
            "from": [
                10.125,
                11.375,
                -9.5
            ],
            "to": [
                10.625,
                12.375,
                -8
            ],
            "rotation": {
                "angle": -45,
                "axis": "x",
                "origin": [
                    10.375,
                    7,
                    -1.875
                ]
            },
            "faces": {
                "north": {
                    "uv": [
                        13.5,
                        0.5,
                        12.5,
                        1
                    ],
                    "rotation": 90,
                    "texture": "#3"
                },
                "east": {
                    "uv": [
                        12.5,
                        2,
                        13.5,
                        0.5
                    ],
                    "rotation": 270,
                    "texture": "#3"
                },
                "south": {
                    "uv": [
                        12.5,
                        1.5,
                        13.5,
                        2
                    ],
                    "rotation": 270,
                    "texture": "#3"
                },
                "west": {
                    "uv": [
                        12.5,
                        0.5,
                        13.5,
                        2
                    ],
                    "rotation": 270,
                    "texture": "#3"
                },
                "up": {
                    "uv": [
                        13,
                        0.5,
                        13.5,
                        2
                    ],
                    "texture": "#3"
                },
                "down": {
                    "uv": [
                        12.5,
                        0.5,
                        13,
                        2
                    ],
                    "rotation": 180,
                    "texture": "#3"
                }
            }
        },
        {
            "name": "sword_3",
            "from": [
                10.125,
                1.875,
                -9
            ],
            "to": [
                10.625,
                2.875,
                -7.5
            ],
            "rotation": {
                "angle": -45,
                "axis": "x",
                "origin": [
                    10.375,
                    7,
                    -1.875
                ]
            },
            "faces": {
                "north": {
                    "uv": [
                        4,
                        1,
                        3,
                        1.5
                    ],
                    "rotation": 90,
                    "texture": "#3"
                },
                "east": {
                    "uv": [
                        3,
                        2.5,
                        4,
                        1
                    ],
                    "rotation": 270,
                    "texture": "#3"
                },
                "south": {
                    "uv": [
                        3,
                        2,
                        4,
                        2.5
                    ],
                    "rotation": 270,
                    "texture": "#3"
                },
                "west": {
                    "uv": [
                        3,
                        1,
                        4,
                        2.5
                    ],
                    "rotation": 270,
                    "texture": "#3"
                },
                "up": {
                    "uv": [
                        3.5,
                        1,
                        4,
                        2.5
                    ],
                    "texture": "#3"
                },
                "down": {
                    "uv": [
                        3,
                        1,
                        3.5,
                        2.5
                    ],
                    "rotation": 180,
                    "texture": "#3"
                }
            }
        },
        {
            "name": "sword_4",
            "from": [
                10.125,
                12.375,
                -9
            ],
            "to": [
                10.625,
                13.375,
                -8.5
            ],
            "rotation": {
                "angle": -45,
                "axis": "x",
                "origin": [
                    10.375,
                    7,
                    -1.875
                ]
            },
            "faces": {
                "north": {
                    "uv": [
                        14.5,
                        1,
                        13.5,
                        1.5
                    ],
                    "rotation": 90,
                    "texture": "#3"
                },
                "east": {
                    "uv": [
                        13.5,
                        1.5,
                        14.5,
                        1
                    ],
                    "rotation": 270,
                    "texture": "#3"
                },
                "south": {
                    "uv": [
                        13.5,
                        1,
                        14.5,
                        1.5
                    ],
                    "rotation": 270,
                    "texture": "#3"
                },
                "west": {
                    "uv": [
                        13.5,
                        1,
                        14.5,
                        1.5
                    ],
                    "rotation": 270,
                    "texture": "#3"
                },
                "up": {
                    "uv": [
                        14,
                        1,
                        14.5,
                        1.5
                    ],
                    "texture": "#3"
                },
                "down": {
                    "uv": [
                        13.5,
                        1,
                        14,
                        1.5
                    ],
                    "rotation": 180,
                    "texture": "#3"
                }
            }
        },
        {
            "name": "sword_5",
            "from": [
                10.125,
                1.375,
                -8.5
            ],
            "to": [
                10.625,
                1.875,
                -7.5
            ],
            "rotation": {
                "angle": -45,
                "axis": "x",
                "origin": [
                    10.375,
                    7,
                    -1.875
                ]
            },
            "faces": {
                "north": {
                    "uv": [
                        3,
                        1.5,
                        2.5,
                        2
                    ],
                    "rotation": 90,
                    "texture": "#3"
                },
                "east": {
                    "uv": [
                        2.5,
                        2.5,
                        3,
                        1.5
                    ],
                    "rotation": 270,
                    "texture": "#3"
                },
                "south": {
                    "uv": [
                        2.5,
                        2,
                        3,
                        2.5
                    ],
                    "rotation": 270,
                    "texture": "#3"
                },
                "west": {
                    "uv": [
                        2.5,
                        1.5,
                        3,
                        2.5
                    ],
                    "rotation": 270,
                    "texture": "#3"
                },
                "up": {
                    "uv": [
                        2.5,
                        1.5,
                        3,
                        2.5
                    ],
                    "texture": "#3"
                },
                "down": {
                    "uv": [
                        2.5,
                        1.5,
                        3,
                        2.5
                    ],
                    "rotation": 180,
                    "texture": "#3"
                }
            }
        },
        {
            "name": "sword_6",
            "from": [
                10.125,
                0.875,
                -8
            ],
            "to": [
                10.625,
                1.375,
                -7.5
            ],
            "rotation": {
                "angle": -45,
                "axis": "x",
                "origin": [
                    10.375,
                    7,
                    -1.875
                ]
            },
            "faces": {
                "north": {
                    "uv": [
                        2.5,
                        2,
                        2,
                        2.5
                    ],
                    "rotation": 90,
                    "texture": "#3"
                },
                "east": {
                    "uv": [
                        2,
                        2.5,
                        2.5,
                        2
                    ],
                    "rotation": 270,
                    "texture": "#3"
                },
                "south": {
                    "uv": [
                        2,
                        2,
                        2.5,
                        2.5
                    ],
                    "rotation": 270,
                    "texture": "#3"
                },
                "west": {
                    "uv": [
                        2,
                        2,
                        2.5,
                        2.5
                    ],
                    "rotation": 270,
                    "texture": "#3"
                },
                "up": {
                    "uv": [
                        2,
                        2,
                        2.5,
                        2.5
                    ],
                    "texture": "#3"
                },
                "down": {
                    "uv": [
                        2,
                        2,
                        2.5,
                        2.5
                    ],
                    "rotation": 180,
                    "texture": "#3"
                }
            }
        },
        {
            "name": "sword_7",
            "from": [
                10.125,
                6.375,
                -8
            ],
            "to": [
                10.625,
                11.875,
                -7.5
            ],
            "rotation": {
                "angle": -45,
                "axis": "x",
                "origin": [
                    10.375,
                    7,
                    -1.875
                ]
            },
            "faces": {
                "north": {
                    "uv": [
                        13,
                        2,
                        7.5,
                        2.5
                    ],
                    "rotation": 90,
                    "texture": "#3"
                },
                "east": {
                    "uv": [
                        7.5,
                        2.5,
                        13,
                        2
                    ],
                    "rotation": 270,
                    "texture": "#3"
                },
                "south": {
                    "uv": [
                        7.5,
                        2,
                        13,
                        2.5
                    ],
                    "rotation": 270,
                    "texture": "#3"
                },
                "west": {
                    "uv": [
                        7.5,
                        2,
                        13,
                        2.5
                    ],
                    "rotation": 270,
                    "texture": "#3"
                },
                "up": {
                    "uv": [
                        12.5,
                        2,
                        13,
                        2.5
                    ],
                    "texture": "#3"
                },
                "down": {
                    "uv": [
                        7.5,
                        2,
                        8,
                        2.5
                    ],
                    "rotation": 180,
                    "texture": "#3"
                }
            }
        },
        {
            "name": "sword_8",
            "from": [
                10.125,
                8.375,
                -7.5
            ],
            "to": [
                10.625,
                12.875,
                -7
            ],
            "rotation": {
                "angle": -45,
                "axis": "x",
                "origin": [
                    10.375,
                    7,
                    -1.875
                ]
            },
            "faces": {
                "north": {
                    "uv": [
                        14,
                        2.5,
                        9.5,
                        3
                    ],
                    "rotation": 90,
                    "texture": "#3"
                },
                "east": {
                    "uv": [
                        9.5,
                        3,
                        14,
                        2.5
                    ],
                    "rotation": 270,
                    "texture": "#3"
                },
                "south": {
                    "uv": [
                        9.5,
                        2.5,
                        14,
                        3
                    ],
                    "rotation": 270,
                    "texture": "#3"
                },
                "west": {
                    "uv": [
                        9.5,
                        2.5,
                        14,
                        3
                    ],
                    "rotation": 270,
                    "texture": "#3"
                },
                "up": {
                    "uv": [
                        13.5,
                        2.5,
                        14,
                        3
                    ],
                    "texture": "#3"
                },
                "down": {
                    "uv": [
                        9.5,
                        2.5,
                        10,
                        3
                    ],
                    "rotation": 180,
                    "texture": "#3"
                }
            }
        },
        {
            "name": "sword_9",
            "from": [
                10.125,
                9.375,
                -7
            ],
            "to": [
                10.625,
                13.875,
                -4
            ],
            "rotation": {
                "angle": -45,
                "axis": "x",
                "origin": [
                    10.375,
                    7,
                    -1.875
                ]
            },
            "faces": {
                "north": {
                    "uv": [
                        15,
                        3,
                        10.5,
                        3.5
                    ],
                    "rotation": 90,
                    "texture": "#3"
                },
                "east": {
                    "uv": [
                        10.5,
                        6,
                        15,
                        3
                    ],
                    "rotation": 270,
                    "texture": "#3"
                },
                "south": {
                    "uv": [
                        10.5,
                        5.5,
                        15,
                        6
                    ],
                    "rotation": 270,
                    "texture": "#3"
                },
                "west": {
                    "uv": [
                        10.5,
                        3,
                        15,
                        6
                    ],
                    "rotation": 270,
                    "texture": "#3"
                },
                "up": {
                    "uv": [
                        14.5,
                        3,
                        15,
                        6
                    ],
                    "texture": "#3"
                },
                "down": {
                    "uv": [
                        10.5,
                        3,
                        11,
                        6
                    ],
                    "rotation": 180,
                    "texture": "#3"
                }
            }
        },
        {
            "name": "sword_10",
            "from": [
                10.125,
                13.875,
                -7
            ],
            "to": [
                10.625,
                14.375,
                -5.5
            ],
            "rotation": {
                "angle": -45,
                "axis": "x",
                "origin": [
                    10.375,
                    7,
                    -1.875
                ]
            },
            "faces": {
                "north": {
                    "uv": [
                        15.5,
                        3,
                        15,
                        3.5
                    ],
                    "rotation": 90,
                    "texture": "#3"
                },
                "east": {
                    "uv": [
                        15,
                        4.5,
                        15.5,
                        3
                    ],
                    "rotation": 270,
                    "texture": "#3"
                },
                "south": {
                    "uv": [
                        15,
                        4,
                        15.5,
                        4.5
                    ],
                    "rotation": 270,
                    "texture": "#3"
                },
                "west": {
                    "uv": [
                        15,
                        3,
                        15.5,
                        4.5
                    ],
                    "rotation": 270,
                    "texture": "#3"
                },
                "up": {
                    "uv": [
                        15,
                        3,
                        15.5,
                        4.5
                    ],
                    "texture": "#3"
                },
                "down": {
                    "uv": [
                        15,
                        3,
                        15.5,
                        4.5
                    ],
                    "rotation": 180,
                    "texture": "#3"
                }
            }
        },
        {
            "name": "sword_11",
            "from": [
                10.125,
                14.375,
                -6.5
            ],
            "to": [
                10.625,
                14.875,
                -5.5
            ],
            "rotation": {
                "angle": -45,
                "axis": "x",
                "origin": [
                    10.375,
                    7,
                    -1.875
                ]
            },
            "faces": {
                "north": {
                    "uv": [
                        16,
                        3.5,
                        15.5,
                        4
                    ],
                    "rotation": 90,
                    "texture": "#3"
                },
                "east": {
                    "uv": [
                        15.5,
                        4.5,
                        16,
                        3.5
                    ],
                    "rotation": 270,
                    "texture": "#3"
                },
                "south": {
                    "uv": [
                        15.5,
                        4,
                        16,
                        4.5
                    ],
                    "rotation": 270,
                    "texture": "#3"
                },
                "west": {
                    "uv": [
                        15.5,
                        3.5,
                        16,
                        4.5
                    ],
                    "rotation": 270,
                    "texture": "#3"
                },
                "up": {
                    "uv": [
                        15.5,
                        3.5,
                        16,
                        4.5
                    ],
                    "texture": "#3"
                },
                "down": {
                    "uv": [
                        15.5,
                        3.5,
                        16,
                        4.5
                    ],
                    "rotation": 180,
                    "texture": "#3"
                }
            }
        },
        {
            "name": "sword_12",
            "from": [
                10.125,
                8.875,
                -6
            ],
            "to": [
                10.625,
                9.375,
                -2.5
            ],
            "rotation": {
                "angle": -45,
                "axis": "x",
                "origin": [
                    10.375,
                    7,
                    -1.875
                ]
            },
            "faces": {
                "north": {
                    "uv": [
                        10.5,
                        4,
                        10,
                        4.5
                    ],
                    "rotation": 90,
                    "texture": "#3"
                },
                "east": {
                    "uv": [
                        10,
                        7.5,
                        10.5,
                        4
                    ],
                    "rotation": 270,
                    "texture": "#3"
                },
                "south": {
                    "uv": [
                        10,
                        7,
                        10.5,
                        7.5
                    ],
                    "rotation": 270,
                    "texture": "#3"
                },
                "west": {
                    "uv": [
                        10,
                        4,
                        10.5,
                        7.5
                    ],
                    "rotation": 270,
                    "texture": "#3"
                },
                "up": {
                    "uv": [
                        10,
                        4,
                        10.5,
                        7.5
                    ],
                    "texture": "#3"
                },
                "down": {
                    "uv": [
                        10,
                        4,
                        10.5,
                        7.5
                    ],
                    "rotation": 180,
                    "texture": "#3"
                }
            }
        },
        {
            "name": "sword_13",
            "from": [
                10.125,
                8.375,
                -5.5
            ],
            "to": [
                10.625,
                8.875,
                -2
            ],
            "rotation": {
                "angle": -45,
                "axis": "x",
                "origin": [
                    10.375,
                    7,
                    -1.875
                ]
            },
            "faces": {
                "north": {
                    "uv": [
                        10,
                        4.5,
                        9.5,
                        5
                    ],
                    "rotation": 90,
                    "texture": "#3"
                },
                "east": {
                    "uv": [
                        9.5,
                        8,
                        10,
                        4.5
                    ],
                    "rotation": 270,
                    "texture": "#3"
                },
                "south": {
                    "uv": [
                        9.5,
                        7.5,
                        10,
                        8
                    ],
                    "rotation": 270,
                    "texture": "#3"
                },
                "west": {
                    "uv": [
                        9.5,
                        4.5,
                        10,
                        8
                    ],
                    "rotation": 270,
                    "texture": "#3"
                },
                "up": {
                    "uv": [
                        9.5,
                        4.5,
                        10,
                        8
                    ],
                    "texture": "#3"
                },
                "down": {
                    "uv": [
                        9.5,
                        4.5,
                        10,
                        8
                    ],
                    "rotation": 180,
                    "texture": "#3"
                }
            }
        },
        {
            "name": "sword_14",
            "from": [
                10.125,
                7.875,
                -5
            ],
            "to": [
                10.625,
                8.375,
                -1.5
            ],
            "rotation": {
                "angle": -45,
                "axis": "x",
                "origin": [
                    10.375,
                    7,
                    -1.875
                ]
            },
            "faces": {
                "north": {
                    "uv": [
                        9.5,
                        5,
                        9,
                        5.5
                    ],
                    "rotation": 90,
                    "texture": "#3"
                },
                "east": {
                    "uv": [
                        9,
                        8.5,
                        9.5,
                        5
                    ],
                    "rotation": 270,
                    "texture": "#3"
                },
                "south": {
                    "uv": [
                        9,
                        8,
                        9.5,
                        8.5
                    ],
                    "rotation": 270,
                    "texture": "#3"
                },
                "west": {
                    "uv": [
                        9,
                        5,
                        9.5,
                        8.5
                    ],
                    "rotation": 270,
                    "texture": "#3"
                },
                "up": {
                    "uv": [
                        9,
                        5,
                        9.5,
                        8.5
                    ],
                    "texture": "#3"
                },
                "down": {
                    "uv": [
                        9,
                        5,
                        9.5,
                        8.5
                    ],
                    "rotation": 180,
                    "texture": "#3"
                }
            }
        },
        {
            "name": "sword_15",
            "from": [
                10.125,
                7.375,
                -4.5
            ],
            "to": [
                10.625,
                7.875,
                -1
            ],
            "rotation": {
                "angle": -45,
                "axis": "x",
                "origin": [
                    10.375,
                    7,
                    -1.875
                ]
            },
            "faces": {
                "north": {
                    "uv": [
                        9,
                        5.5,
                        8.5,
                        6
                    ],
                    "rotation": 90,
                    "texture": "#3"
                },
                "east": {
                    "uv": [
                        8.5,
                        9,
                        9,
                        5.5
                    ],
                    "rotation": 270,
                    "texture": "#3"
                },
                "south": {
                    "uv": [
                        8.5,
                        8.5,
                        9,
                        9
                    ],
                    "rotation": 270,
                    "texture": "#3"
                },
                "west": {
                    "uv": [
                        8.5,
                        5.5,
                        9,
                        9
                    ],
                    "rotation": 270,
                    "texture": "#3"
                },
                "up": {
                    "uv": [
                        8.5,
                        5.5,
                        9,
                        9
                    ],
                    "texture": "#3"
                },
                "down": {
                    "uv": [
                        8.5,
                        5.5,
                        9,
                        9
                    ],
                    "rotation": 180,
                    "texture": "#3"
                }
            }
        },
        {
            "name": "sword_16",
            "from": [
                10.125,
                13.875,
                -4.5
            ],
            "to": [
                10.625,
                14.375,
                -2.5
            ],
            "rotation": {
                "angle": -45,
                "axis": "x",
                "origin": [
                    10.375,
                    7,
                    -1.875
                ]
            },
            "faces": {
                "north": {
                    "uv": [
                        15.5,
                        5.5,
                        15,
                        6
                    ],
                    "rotation": 90,
                    "texture": "#3"
                },
                "east": {
                    "uv": [
                        15,
                        7.5,
                        15.5,
                        5.5
                    ],
                    "rotation": 270,
                    "texture": "#3"
                },
                "south": {
                    "uv": [
                        15,
                        7,
                        15.5,
                        7.5
                    ],
                    "rotation": 270,
                    "texture": "#3"
                },
                "west": {
                    "uv": [
                        15,
                        5.5,
                        15.5,
                        7.5
                    ],
                    "rotation": 270,
                    "texture": "#3"
                },
                "up": {
                    "uv": [
                        15,
                        5.5,
                        15.5,
                        7.5
                    ],
                    "texture": "#3"
                },
                "down": {
                    "uv": [
                        15,
                        5.5,
                        15.5,
                        7.5
                    ],
                    "rotation": 180,
                    "texture": "#3"
                }
            }
        },
        {
            "name": "sword_17",
            "from": [
                10.125,
                6.875,
                -4
            ],
            "to": [
                10.625,
                7.375,
                -0.5
            ],
            "rotation": {
                "angle": -45,
                "axis": "x",
                "origin": [
                    10.375,
                    7,
                    -1.875
                ]
            },
            "faces": {
                "north": {
                    "uv": [
                        8.5,
                        6,
                        8,
                        6.5
                    ],
                    "rotation": 90,
                    "texture": "#3"
                },
                "east": {
                    "uv": [
                        8,
                        9.5,
                        8.5,
                        6
                    ],
                    "rotation": 270,
                    "texture": "#3"
                },
                "south": {
                    "uv": [
                        8,
                        9,
                        8.5,
                        9.5
                    ],
                    "rotation": 270,
                    "texture": "#3"
                },
                "west": {
                    "uv": [
                        8,
                        6,
                        8.5,
                        9.5
                    ],
                    "rotation": 270,
                    "texture": "#3"
                },
                "up": {
                    "uv": [
                        8,
                        6,
                        8.5,
                        9.5
                    ],
                    "texture": "#3"
                },
                "down": {
                    "uv": [
                        8,
                        6,
                        8.5,
                        9.5
                    ],
                    "rotation": 180,
                    "texture": "#3"
                }
            }
        },
        {
            "name": "sword_18",
            "from": [
                10.125,
                9.375,
                -4
            ],
            "to": [
                10.625,
                10.375,
                -3.5
            ],
            "rotation": {
                "angle": -45,
                "axis": "x",
                "origin": [
                    10.375,
                    7,
                    -1.875
                ]
            },
            "faces": {
                "north": {
                    "uv": [
                        11.5,
                        6,
                        10.5,
                        6.5
                    ],
                    "rotation": 90,
                    "texture": "#3"
                },
                "east": {
                    "uv": [
                        10.5,
                        6.5,
                        11.5,
                        6
                    ],
                    "rotation": 270,
                    "texture": "#3"
                },
                "south": {
                    "uv": [
                        10.5,
                        6,
                        11.5,
                        6.5
                    ],
                    "rotation": 270,
                    "texture": "#3"
                },
                "west": {
                    "uv": [
                        10.5,
                        6,
                        11.5,
                        6.5
                    ],
                    "rotation": 270,
                    "texture": "#3"
                },
                "up": {
                    "uv": [
                        11,
                        6,
                        11.5,
                        6.5
                    ],
                    "texture": "#3"
                },
                "down": {
                    "uv": [
                        10.5,
                        6,
                        11,
                        6.5
                    ],
                    "rotation": 180,
                    "texture": "#3"
                }
            }
        },
        {
            "name": "sword_19",
            "from": [
                10.125,
                12.875,
                -4
            ],
            "to": [
                10.625,
                13.875,
                -3.5
            ],
            "rotation": {
                "angle": -45,
                "axis": "x",
                "origin": [
                    10.375,
                    7,
                    -1.875
                ]
            },
            "faces": {
                "north": {
                    "uv": [
                        15,
                        6,
                        14,
                        6.5
                    ],
                    "rotation": 90,
                    "texture": "#3"
                },
                "east": {
                    "uv": [
                        14,
                        6.5,
                        15,
                        6
                    ],
                    "rotation": 270,
                    "texture": "#3"
                },
                "south": {
                    "uv": [
                        14,
                        6,
                        15,
                        6.5
                    ],
                    "rotation": 270,
                    "texture": "#3"
                },
                "west": {
                    "uv": [
                        14,
                        6,
                        15,
                        6.5
                    ],
                    "rotation": 270,
                    "texture": "#3"
                },
                "up": {
                    "uv": [
                        14.5,
                        6,
                        15,
                        6.5
                    ],
                    "texture": "#3"
                },
                "down": {
                    "uv": [
                        14,
                        6,
                        14.5,
                        6.5
                    ],
                    "rotation": 180,
                    "texture": "#3"
                }
            }
        },
        {
            "name": "sword_20",
            "from": [
                10.125,
                6.375,
                -3.5
            ],
            "to": [
                10.625,
                6.875,
                0
            ],
            "rotation": {
                "angle": -45,
                "axis": "x",
                "origin": [
                    10.375,
                    7,
                    -1.875
                ]
            },
            "faces": {
                "north": {
                    "uv": [
                        8,
                        6.5,
                        7.5,
                        7
                    ],
                    "rotation": 90,
                    "texture": "#3"
                },
                "east": {
                    "uv": [
                        7.5,
                        10,
                        8,
                        6.5
                    ],
                    "rotation": 270,
                    "texture": "#3"
                },
                "south": {
                    "uv": [
                        7.5,
                        9.5,
                        8,
                        10
                    ],
                    "rotation": 270,
                    "texture": "#3"
                },
                "west": {
                    "uv": [
                        7.5,
                        6.5,
                        8,
                        10
                    ],
                    "rotation": 270,
                    "texture": "#3"
                },
                "up": {
                    "uv": [
                        7.5,
                        6.5,
                        8,
                        10
                    ],
                    "texture": "#3"
                },
                "down": {
                    "uv": [
                        7.5,
                        6.5,
                        8,
                        10
                    ],
                    "rotation": 180,
                    "texture": "#3"
                }
            }
        },
        {
            "name": "sword_21",
            "from": [
                10.125,
                9.375,
                -3.5
            ],
            "to": [
                10.625,
                9.875,
                -3
            ],
            "rotation": {
                "angle": -45,
                "axis": "x",
                "origin": [
                    10.375,
                    7,
                    -1.875
                ]
            },
            "faces": {
                "north": {
                    "uv": [
                        11,
                        6.5,
                        10.5,
                        7
                    ],
                    "rotation": 90,
                    "texture": "#3"
                },
                "east": {
                    "uv": [
                        10.5,
                        7,
                        11,
                        6.5
                    ],
                    "rotation": 270,
                    "texture": "#3"
                },
                "south": {
                    "uv": [
                        10.5,
                        6.5,
                        11,
                        7
                    ],
                    "rotation": 270,
                    "texture": "#3"
                },
                "west": {
                    "uv": [
                        10.5,
                        6.5,
                        11,
                        7
                    ],
                    "rotation": 270,
                    "texture": "#3"
                },
                "up": {
                    "uv": [
                        10.5,
                        6.5,
                        11,
                        7
                    ],
                    "texture": "#3"
                },
                "down": {
                    "uv": [
                        10.5,
                        6.5,
                        11,
                        7
                    ],
                    "rotation": 180,
                    "texture": "#3"
                }
            }
        },
        {
            "name": "sword_22",
            "from": [
                10.125,
                13.375,
                -3.5
            ],
            "to": [
                10.625,
                13.875,
                -3
            ],
            "rotation": {
                "angle": -45,
                "axis": "x",
                "origin": [
                    10.375,
                    7,
                    -1.875
                ]
            },
            "faces": {
                "north": {
                    "uv": [
                        15,
                        6.5,
                        14.5,
                        7
                    ],
                    "rotation": 90,
                    "texture": "#3"
                },
                "east": {
                    "uv": [
                        14.5,
                        7,
                        15,
                        6.5
                    ],
                    "rotation": 270,
                    "texture": "#3"
                },
                "south": {
                    "uv": [
                        14.5,
                        6.5,
                        15,
                        7
                    ],
                    "rotation": 270,
                    "texture": "#3"
                },
                "west": {
                    "uv": [
                        14.5,
                        6.5,
                        15,
                        7
                    ],
                    "rotation": 270,
                    "texture": "#3"
                },
                "up": {
                    "uv": [
                        14.5,
                        6.5,
                        15,
                        7
                    ],
                    "texture": "#3"
                },
                "down": {
                    "uv": [
                        14.5,
                        6.5,
                        15,
                        7
                    ],
                    "rotation": 180,
                    "texture": "#3"
                }
            }
        },
        {
            "name": "sword_23",
            "from": [
                10.125,
                5.875,
                -3
            ],
            "to": [
                10.625,
                6.375,
                0.5
            ],
            "rotation": {
                "angle": -45,
                "axis": "x",
                "origin": [
                    10.375,
                    7,
                    -1.875
                ]
            },
            "faces": {
                "north": {
                    "uv": [
                        7.5,
                        7,
                        7,
                        7.5
                    ],
                    "rotation": 90,
                    "texture": "#3"
                },
                "east": {
                    "uv": [
                        7,
                        10.5,
                        7.5,
                        7
                    ],
                    "rotation": 270,
                    "texture": "#3"
                },
                "south": {
                    "uv": [
                        7,
                        10,
                        7.5,
                        10.5
                    ],
                    "rotation": 270,
                    "texture": "#3"
                },
                "west": {
                    "uv": [
                        7,
                        7,
                        7.5,
                        10.5
                    ],
                    "rotation": 270,
                    "texture": "#3"
                },
                "up": {
                    "uv": [
                        7,
                        7,
                        7.5,
                        10.5
                    ],
                    "texture": "#3"
                },
                "down": {
                    "uv": [
                        7,
                        7,
                        7.5,
                        10.5
                    ],
                    "rotation": 180,
                    "texture": "#3"
                }
            }
        },
        {
            "name": "sword_24",
            "from": [
                10.125,
                5.375,
                -2.5
            ],
            "to": [
                10.625,
                5.875,
                1
            ],
            "rotation": {
                "angle": -45,
                "axis": "x",
                "origin": [
                    10.375,
                    7,
                    -1.875
                ]
            },
            "faces": {
                "north": {
                    "uv": [
                        7,
                        7.5,
                        6.5,
                        8
                    ],
                    "rotation": 90,
                    "texture": "#3"
                },
                "east": {
                    "uv": [
                        6.5,
                        11,
                        7,
                        7.5
                    ],
                    "rotation": 270,
                    "texture": "#3"
                },
                "south": {
                    "uv": [
                        6.5,
                        10.5,
                        7,
                        11
                    ],
                    "rotation": 270,
                    "texture": "#3"
                },
                "west": {
                    "uv": [
                        6.5,
                        7.5,
                        7,
                        11
                    ],
                    "rotation": 270,
                    "texture": "#3"
                },
                "up": {
                    "uv": [
                        6.5,
                        7.5,
                        7,
                        11
                    ],
                    "texture": "#3"
                },
                "down": {
                    "uv": [
                        6.5,
                        7.5,
                        7,
                        11
                    ],
                    "rotation": 180,
                    "texture": "#3"
                }
            }
        },
        {
            "name": "sword_25",
            "from": [
                10.125,
                4.875,
                -2
            ],
            "to": [
                10.625,
                5.375,
                1.5
            ],
            "rotation": {
                "angle": -45,
                "axis": "x",
                "origin": [
                    10.375,
                    7,
                    -1.875
                ]
            },
            "faces": {
                "north": {
                    "uv": [
                        6.5,
                        8,
                        6,
                        8.5
                    ],
                    "rotation": 90,
                    "texture": "#3"
                },
                "east": {
                    "uv": [
                        6,
                        11.5,
                        6.5,
                        8
                    ],
                    "rotation": 270,
                    "texture": "#3"
                },
                "south": {
                    "uv": [
                        6,
                        11,
                        6.5,
                        11.5
                    ],
                    "rotation": 270,
                    "texture": "#3"
                },
                "west": {
                    "uv": [
                        6,
                        8,
                        6.5,
                        11.5
                    ],
                    "rotation": 270,
                    "texture": "#3"
                },
                "up": {
                    "uv": [
                        6,
                        8,
                        6.5,
                        11.5
                    ],
                    "texture": "#3"
                },
                "down": {
                    "uv": [
                        6,
                        8,
                        6.5,
                        11.5
                    ],
                    "rotation": 180,
                    "texture": "#3"
                }
            }
        },
        {
            "name": "sword_26",
            "from": [
                10.125,
                4.375,
                -1.5
            ],
            "to": [
                10.625,
                4.875,
                2
            ],
            "rotation": {
                "angle": -45,
                "axis": "x",
                "origin": [
                    10.375,
                    7,
                    -1.875
                ]
            },
            "faces": {
                "north": {
                    "uv": [
                        6,
                        8.5,
                        5.5,
                        9
                    ],
                    "rotation": 90,
                    "texture": "#3"
                },
                "east": {
                    "uv": [
                        5.5,
                        12,
                        6,
                        8.5
                    ],
                    "rotation": 270,
                    "texture": "#3"
                },
                "south": {
                    "uv": [
                        5.5,
                        11.5,
                        6,
                        12
                    ],
                    "rotation": 270,
                    "texture": "#3"
                },
                "west": {
                    "uv": [
                        5.5,
                        8.5,
                        6,
                        12
                    ],
                    "rotation": 270,
                    "texture": "#3"
                },
                "up": {
                    "uv": [
                        5.5,
                        8.5,
                        6,
                        12
                    ],
                    "texture": "#3"
                },
                "down": {
                    "uv": [
                        5.5,
                        8.5,
                        6,
                        12
                    ],
                    "rotation": 180,
                    "texture": "#3"
                }
            }
        },
        {
            "name": "sword_27",
            "from": [
                10.125,
                3.875,
                -1
            ],
            "to": [
                10.625,
                4.375,
                3
            ],
            "rotation": {
                "angle": -45,
                "axis": "x",
                "origin": [
                    10.375,
                    7,
                    -1.875
                ]
            },
            "faces": {
                "north": {
                    "uv": [
                        5.5,
                        9,
                        5,
                        9.5
                    ],
                    "rotation": 90,
                    "texture": "#3"
                },
                "east": {
                    "uv": [
                        5,
                        13,
                        5.5,
                        9
                    ],
                    "rotation": 270,
                    "texture": "#3"
                },
                "south": {
                    "uv": [
                        5,
                        12.5,
                        5.5,
                        13
                    ],
                    "rotation": 270,
                    "texture": "#3"
                },
                "west": {
                    "uv": [
                        5,
                        9,
                        5.5,
                        13
                    ],
                    "rotation": 270,
                    "texture": "#3"
                },
                "up": {
                    "uv": [
                        5,
                        9,
                        5.5,
                        13
                    ],
                    "texture": "#3"
                },
                "down": {
                    "uv": [
                        5,
                        9,
                        5.5,
                        13
                    ],
                    "rotation": 180,
                    "texture": "#3"
                }
            }
        },
        {
            "name": "sword_28",
            "from": [
                10.125,
                3.375,
                -0.5
            ],
            "to": [
                10.625,
                3.875,
                5
            ],
            "rotation": {
                "angle": -45,
                "axis": "x",
                "origin": [
                    10.375,
                    7,
                    -1.875
                ]
            },
            "faces": {
                "north": {
                    "uv": [
                        5,
                        9.5,
                        4.5,
                        10
                    ],
                    "rotation": 90,
                    "texture": "#3"
                },
                "east": {
                    "uv": [
                        4.5,
                        15,
                        5,
                        9.5
                    ],
                    "rotation": 270,
                    "texture": "#3"
                },
                "south": {
                    "uv": [
                        4.5,
                        14.5,
                        5,
                        15
                    ],
                    "rotation": 270,
                    "texture": "#3"
                },
                "west": {
                    "uv": [
                        4.5,
                        9.5,
                        5,
                        15
                    ],
                    "rotation": 270,
                    "texture": "#3"
                },
                "up": {
                    "uv": [
                        4.5,
                        9.5,
                        5,
                        15
                    ],
                    "texture": "#3"
                },
                "down": {
                    "uv": [
                        4.5,
                        9.5,
                        5,
                        15
                    ],
                    "rotation": 180,
                    "texture": "#3"
                }
            }
        },
        {
            "name": "sword_29",
            "from": [
                10.125,
                2.875,
                0
            ],
            "to": [
                10.625,
                3.375,
                5
            ],
            "rotation": {
                "angle": -45,
                "axis": "x",
                "origin": [
                    10.375,
                    7,
                    -1.875
                ]
            },
            "faces": {
                "north": {
                    "uv": [
                        4.5,
                        10,
                        4,
                        10.5
                    ],
                    "rotation": 90,
                    "texture": "#3"
                },
                "east": {
                    "uv": [
                        4,
                        15,
                        4.5,
                        10
                    ],
                    "rotation": 270,
                    "texture": "#3"
                },
                "south": {
                    "uv": [
                        4,
                        14.5,
                        4.5,
                        15
                    ],
                    "rotation": 270,
                    "texture": "#3"
                },
                "west": {
                    "uv": [
                        4,
                        10,
                        4.5,
                        15
                    ],
                    "rotation": 270,
                    "texture": "#3"
                },
                "up": {
                    "uv": [
                        4,
                        10,
                        4.5,
                        15
                    ],
                    "texture": "#3"
                },
                "down": {
                    "uv": [
                        4,
                        10,
                        4.5,
                        15
                    ],
                    "rotation": 180,
                    "texture": "#3"
                }
            }
        },
        {
            "name": "sword_30",
            "from": [
                10.125,
                0.375,
                0.5
            ],
            "to": [
                10.625,
                1.375,
                4.5
            ],
            "rotation": {
                "angle": -45,
                "axis": "x",
                "origin": [
                    10.375,
                    7,
                    -1.875
                ]
            },
            "faces": {
                "north": {
                    "uv": [
                        2.5,
                        10.5,
                        1.5,
                        11
                    ],
                    "rotation": 90,
                    "texture": "#3"
                },
                "east": {
                    "uv": [
                        1.5,
                        14.5,
                        2.5,
                        10.5
                    ],
                    "rotation": 270,
                    "texture": "#3"
                },
                "south": {
                    "uv": [
                        1.5,
                        14,
                        2.5,
                        14.5
                    ],
                    "rotation": 270,
                    "texture": "#3"
                },
                "west": {
                    "uv": [
                        1.5,
                        10.5,
                        2.5,
                        14.5
                    ],
                    "rotation": 270,
                    "texture": "#3"
                },
                "up": {
                    "uv": [
                        2,
                        10.5,
                        2.5,
                        14.5
                    ],
                    "texture": "#3"
                },
                "down": {
                    "uv": [
                        1.5,
                        10.5,
                        2,
                        14.5
                    ],
                    "rotation": 180,
                    "texture": "#3"
                }
            }
        },
        {
            "name": "sword_31",
            "from": [
                10.125,
                1.875,
                0.5
            ],
            "to": [
                10.625,
                2.875,
                5
            ],
            "rotation": {
                "angle": -45,
                "axis": "x",
                "origin": [
                    10.375,
                    7,
                    -1.875
                ]
            },
            "faces": {
                "north": {
                    "uv": [
                        4,
                        10.5,
                        3,
                        11
                    ],
                    "rotation": 90,
                    "texture": "#3"
                },
                "east": {
                    "uv": [
                        3,
                        15,
                        4,
                        10.5
                    ],
                    "rotation": 270,
                    "texture": "#3"
                },
                "south": {
                    "uv": [
                        3,
                        14.5,
                        4,
                        15
                    ],
                    "rotation": 270,
                    "texture": "#3"
                },
                "west": {
                    "uv": [
                        3,
                        10.5,
                        4,
                        15
                    ],
                    "rotation": 270,
                    "texture": "#3"
                },
                "up": {
                    "uv": [
                        3.5,
                        10.5,
                        4,
                        15
                    ],
                    "texture": "#3"
                },
                "down": {
                    "uv": [
                        3,
                        10.5,
                        3.5,
                        15
                    ],
                    "rotation": 180,
                    "texture": "#3"
                }
            }
        },
        {
            "name": "sword_32",
            "from": [
                10.125,
                -0.125,
                1
            ],
            "to": [
                10.625,
                0.375,
                3.5
            ],
            "rotation": {
                "angle": -45,
                "axis": "x",
                "origin": [
                    10.375,
                    7,
                    -1.875
                ]
            },
            "faces": {
                "north": {
                    "uv": [
                        1.5,
                        11,
                        1,
                        11.5
                    ],
                    "rotation": 90,
                    "texture": "#3"
                },
                "east": {
                    "uv": [
                        1,
                        13.5,
                        1.5,
                        11
                    ],
                    "rotation": 270,
                    "texture": "#3"
                },
                "south": {
                    "uv": [
                        1,
                        13,
                        1.5,
                        13.5
                    ],
                    "rotation": 270,
                    "texture": "#3"
                },
                "west": {
                    "uv": [
                        1,
                        11,
                        1.5,
                        13.5
                    ],
                    "rotation": 270,
                    "texture": "#3"
                },
                "up": {
                    "uv": [
                        1,
                        11,
                        1.5,
                        13.5
                    ],
                    "texture": "#3"
                },
                "down": {
                    "uv": [
                        1,
                        11,
                        1.5,
                        13.5
                    ],
                    "rotation": 180,
                    "texture": "#3"
                }
            }
        },
        {
            "name": "sword_33",
            "from": [
                10.125,
                1.375,
                1
            ],
            "to": [
                10.625,
                1.875,
                4.5
            ],
            "rotation": {
                "angle": -45,
                "axis": "x",
                "origin": [
                    10.375,
                    7,
                    -1.875
                ]
            },
            "faces": {
                "north": {
                    "uv": [
                        3,
                        11,
                        2.5,
                        11.5
                    ],
                    "rotation": 90,
                    "texture": "#3"
                },
                "east": {
                    "uv": [
                        2.5,
                        14.5,
                        3,
                        11
                    ],
                    "rotation": 270,
                    "texture": "#3"
                },
                "south": {
                    "uv": [
                        2.5,
                        14,
                        3,
                        14.5
                    ],
                    "rotation": 270,
                    "texture": "#3"
                },
                "west": {
                    "uv": [
                        2.5,
                        11,
                        3,
                        14.5
                    ],
                    "rotation": 270,
                    "texture": "#3"
                },
                "up": {
                    "uv": [
                        2.5,
                        11,
                        3,
                        14.5
                    ],
                    "texture": "#3"
                },
                "down": {
                    "uv": [
                        2.5,
                        11,
                        3,
                        14.5
                    ],
                    "rotation": 180,
                    "texture": "#3"
                }
            }
        },
        {
            "name": "sword_34",
            "from": [
                10.125,
                -0.625,
                2
            ],
            "to": [
                10.625,
                -0.125,
                2.5
            ],
            "rotation": {
                "angle": -45,
                "axis": "x",
                "origin": [
                    10.375,
                    7,
                    -1.875
                ]
            },
            "faces": {
                "north": {
                    "uv": [
                        1,
                        12,
                        0.5,
                        12.5
                    ],
                    "rotation": 90,
                    "texture": "#3"
                },
                "east": {
                    "uv": [
                        0.5,
                        12.5,
                        1,
                        12
                    ],
                    "rotation": 270,
                    "texture": "#3"
                },
                "south": {
                    "uv": [
                        0.5,
                        12,
                        1,
                        12.5
                    ],
                    "rotation": 270,
                    "texture": "#3"
                },
                "west": {
                    "uv": [
                        0.5,
                        12,
                        1,
                        12.5
                    ],
                    "rotation": 270,
                    "texture": "#3"
                },
                "up": {
                    "uv": [
                        0.5,
                        12,
                        1,
                        12.5
                    ],
                    "texture": "#3"
                },
                "down": {
                    "uv": [
                        0.5,
                        12,
                        1,
                        12.5
                    ],
                    "rotation": 180,
                    "texture": "#3"
                }
            }
        },
        {
            "name": "sword_35",
            "from": [
                10.125,
                3.875,
                3.5
            ],
            "to": [
                10.625,
                4.375,
                4.5
            ],
            "rotation": {
                "angle": -45,
                "axis": "x",
                "origin": [
                    10.375,
                    7,
                    -1.875
                ]
            },
            "faces": {
                "north": {
                    "uv": [
                        5.5,
                        13.5,
                        5,
                        14
                    ],
                    "rotation": 90,
                    "texture": "#3"
                },
                "east": {
                    "uv": [
                        5,
                        14.5,
                        5.5,
                        13.5
                    ],
                    "rotation": 270,
                    "texture": "#3"
                },
                "south": {
                    "uv": [
                        5,
                        14,
                        5.5,
                        14.5
                    ],
                    "rotation": 270,
                    "texture": "#3"
                },
                "west": {
                    "uv": [
                        5,
                        13.5,
                        5.5,
                        14.5
                    ],
                    "rotation": 270,
                    "texture": "#3"
                },
                "up": {
                    "uv": [
                        5,
                        13.5,
                        5.5,
                        14.5
                    ],
                    "texture": "#3"
                },
                "down": {
                    "uv": [
                        5,
                        13.5,
                        5.5,
                        14.5
                    ],
                    "rotation": 180,
                    "texture": "#3"
                }
            }
        },
        {
            "name": "sword_36",
            "from": [
                10.125,
                -0.125,
                4
            ],
            "to": [
                10.625,
                0.375,
                6
            ],
            "rotation": {
                "angle": -45,
                "axis": "x",
                "origin": [
                    10.375,
                    7,
                    -1.875
                ]
            },
            "faces": {
                "north": {
                    "uv": [
                        1.5,
                        14,
                        1,
                        14.5
                    ],
                    "rotation": 90,
                    "texture": "#3"
                },
                "east": {
                    "uv": [
                        1,
                        16,
                        1.5,
                        14
                    ],
                    "rotation": 270,
                    "texture": "#3"
                },
                "south": {
                    "uv": [
                        1,
                        15.5,
                        1.5,
                        16
                    ],
                    "rotation": 270,
                    "texture": "#3"
                },
                "west": {
                    "uv": [
                        1,
                        14,
                        1.5,
                        16
                    ],
                    "rotation": 270,
                    "texture": "#3"
                },
                "up": {
                    "uv": [
                        1,
                        14,
                        1.5,
                        16
                    ],
                    "texture": "#3"
                },
                "down": {
                    "uv": [
                        1,
                        14,
                        1.5,
                        16
                    ],
                    "rotation": 180,
                    "texture": "#3"
                }
            }
        },
        {
            "name": "sword_37",
            "from": [
                10.125,
                -1.125,
                4.5
            ],
            "to": [
                10.625,
                -0.125,
                6
            ],
            "rotation": {
                "angle": -45,
                "axis": "x",
                "origin": [
                    10.375,
                    7,
                    -1.875
                ]
            },
            "faces": {
                "north": {
                    "uv": [
                        1,
                        14.5,
                        0,
                        15
                    ],
                    "rotation": 90,
                    "texture": "#3"
                },
                "east": {
                    "uv": [
                        0,
                        16,
                        1,
                        14.5
                    ],
                    "rotation": 270,
                    "texture": "#3"
                },
                "south": {
                    "uv": [
                        0,
                        15.5,
                        1,
                        16
                    ],
                    "rotation": 270,
                    "texture": "#3"
                },
                "west": {
                    "uv": [
                        0,
                        14.5,
                        1,
                        16
                    ],
                    "rotation": 270,
                    "texture": "#3"
                },
                "up": {
                    "uv": [
                        0.5,
                        14.5,
                        1,
                        16
                    ],
                    "texture": "#3"
                },
                "down": {
                    "uv": [
                        0,
                        14.5,
                        0.5,
                        16
                    ],
                    "rotation": 180,
                    "texture": "#3"
                }
            }
        },
        {
            "name": "sword_38",
            "from": [
                10.125,
                0.375,
                4.5
            ],
            "to": [
                10.625,
                0.875,
                5
            ],
            "rotation": {
                "angle": -45,
                "axis": "x",
                "origin": [
                    10.375,
                    7,
                    -1.875
                ]
            },
            "faces": {
                "north": {
                    "uv": [
                        2,
                        14.5,
                        1.5,
                        15
                    ],
                    "rotation": 90,
                    "texture": "#3"
                },
                "east": {
                    "uv": [
                        1.5,
                        15,
                        2,
                        14.5
                    ],
                    "rotation": 270,
                    "texture": "#3"
                },
                "south": {
                    "uv": [
                        1.5,
                        14.5,
                        2,
                        15
                    ],
                    "rotation": 270,
                    "texture": "#3"
                },
                "west": {
                    "uv": [
                        1.5,
                        14.5,
                        2,
                        15
                    ],
                    "rotation": 270,
                    "texture": "#3"
                },
                "up": {
                    "uv": [
                        1.5,
                        14.5,
                        2,
                        15
                    ],
                    "texture": "#3"
                },
                "down": {
                    "uv": [
                        1.5,
                        14.5,
                        2,
                        15
                    ],
                    "rotation": 180,
                    "texture": "#3"
                }
            }
        },
        {
            "name": "sword_39",
            "from": [
                10.125,
                2.375,
                5
            ],
            "to": [
                10.625,
                2.875,
                5.5
            ],
            "rotation": {
                "angle": -45,
                "axis": "x",
                "origin": [
                    10.375,
                    7,
                    -1.875
                ]
            },
            "faces": {
                "north": {
                    "uv": [
                        4,
                        15,
                        3.5,
                        15.5
                    ],
                    "rotation": 90,
                    "texture": "#3"
                },
                "east": {
                    "uv": [
                        3.5,
                        15.5,
                        4,
                        15
                    ],
                    "rotation": 270,
                    "texture": "#3"
                },
                "south": {
                    "uv": [
                        3.5,
                        15,
                        4,
                        15.5
                    ],
                    "rotation": 270,
                    "texture": "#3"
                },
                "west": {
                    "uv": [
                        3.5,
                        15,
                        4,
                        15.5
                    ],
                    "rotation": 270,
                    "texture": "#3"
                },
                "up": {
                    "uv": [
                        3.5,
                        15,
                        4,
                        15.5
                    ],
                    "texture": "#3"
                },
                "down": {
                    "uv": [
                        3.5,
                        15,
                        4,
                        15.5
                    ],
                    "rotation": 180,
                    "texture": "#3"
                }
            }
        }
    ],
    "display": {
        "thirdperson_righthand": {
            "rotation": [
                90,
                0,
                0
            ],
            "translation": [
                -5.5,
                -2,
                4.25
            ],
            "scale": [
                2,
                2,
                2
            ]
        },
        "thirdperson_lefthand": {
            "rotation": [
                90,
                0,
                0
            ],
            "translation": [
                -6,
                -1.75,
                -3.5
            ]
        },
        "firstperson_righthand": {
            "translation": [
                0,
                8.75,
                2
            ]
        },
        "firstperson_lefthand": {
            "translation": [
                0,
                8.75,
                2
            ]
        },
        "ground": {
            "rotation": [
                0,
                0,
                90
            ],
            "translation": [
                -0.5,
                -4.75,
                0
            ],
            "scale": [
                0.45,
                0.45,
                0.45
            ]
        },
        "gui": {
            "rotation": [
                90,
                -48,
                90
            ],
            "translation": [
                -1,
                1.75,
                0
            ],
            "scale": [
                0.86,
                0.86,
                0.86
            ]
        },
        "head": {
            "translation": [
                0,
                -29,
                0
            ],
            "scale": [
                1.6,
                1.6,
                1.6
            ]
        }
    },
    "groups": [
        {
            "name": "alex",
            "origin": [
                8,
                8,
                8
            ],
            "color": 0,
            "children": [
                0,
                1
            ]
        },
        {
            "name": "option",
            "origin": [
                0,
                0,
                0
            ],
            "color": 0,
            "children": []
        },
        {
            "name": "group",
            "origin": [
                6.21194,
                15.55866,
                7.49
            ],
            "color": 0,
            "children": []
        },
        {
            "name": "group",
            "origin": [
                6.21194,
                15.55866,
                7.49
            ],
            "color": 0,
            "children": []
        },
        {
            "name": "group",
            "origin": [
                6.21194,
                15.55866,
                7.49
            ],
            "color": 0,
            "children": []
        },
        {
            "name": "group",
            "origin": [
                9.78806,
                10.55866,
                7.49
            ],
            "color": 0,
            "children": []
        },
        {
            "name": "group",
            "origin": [
                8,
                5.5471,
                10.38151
            ],
            "color": 0,
            "children": []
        },
        {
            "name": "sword",
            "origin": [
                8,
                8,
                8
            ],
            "color": 0,
            "children": [
                2,
                3,
                4,
                5,
                6,
                7,
                8,
                9,
                10,
                11,
                12,
                13,
                14,
                15,
                16,
                17,
                18,
                19,
                20,
                21,
                22,
                23,
                24,
                25,
                26,
                27,
                28,
                29,
                30,
                31,
                32,
                33,
                34,
                35,
                36,
                37,
                38,
                39,
                40,
                41
            ]
        }
    ]
}