{
    "credit": "Made with Blockbench",
    "ambientocclusion": false,
    "texture_size": [
        128,
        128
    ],
    "textures": {
		"3": "item/mob/stick/20189/lunatic_mage"
    },
    "elements": [
        {
            "name": "headwear",
            "from": [
                -1,
                11.1,
                -2
            ],
            "to": [
                17,
                13.1,
                16
            ],
            "rotation": {
                "angle": 0,
                "axis": "x",
                "origin": [
                    8,
                    15.74001,
                    7.74843
                ]
            },
            "faces": {
                "north": {
                    "uv": [
                        5.875,
                        4.5,
                        8.125,
                        4.75
                    ],
                    "texture": "#3"
                },
                "east": {
                    "uv": [
                        5.875,
                        4.75,
                        8.125,
                        5
                    ],
                    "texture": "#3"
                },
                "south": {
                    "uv": [
                        5.875,
                        5,
                        8.125,
                        5.25
                    ],
                    "texture": "#3"
                },
                "west": {
                    "uv": [
                        5.875,
                        5.25,
                        8.125,
                        5.5
                    ],
                    "texture": "#3"
                },
                "up": {
                    "uv": [
                        2.25,
                        2.25,
                        0,
                        0
                    ],
                    "texture": "#3"
                },
                "down": {
                    "uv": [
                        2.25,
                        2.25,
                        0,
                        4.5
                    ],
                    "texture": "#3"
                }
            }
        },
        {
            "name": "hat2",
            "from": [
                4.5,
                13.1,
                3.5
            ],
            "to": [
                11.5,
                17.1,
                10.5
            ],
            "rotation": {
                "angle": 0,
                "axis": "x",
                "origin": [
                    8,
                    15.74001,
                    7.74843
                ]
            },
            "faces": {
                "north": {
                    "uv": [
                        6.25,
                        1.375,
                        7.125,
                        1.875
                    ],
                    "texture": "#3"
                },
                "east": {
                    "uv": [
                        6.25,
                        1.875,
                        7.125,
                        2.375
                    ],
                    "texture": "#3"
                },
                "south": {
                    "uv": [
                        6.25,
                        2.375,
                        7.125,
                        2.875
                    ],
                    "texture": "#3"
                },
                "west": {
                    "uv": [
                        6.375,
                        2.875,
                        7.25,
                        3.375
                    ],
                    "texture": "#3"
                },
                "up": {
                    "uv": [
                        5.375,
                        4.875,
                        4.5,
                        4
                    ],
                    "texture": "#3"
                },
                "down": {
                    "uv": [
                        5.375,
                        4.875,
                        4.5,
                        5.75
                    ],
                    "texture": "#3"
                }
            }
        },
        {
            "name": "hat3",
            "from": [
                6.5,
                13.1,
                2.5
            ],
            "to": [
                9.5,
                16.1,
                3.5
            ],
            "rotation": {
                "angle": 0,
                "axis": "x",
                "origin": [
                    8,
                    15.74001,
                    7.74843
                ]
            },
            "faces": {
                "north": {
                    "uv": [
                        8,
                        3.25,
                        8.375,
                        3.625
                    ],
                    "texture": "#3"
                },
                "east": {
                    "uv": [
                        5.25,
                        3.625,
                        5.375,
                        4
                    ],
                    "texture": "#3"
                },
                "south": {
                    "uv": [
                        3.5,
                        8,
                        3.875,
                        8.375
                    ],
                    "texture": "#3"
                },
                "west": {
                    "uv": [
                        5.25,
                        6.625,
                        5.375,
                        7
                    ],
                    "texture": "#3"
                },
                "up": {
                    "uv": [
                        7,
                        0.875,
                        6.625,
                        0.75
                    ],
                    "texture": "#3"
                },
                "down": {
                    "uv": [
                        5.5,
                        8.25,
                        5.125,
                        8.375
                    ],
                    "texture": "#3"
                }
            }
        },
        {
            "name": "hat3",
            "from": [
                6,
                15.78619,
                4.91921
            ],
            "to": [
                10,
                21.78619,
                8.91921
            ],
            "rotation": {
                "angle": 22.5,
                "axis": "x",
                "origin": [
                    8,
                    15.74001,
                    7.74843
                ]
            },
            "faces": {
                "north": {
                    "uv": [
                        3.25,
                        6.5,
                        3.75,
                        7.25
                    ],
                    "texture": "#3"
                },
                "east": {
                    "uv": [
                        3.75,
                        6.5,
                        4.25,
                        7.25
                    ],
                    "texture": "#3"
                },
                "south": {
                    "uv": [
                        0,
                        6.625,
                        0.5,
                        7.375
                    ],
                    "texture": "#3"
                },
                "west": {
                    "uv": [
                        6.625,
                        0,
                        7.125,
                        0.75
                    ],
                    "texture": "#3"
                },
                "up": {
                    "uv": [
                        8,
                        2,
                        7.5,
                        1.5
                    ],
                    "texture": "#3"
                },
                "down": {
                    "uv": [
                        8,
                        3.25,
                        7.5,
                        3.75
                    ],
                    "texture": "#3"
                }
            }
        },
        {
            "name": "hat4",
            "from": [
                6,
                19.78619,
                8.91921
            ],
            "to": [
                10,
                21.78619,
                11.91921
            ],
            "rotation": {
                "angle": 22.5,
                "axis": "x",
                "origin": [
                    8,
                    15.74001,
                    7.74843
                ]
            },
            "faces": {
                "north": {
                    "uv": [
                        6.375,
                        3.375,
                        6.875,
                        3.625
                    ],
                    "texture": "#3"
                },
                "east": {
                    "uv": [
                        8.125,
                        5.125,
                        8.5,
                        5.375
                    ],
                    "texture": "#3"
                },
                "south": {
                    "uv": [
                        8.125,
                        4.875,
                        8.625,
                        5.125
                    ],
                    "texture": "#3"
                },
                "west": {
                    "uv": [
                        6.125,
                        8.125,
                        6.5,
                        8.375
                    ],
                    "texture": "#3"
                },
                "up": {
                    "uv": [
                        8,
                        4.125,
                        7.5,
                        3.75
                    ],
                    "texture": "#3"
                },
                "down": {
                    "uv": [
                        8.125,
                        2.625,
                        7.625,
                        3
                    ],
                    "texture": "#3"
                }
            }
        },
        {
            "name": "hat5",
            "from": [
                6,
                18.78619,
                10.91921
            ],
            "to": [
                10,
                19.78619,
                11.91921
            ],
            "rotation": {
                "angle": 22.5,
                "axis": "x",
                "origin": [
                    8,
                    15.74001,
                    7.74843
                ]
            },
            "faces": {
                "north": {
                    "uv": [
                        7.625,
                        8.25,
                        8.125,
                        8.375
                    ],
                    "texture": "#3"
                },
                "east": {
                    "uv": [
                        6.25,
                        2.875,
                        6.375,
                        3
                    ],
                    "texture": "#3"
                },
                "south": {
                    "uv": [
                        8.125,
                        8.25,
                        8.625,
                        8.375
                    ],
                    "texture": "#3"
                },
                "west": {
                    "uv": [
                        7.125,
                        6.75,
                        7.25,
                        6.875
                    ],
                    "texture": "#3"
                },
                "up": {
                    "uv": [
                        8.875,
                        0.375,
                        8.375,
                        0.25
                    ],
                    "texture": "#3"
                },
                "down": {
                    "uv": [
                        8.875,
                        0.375,
                        8.375,
                        0.5
                    ],
                    "texture": "#3"
                }
            }
        },
        {
            "name": "hat6",
            "from": [
                5.23236,
                13.97237,
                12.49686
            ],
            "to": [
                9.23236,
                17.97237,
                12.49686
            ],
            "rotation": {
                "angle": 22.5,
                "axis": "z",
                "origin": [
                    7,
                    15.74001,
                    7.74843
                ]
            },
            "faces": {
                "north": {
                    "uv": [
                        7.5,
                        5.5,
                        8,
                        6
                    ],
                    "texture": "#3"
                },
                "east": {
                    "uv": [
                        0,
                        0,
                        0,
                        0.5
                    ],
                    "texture": "#3"
                },
                "south": {
                    "uv": [
                        5.75,
                        7.5,
                        6.25,
                        8
                    ],
                    "texture": "#3"
                },
                "west": {
                    "uv": [
                        0,
                        0,
                        0,
                        0.5
                    ],
                    "texture": "#3"
                },
                "up": {
                    "uv": [
                        0.5,
                        0,
                        0,
                        0
                    ],
                    "texture": "#3"
                },
                "down": {
                    "uv": [
                        0.5,
                        0,
                        0,
                        0
                    ],
                    "texture": "#3"
                }
            }
        },
        {
            "from": [
                4,
                7.1,
                3
            ],
            "to": [
                12,
                11.1,
                11
            ],
            "rotation": {
                "angle": 0,
                "axis": "x",
                "origin": [
                    8,
                    14.75,
                    8.075
                ]
            },
            "faces": {
                "north": {
                    "uv": [
                        6,
                        0.875,
                        7,
                        1.375
                    ],
                    "texture": "#3"
                },
                "east": {
                    "uv": [
                        2.125,
                        6,
                        3.125,
                        6.5
                    ],
                    "texture": "#3"
                },
                "south": {
                    "uv": [
                        3.125,
                        6,
                        4.125,
                        6.5
                    ],
                    "texture": "#3"
                },
                "west": {
                    "uv": [
                        6.125,
                        3.625,
                        7.125,
                        4.125
                    ],
                    "texture": "#3"
                },
                "up": {
                    "uv": [
                        5.25,
                        3,
                        4.25,
                        2
                    ],
                    "texture": "#3"
                },
                "down": {
                    "uv": [
                        5.25,
                        3,
                        4.25,
                        4
                    ],
                    "texture": "#3"
                }
            }
        },
        {
            "from": [
                3.5,
                2,
                4.5
            ],
            "to": [
                12.5,
                7,
                11.5
            ],
            "rotation": {
                "angle": 0,
                "axis": "y",
                "origin": [
                    4,
                    2.5,
                    5
                ]
            },
            "faces": {
                "north": {
                    "uv": [
                        5.25,
                        3,
                        6.375,
                        3.625
                    ],
                    "texture": "#3"
                },
                "east": {
                    "uv": [
                        5.875,
                        5.5,
                        6.75,
                        6.125
                    ],
                    "texture": "#3"
                },
                "south": {
                    "uv": [
                        0,
                        5.375,
                        1.125,
                        6
                    ],
                    "texture": "#3"
                },
                "west": {
                    "uv": [
                        0,
                        6,
                        0.875,
                        6.625
                    ],
                    "texture": "#3"
                },
                "up": {
                    "uv": [
                        1.125,
                        5.375,
                        0,
                        4.5
                    ],
                    "texture": "#3"
                },
                "down": {
                    "uv": [
                        2.25,
                        4.5,
                        1.125,
                        5.375
                    ],
                    "texture": "#3"
                }
            }
        },
        {
            "from": [
                3.5,
                7,
                8.5
            ],
            "to": [
                12.5,
                9,
                11.5
            ],
            "rotation": {
                "angle": 0,
                "axis": "y",
                "origin": [
                    4,
                    2.5,
                    5
                ]
            },
            "faces": {
                "north": {
                    "uv": [
                        7.125,
                        6.25,
                        8.25,
                        6.5
                    ],
                    "texture": "#3"
                },
                "east": {
                    "uv": [
                        0.5,
                        6.625,
                        0.875,
                        6.875
                    ],
                    "texture": "#3"
                },
                "south": {
                    "uv": [
                        7.125,
                        6.5,
                        8.25,
                        6.75
                    ],
                    "texture": "#3"
                },
                "west": {
                    "uv": [
                        4.75,
                        8.125,
                        5.125,
                        8.375
                    ],
                    "texture": "#3"
                },
                "up": {
                    "uv": [
                        7.25,
                        4.5,
                        6.125,
                        4.125
                    ],
                    "texture": "#3"
                },
                "down": {
                    "uv": [
                        3.25,
                        6.5,
                        2.125,
                        6.875
                    ],
                    "texture": "#3"
                }
            }
        },
        {
            "from": [
                3.5,
                7,
                6.5
            ],
            "to": [
                12.5,
                8,
                8.5
            ],
            "rotation": {
                "angle": 0,
                "axis": "y",
                "origin": [
                    4,
                    2.5,
                    5
                ]
            },
            "faces": {
                "north": {
                    "uv": [
                        7.25,
                        4.375,
                        8.375,
                        4.5
                    ],
                    "texture": "#3"
                },
                "east": {
                    "uv": [
                        6,
                        1.375,
                        6.25,
                        1.5
                    ],
                    "texture": "#3"
                },
                "south": {
                    "uv": [
                        7.5,
                        6,
                        8.625,
                        6.125
                    ],
                    "texture": "#3"
                },
                "west": {
                    "uv": [
                        6.375,
                        6.75,
                        6.625,
                        6.875
                    ],
                    "texture": "#3"
                },
                "up": {
                    "uv": [
                        8.375,
                        3.25,
                        7.25,
                        3
                    ],
                    "texture": "#3"
                },
                "down": {
                    "uv": [
                        8.375,
                        4.125,
                        7.25,
                        4.375
                    ],
                    "texture": "#3"
                }
            }
        },
        {
            "from": [
                4,
                -9,
                5
            ],
            "to": [
                12,
                7,
                11
            ],
            "rotation": {
                "angle": 0,
                "axis": "y",
                "origin": [
                    4,
                    -9,
                    5
                ]
            },
            "faces": {
                "north": {
                    "uv": [
                        2.25,
                        0,
                        3.25,
                        2
                    ],
                    "texture": "#3"
                },
                "east": {
                    "uv": [
                        2.25,
                        4,
                        3,
                        6
                    ],
                    "texture": "#3"
                },
                "south": {
                    "uv": [
                        2.25,
                        2,
                        3.25,
                        4
                    ],
                    "texture": "#3"
                },
                "west": {
                    "uv": [
                        3,
                        4,
                        3.75,
                        6
                    ],
                    "texture": "#3"
                },
                "up": {
                    "uv": [
                        6,
                        0.75,
                        5,
                        0
                    ],
                    "texture": "#3"
                },
                "down": {
                    "uv": [
                        6,
                        0.75,
                        5,
                        1.5
                    ],
                    "texture": "#3"
                }
            }
        },
        {
            "name": "cube_outline",
            "from": [
                12,
                7,
                11
            ],
            "to": [
                4,
                -9,
                5
            ],
            "rotation": {
                "angle": 0,
                "axis": "y",
                "origin": [
                    4,
                    -9,
                    5
                ]
            },
            "faces": {
                "north": {
                    "uv": [
                        3.25,
                        0,
                        4.25,
                        2
                    ],
                    "texture": "#3"
                },
                "east": {
                    "uv": [
                        3.75,
                        4,
                        4.5,
                        6
                    ],
                    "texture": "#3"
                },
                "south": {
                    "uv": [
                        3.25,
                        2,
                        4.25,
                        4
                    ],
                    "texture": "#3"
                },
                "west": {
                    "uv": [
                        4.25,
                        0,
                        5,
                        2
                    ],
                    "texture": "#3"
                },
                "up": {
                    "uv": [
                        6.25,
                        2.25,
                        5.25,
                        1.5
                    ],
                    "texture": "#3"
                },
                "down": {
                    "uv": [
                        6.25,
                        2.25,
                        5.25,
                        3
                    ],
                    "texture": "#3"
                }
            }
        },
        {
            "name": "innnerbody",
            "from": [
                5,
                0,
                5.5
            ],
            "to": [
                11,
                7,
                10.5
            ],
            "faces": {
                "north": {
                    "uv": [
                        1.125,
                        5.375,
                        1.875,
                        6.25
                    ],
                    "texture": "#3"
                },
                "east": {
                    "uv": [
                        4.75,
                        5.75,
                        5.375,
                        6.625
                    ],
                    "texture": "#3"
                },
                "south": {
                    "uv": [
                        5.375,
                        3.625,
                        6.125,
                        4.5
                    ],
                    "texture": "#3"
                },
                "west": {
                    "uv": [
                        6,
                        0,
                        6.625,
                        0.875
                    ],
                    "texture": "#3"
                },
                "up": {
                    "uv": [
                        6.625,
                        6.75,
                        5.875,
                        6.125
                    ],
                    "texture": "#3"
                },
                "down": {
                    "uv": [
                        1.625,
                        6.25,
                        0.875,
                        6.875
                    ],
                    "texture": "#3"
                }
            }
        },
        {
            "name": "innnerbody",
            "from": [
                6,
                -6,
                5.5
            ],
            "to": [
                10,
                0,
                8.5
            ],
            "rotation": {
                "angle": 0,
                "axis": "x",
                "origin": [
                    8,
                    0,
                    7
                ]
            },
            "faces": {
                "north": {
                    "uv": [
                        5.25,
                        7,
                        5.75,
                        7.75
                    ],
                    "texture": "#3"
                },
                "east": {
                    "uv": [
                        7.25,
                        6.75,
                        7.625,
                        7.5
                    ],
                    "texture": "#3"
                },
                "south": {
                    "uv": [
                        7.125,
                        0,
                        7.625,
                        0.75
                    ],
                    "texture": "#3"
                },
                "west": {
                    "uv": [
                        0,
                        7.375,
                        0.375,
                        8.125
                    ],
                    "texture": "#3"
                },
                "up": {
                    "uv": [
                        8.375,
                        1.5,
                        7.875,
                        1.125
                    ],
                    "texture": "#3"
                },
                "down": {
                    "uv": [
                        2,
                        7.875,
                        1.5,
                        8.25
                    ],
                    "texture": "#3"
                }
            }
        },
        {
            "name": "innnerbody",
            "from": [
                6.5,
                -12,
                6
            ],
            "to": [
                9.5,
                -6,
                8
            ],
            "rotation": {
                "angle": -22.5,
                "axis": "x",
                "origin": [
                    8,
                    -6,
                    7
                ]
            },
            "faces": {
                "north": {
                    "uv": [
                        4.75,
                        7.375,
                        5.125,
                        8.125
                    ],
                    "texture": "#3"
                },
                "east": {
                    "uv": [
                        4.25,
                        6.5,
                        4.5,
                        7.25
                    ],
                    "texture": "#3"
                },
                "south": {
                    "uv": [
                        7.5,
                        0.75,
                        7.875,
                        1.5
                    ],
                    "texture": "#3"
                },
                "west": {
                    "uv": [
                        4.25,
                        7.25,
                        4.5,
                        8
                    ],
                    "texture": "#3"
                },
                "up": {
                    "uv": [
                        7.5,
                        8.375,
                        7.125,
                        8.125
                    ],
                    "texture": "#3"
                },
                "down": {
                    "uv": [
                        8.625,
                        0,
                        8.25,
                        0.25
                    ],
                    "texture": "#3"
                }
            }
        },
        {
            "from": [
                12,
                4.50001,
                4
            ],
            "to": [
                15,
                7.50001,
                9
            ],
            "rotation": {
                "angle": -45,
                "axis": "x",
                "origin": [
                    12.5,
                    6,
                    8
                ]
            },
            "faces": {
                "north": {
                    "uv": [
                        8.375,
                        1.875,
                        8,
                        2.25
                    ],
                    "rotation": 180,
                    "texture": "#3"
                },
                "east": {
                    "uv": [
                        7.25,
                        7.5,
                        7.625,
                        8.125
                    ],
                    "rotation": 270,
                    "texture": "#3"
                },
                "south": {
                    "uv": [
                        8.375,
                        1.875,
                        8,
                        1.5
                    ],
                    "texture": "#3"
                },
                "west": {
                    "uv": [
                        0.375,
                        7.625,
                        0.75,
                        8.25
                    ],
                    "rotation": 90,
                    "texture": "#3"
                },
                "up": {
                    "uv": [
                        6.75,
                        5.5,
                        7.125,
                        6.125
                    ],
                    "rotation": 180,
                    "texture": "#3"
                },
                "down": {
                    "uv": [
                        7.625,
                        0,
                        8,
                        0.625
                    ],
                    "texture": "#3"
                }
            }
        },
        {
            "from": [
                12,
                4.00001,
                -2
            ],
            "to": [
                15,
                8.00001,
                4
            ],
            "rotation": {
                "angle": -45,
                "axis": "x",
                "origin": [
                    12.5,
                    6,
                    8
                ]
            },
            "faces": {
                "north": {
                    "uv": [
                        2.875,
                        7.625,
                        2.5,
                        8.125
                    ],
                    "rotation": 180,
                    "texture": "#3"
                },
                "east": {
                    "uv": [
                        4.75,
                        6.625,
                        5.25,
                        7.375
                    ],
                    "rotation": 270,
                    "texture": "#3"
                },
                "south": {
                    "uv": [
                        4.5,
                        6.5,
                        4.125,
                        6
                    ],
                    "texture": "#3"
                },
                "west": {
                    "uv": [
                        6.625,
                        6.125,
                        7.125,
                        6.875
                    ],
                    "rotation": 90,
                    "texture": "#3"
                },
                "up": {
                    "uv": [
                        7.125,
                        0.75,
                        7.5,
                        1.5
                    ],
                    "rotation": 180,
                    "texture": "#3"
                },
                "down": {
                    "uv": [
                        7.125,
                        1.5,
                        7.5,
                        2.25
                    ],
                    "texture": "#3"
                }
            }
        },
        {
            "name": "cube_outline",
            "from": [
                15,
                8.00001,
                4
            ],
            "to": [
                12,
                4.00001,
                -2
            ],
            "rotation": {
                "angle": -45,
                "axis": "x",
                "origin": [
                    12.5,
                    6,
                    8
                ]
            },
            "faces": {
                "north": {
                    "uv": [
                        8,
                        6.75,
                        7.625,
                        7.25
                    ],
                    "rotation": 180,
                    "texture": "#3"
                },
                "east": {
                    "uv": [
                        5.875,
                        6.75,
                        6.375,
                        7.5
                    ],
                    "rotation": 270,
                    "texture": "#3"
                },
                "south": {
                    "uv": [
                        6.625,
                        8.125,
                        6.25,
                        7.625
                    ],
                    "texture": "#3"
                },
                "west": {
                    "uv": [
                        0.5,
                        6.875,
                        1,
                        7.625
                    ],
                    "rotation": 90,
                    "texture": "#3"
                },
                "up": {
                    "uv": [
                        7.125,
                        3.375,
                        7.5,
                        4.125
                    ],
                    "rotation": 180,
                    "texture": "#3"
                },
                "down": {
                    "uv": [
                        7.125,
                        5.5,
                        7.5,
                        6.25
                    ],
                    "texture": "#3"
                }
            }
        },
        {
            "name": "hilt",
            "from": [
                12.5,
                -2.42606,
                -3.74738
            ],
            "to": [
                14.5,
                -0.42606,
                16.25262
            ],
            "rotation": {
                "angle": 22.5,
                "axis": "x",
                "origin": [
                    12.5,
                    6,
                    8
                ]
            },
            "faces": {
                "north": {
                    "uv": [
                        1.125,
                        6.25,
                        0.875,
                        6
                    ],
                    "rotation": 180,
                    "texture": "#3"
                },
                "east": {
                    "uv": [
                        5.375,
                        4.5,
                        5.625,
                        7
                    ],
                    "rotation": 90,
                    "texture": "#3"
                },
                "south": {
                    "uv": [
                        7.125,
                        3.375,
                        6.875,
                        3.625
                    ],
                    "texture": "#3"
                },
                "west": {
                    "uv": [
                        4.5,
                        5.75,
                        4.75,
                        8.25
                    ],
                    "rotation": 270,
                    "texture": "#3"
                },
                "up": {
                    "uv": [
                        5.625,
                        4.5,
                        5.875,
                        7
                    ],
                    "texture": "#3"
                },
                "down": {
                    "uv": [
                        1.875,
                        5.375,
                        2.125,
                        7.875
                    ],
                    "rotation": 180,
                    "texture": "#3"
                }
            }
        },
        {
            "name": "hilt",
            "from": [
                12.5,
                -3.42606,
                -4.74738
            ],
            "to": [
                14.5,
                0.57394,
                -3.74738
            ],
            "rotation": {
                "angle": 22.5,
                "axis": "x",
                "origin": [
                    12.5,
                    6,
                    8
                ]
            },
            "faces": {
                "north": {
                    "uv": [
                        5.25,
                        2,
                        5,
                        1.5
                    ],
                    "rotation": 180,
                    "texture": "#3"
                },
                "east": {
                    "uv": [
                        8.375,
                        0.5,
                        8.875,
                        0.625
                    ],
                    "rotation": 90,
                    "texture": "#3"
                },
                "south": {
                    "uv": [
                        4.5,
                        8,
                        4.25,
                        8.5
                    ],
                    "texture": "#3"
                },
                "west": {
                    "uv": [
                        0.625,
                        8.375,
                        1.125,
                        8.5
                    ],
                    "rotation": 270,
                    "texture": "#3"
                },
                "up": {
                    "uv": [
                        7.625,
                        0.625,
                        7.875,
                        0.75
                    ],
                    "texture": "#3"
                },
                "down": {
                    "uv": [
                        7.25,
                        3.25,
                        7.5,
                        3.375
                    ],
                    "rotation": 180,
                    "texture": "#3"
                }
            }
        },
        {
            "name": "hilt",
            "from": [
                12,
                -5.42606,
                -5.74738
            ],
            "to": [
                15,
                2.57394,
                -4.74738
            ],
            "rotation": {
                "angle": 22.5,
                "axis": "x",
                "origin": [
                    12.5,
                    6,
                    8
                ]
            },
            "faces": {
                "north": {
                    "uv": [
                        1.875,
                        7.875,
                        1.5,
                        6.875
                    ],
                    "rotation": 180,
                    "texture": "#3"
                },
                "east": {
                    "uv": [
                        7.5,
                        6.125,
                        8.5,
                        6.25
                    ],
                    "rotation": 90,
                    "texture": "#3"
                },
                "south": {
                    "uv": [
                        7.25,
                        6.875,
                        6.875,
                        7.875
                    ],
                    "texture": "#3"
                },
                "west": {
                    "uv": [
                        8,
                        4,
                        9,
                        4.125
                    ],
                    "rotation": 270,
                    "texture": "#3"
                },
                "up": {
                    "uv": [
                        8.375,
                        0.75,
                        8.75,
                        0.875
                    ],
                    "texture": "#3"
                },
                "down": {
                    "uv": [
                        8.375,
                        0.625,
                        8.75,
                        0.75
                    ],
                    "rotation": 180,
                    "texture": "#3"
                }
            }
        },
        {
            "name": "hilt",
            "from": [
                13,
                -4.42606,
                -4.74738
            ],
            "to": [
                14,
                -3.42606,
                -3.74738
            ],
            "rotation": {
                "angle": 22.5,
                "axis": "x",
                "origin": [
                    12.5,
                    6,
                    8
                ]
            },
            "faces": {
                "north": {
                    "uv": [
                        7.25,
                        8,
                        7.125,
                        7.875
                    ],
                    "rotation": 180,
                    "texture": "#3"
                },
                "east": {
                    "uv": [
                        7.5,
                        2,
                        7.625,
                        2.125
                    ],
                    "rotation": 90,
                    "texture": "#3"
                },
                "south": {
                    "uv": [
                        6.25,
                        8,
                        6.125,
                        8.125
                    ],
                    "texture": "#3"
                },
                "west": {
                    "uv": [
                        6.25,
                        7.5,
                        6.375,
                        7.625
                    ],
                    "rotation": 270,
                    "texture": "#3"
                },
                "up": {
                    "uv": [
                        7.5,
                        2.125,
                        7.625,
                        2.25
                    ],
                    "texture": "#3"
                },
                "down": {
                    "uv": [
                        5.75,
                        7.375,
                        5.875,
                        7.5
                    ],
                    "rotation": 180,
                    "texture": "#3"
                }
            }
        },
        {
            "name": "hilt",
            "from": [
                13,
                0.57394,
                -4.74738
            ],
            "to": [
                14,
                1.57394,
                -3.74738
            ],
            "rotation": {
                "angle": 22.5,
                "axis": "x",
                "origin": [
                    12.5,
                    6,
                    8
                ]
            },
            "faces": {
                "north": {
                    "uv": [
                        8.5,
                        3.375,
                        8.375,
                        3.25
                    ],
                    "rotation": 180,
                    "texture": "#3"
                },
                "east": {
                    "uv": [
                        3.125,
                        8.375,
                        3.25,
                        8.5
                    ],
                    "rotation": 90,
                    "texture": "#3"
                },
                "south": {
                    "uv": [
                        3.5,
                        8.375,
                        3.375,
                        8.5
                    ],
                    "texture": "#3"
                },
                "west": {
                    "uv": [
                        3.25,
                        8.375,
                        3.375,
                        8.5
                    ],
                    "rotation": 270,
                    "texture": "#3"
                },
                "up": {
                    "uv": [
                        8.375,
                        3.125,
                        8.5,
                        3.25
                    ],
                    "texture": "#3"
                },
                "down": {
                    "uv": [
                        7.125,
                        8,
                        7.25,
                        8.125
                    ],
                    "rotation": 180,
                    "texture": "#3"
                }
            }
        },
        {
            "name": "hilt",
            "from": [
                13,
                -3.42606,
                -3.74738
            ],
            "to": [
                14,
                -2.42606,
                -0.74738
            ],
            "rotation": {
                "angle": 22.5,
                "axis": "x",
                "origin": [
                    12.5,
                    6,
                    8
                ]
            },
            "faces": {
                "north": {
                    "uv": [
                        8.5,
                        3.5,
                        8.375,
                        3.375
                    ],
                    "rotation": 180,
                    "texture": "#3"
                },
                "east": {
                    "uv": [
                        5.75,
                        7,
                        5.875,
                        7.375
                    ],
                    "rotation": 90,
                    "texture": "#3"
                },
                "south": {
                    "uv": [
                        3.625,
                        8.375,
                        3.5,
                        8.5
                    ],
                    "texture": "#3"
                },
                "west": {
                    "uv": [
                        5.125,
                        7.375,
                        5.25,
                        7.75
                    ],
                    "rotation": 270,
                    "texture": "#3"
                },
                "up": {
                    "uv": [
                        7.125,
                        2.25,
                        7.25,
                        2.625
                    ],
                    "texture": "#3"
                },
                "down": {
                    "uv": [
                        3.125,
                        6.875,
                        3.25,
                        7.25
                    ],
                    "rotation": 180,
                    "texture": "#3"
                }
            }
        },
        {
            "name": "hilt",
            "from": [
                13,
                -0.42606,
                -3.74738
            ],
            "to": [
                14,
                0.57394,
                -2.74738
            ],
            "rotation": {
                "angle": 22.5,
                "axis": "x",
                "origin": [
                    12.5,
                    6,
                    8
                ]
            },
            "faces": {
                "north": {
                    "uv": [
                        8.5,
                        3.875,
                        8.375,
                        3.75
                    ],
                    "rotation": 180,
                    "texture": "#3"
                },
                "east": {
                    "uv": [
                        3.625,
                        8.375,
                        3.75,
                        8.5
                    ],
                    "rotation": 90,
                    "texture": "#3"
                },
                "south": {
                    "uv": [
                        4,
                        8.375,
                        3.875,
                        8.5
                    ],
                    "texture": "#3"
                },
                "west": {
                    "uv": [
                        3.75,
                        8.375,
                        3.875,
                        8.5
                    ],
                    "rotation": 270,
                    "texture": "#3"
                },
                "up": {
                    "uv": [
                        8.375,
                        3.625,
                        8.5,
                        3.75
                    ],
                    "texture": "#3"
                },
                "down": {
                    "uv": [
                        8.375,
                        3.5,
                        8.5,
                        3.625
                    ],
                    "rotation": 180,
                    "texture": "#3"
                }
            }
        },
        {
            "name": "hilt",
            "from": [
                11.75,
                -2.92606,
                16.25262
            ],
            "to": [
                14.75,
                0.07394,
                19.25262
            ],
            "rotation": {
                "angle": 22.5,
                "axis": "x",
                "origin": [
                    12.5,
                    6,
                    8
                ]
            },
            "faces": {
                "north": {
                    "uv": [
                        8.375,
                        7.125,
                        8,
                        6.75
                    ],
                    "rotation": 180,
                    "texture": "#3"
                },
                "east": {
                    "uv": [
                        3.875,
                        8,
                        4.25,
                        8.375
                    ],
                    "rotation": 90,
                    "texture": "#3"
                },
                "south": {
                    "uv": [
                        8.375,
                        7.125,
                        8,
                        7.5
                    ],
                    "texture": "#3"
                },
                "west": {
                    "uv": [
                        5.75,
                        8,
                        6.125,
                        8.375
                    ],
                    "rotation": 270,
                    "texture": "#3"
                },
                "up": {
                    "uv": [
                        8,
                        5.5,
                        8.375,
                        5.875
                    ],
                    "texture": "#3"
                },
                "down": {
                    "uv": [
                        8,
                        3.625,
                        8.375,
                        4
                    ],
                    "rotation": 180,
                    "texture": "#3"
                }
            }
        },
        {
            "from": [
                12.5,
                -3.42361,
                -14.85703
            ],
            "to": [
                14.5,
                1.57639,
                -13.85703
            ],
            "rotation": {
                "angle": 22.5,
                "axis": "x",
                "origin": [
                    12.5,
                    6,
                    8
                ]
            },
            "faces": {
                "north": {
                    "uv": [
                        1.875,
                        6.875,
                        1.625,
                        6.25
                    ],
                    "rotation": 180,
                    "texture": "#3"
                },
                "east": {
                    "uv": [
                        8.25,
                        6.25,
                        8.875,
                        6.375
                    ],
                    "rotation": 90,
                    "texture": "#3"
                },
                "south": {
                    "uv": [
                        8.25,
                        0,
                        8,
                        0.625
                    ],
                    "texture": "#3"
                },
                "west": {
                    "uv": [
                        8.25,
                        6.375,
                        8.875,
                        6.5
                    ],
                    "rotation": 270,
                    "texture": "#3"
                },
                "up": {
                    "uv": [
                        1.125,
                        8.375,
                        1.375,
                        8.5
                    ],
                    "texture": "#3"
                },
                "down": {
                    "uv": [
                        8.375,
                        0.875,
                        8.625,
                        1
                    ],
                    "rotation": 180,
                    "texture": "#3"
                }
            }
        },
        {
            "from": [
                12.5,
                -4.42361,
                -7.85703
            ],
            "to": [
                14.5,
                1.57639,
                -6.85703
            ],
            "rotation": {
                "angle": 22.5,
                "axis": "x",
                "origin": [
                    12.5,
                    6,
                    8
                ]
            },
            "faces": {
                "north": {
                    "uv": [
                        3.125,
                        8.375,
                        2.875,
                        7.625
                    ],
                    "rotation": 180,
                    "texture": "#3"
                },
                "east": {
                    "uv": [
                        8,
                        5.875,
                        8.75,
                        6
                    ],
                    "rotation": 90,
                    "texture": "#3"
                },
                "south": {
                    "uv": [
                        6.875,
                        7.625,
                        6.625,
                        8.375
                    ],
                    "texture": "#3"
                },
                "west": {
                    "uv": [
                        8.125,
                        5.375,
                        8.875,
                        5.5
                    ],
                    "rotation": 270,
                    "texture": "#3"
                },
                "up": {
                    "uv": [
                        8.375,
                        1.25,
                        8.625,
                        1.375
                    ],
                    "texture": "#3"
                },
                "down": {
                    "uv": [
                        8.375,
                        1.125,
                        8.625,
                        1.25
                    ],
                    "rotation": 180,
                    "texture": "#3"
                }
            }
        },
        {
            "from": [
                12.5,
                1.57639,
                -13.85703
            ],
            "to": [
                14.5,
                2.57639,
                -7.85703
            ],
            "rotation": {
                "angle": 22.5,
                "axis": "x",
                "origin": [
                    12.5,
                    6,
                    8
                ]
            },
            "faces": {
                "north": {
                    "uv": [
                        8.625,
                        1.5,
                        8.375,
                        1.375
                    ],
                    "rotation": 180,
                    "texture": "#3"
                },
                "east": {
                    "uv": [
                        2,
                        7.875,
                        2.125,
                        8.625
                    ],
                    "rotation": 90,
                    "texture": "#3"
                },
                "south": {
                    "uv": [
                        8.625,
                        1.5,
                        8.375,
                        1.625
                    ],
                    "texture": "#3"
                },
                "west": {
                    "uv": [
                        6.5,
                        8.125,
                        6.625,
                        8.875
                    ],
                    "rotation": 270,
                    "texture": "#3"
                },
                "up": {
                    "uv": [
                        6.875,
                        7.875,
                        7.125,
                        8.625
                    ],
                    "texture": "#3"
                },
                "down": {
                    "uv": [
                        5.5,
                        7.75,
                        5.75,
                        8.5
                    ],
                    "rotation": 180,
                    "texture": "#3"
                }
            }
        },
        {
            "from": [
                12,
                -2.92361,
                -12.35703
            ],
            "to": [
                15,
                0.07639,
                -9.35703
            ],
            "rotation": {
                "angle": 22.5,
                "axis": "x",
                "origin": [
                    12.5,
                    6,
                    8
                ]
            },
            "faces": {
                "north": {
                    "uv": [
                        8.5,
                        3,
                        8.125,
                        2.625
                    ],
                    "rotation": 180,
                    "texture": "#3"
                },
                "east": {
                    "uv": [
                        8,
                        7.875,
                        8.375,
                        8.25
                    ],
                    "rotation": 90,
                    "texture": "#3"
                },
                "south": {
                    "uv": [
                        8.5,
                        4.5,
                        8.125,
                        4.875
                    ],
                    "texture": "#3"
                },
                "west": {
                    "uv": [
                        2.5,
                        8.125,
                        2.875,
                        8.5
                    ],
                    "rotation": 270,
                    "texture": "#3"
                },
                "up": {
                    "uv": [
                        0,
                        8.125,
                        0.375,
                        8.5
                    ],
                    "texture": "#3"
                },
                "down": {
                    "uv": [
                        8,
                        7.5,
                        8.375,
                        7.875
                    ],
                    "rotation": 180,
                    "texture": "#3"
                }
            }
        },
        {
            "from": [
                13,
                2.57639,
                -13.85703
            ],
            "to": [
                14,
                3.57639,
                -7.85703
            ],
            "rotation": {
                "angle": 22.5,
                "axis": "x",
                "origin": [
                    12.5,
                    6,
                    8
                ]
            },
            "faces": {
                "north": {
                    "uv": [
                        8.5,
                        4,
                        8.375,
                        3.875
                    ],
                    "rotation": 180,
                    "texture": "#3"
                },
                "east": {
                    "uv": [
                        8.25,
                        0.25,
                        8.375,
                        1
                    ],
                    "rotation": 90,
                    "texture": "#3"
                },
                "south": {
                    "uv": [
                        4.125,
                        8.375,
                        4,
                        8.5
                    ],
                    "texture": "#3"
                },
                "west": {
                    "uv": [
                        0.5,
                        8.25,
                        0.625,
                        9
                    ],
                    "rotation": 270,
                    "texture": "#3"
                },
                "up": {
                    "uv": [
                        0.375,
                        8.25,
                        0.5,
                        9
                    ],
                    "texture": "#3"
                },
                "down": {
                    "uv": [
                        7.5,
                        8.125,
                        7.625,
                        8.875
                    ],
                    "rotation": 180,
                    "texture": "#3"
                }
            }
        },
        {
            "from": [
                13,
                1.57639,
                -14.85703
            ],
            "to": [
                14,
                2.57639,
                -13.85703
            ],
            "rotation": {
                "angle": 22.5,
                "axis": "x",
                "origin": [
                    12.5,
                    6,
                    8
                ]
            },
            "faces": {
                "north": {
                    "uv": [
                        4.875,
                        8.5,
                        4.75,
                        8.375
                    ],
                    "rotation": 180,
                    "texture": "#3"
                },
                "east": {
                    "uv": [
                        8.375,
                        4.125,
                        8.5,
                        4.25
                    ],
                    "rotation": 90,
                    "texture": "#3"
                },
                "south": {
                    "uv": [
                        5,
                        8.375,
                        4.875,
                        8.5
                    ],
                    "texture": "#3"
                },
                "west": {
                    "uv": [
                        8.375,
                        4.375,
                        8.5,
                        4.5
                    ],
                    "rotation": 270,
                    "texture": "#3"
                },
                "up": {
                    "uv": [
                        8.375,
                        4.25,
                        8.5,
                        4.375
                    ],
                    "texture": "#3"
                },
                "down": {
                    "uv": [
                        4.125,
                        8.375,
                        4.25,
                        8.5
                    ],
                    "rotation": 180,
                    "texture": "#3"
                }
            }
        },
        {
            "from": [
                13,
                1.57639,
                -7.85703
            ],
            "to": [
                14,
                2.57639,
                -6.85703
            ],
            "rotation": {
                "angle": 22.5,
                "axis": "x",
                "origin": [
                    12.5,
                    6,
                    8
                ]
            },
            "faces": {
                "north": {
                    "uv": [
                        8.5,
                        5.625,
                        8.375,
                        5.5
                    ],
                    "rotation": 180,
                    "texture": "#3"
                },
                "east": {
                    "uv": [
                        5.125,
                        8.375,
                        5.25,
                        8.5
                    ],
                    "rotation": 90,
                    "texture": "#3"
                },
                "south": {
                    "uv": [
                        8.5,
                        5.625,
                        8.375,
                        5.75
                    ],
                    "texture": "#3"
                },
                "west": {
                    "uv": [
                        5.375,
                        8.375,
                        5.5,
                        8.5
                    ],
                    "rotation": 270,
                    "texture": "#3"
                },
                "up": {
                    "uv": [
                        5.25,
                        8.375,
                        5.375,
                        8.5
                    ],
                    "texture": "#3"
                },
                "down": {
                    "uv": [
                        5,
                        8.375,
                        5.125,
                        8.5
                    ],
                    "rotation": 180,
                    "texture": "#3"
                }
            }
        },
        {
            "from": [
                13,
                -4.42361,
                -14.85703
            ],
            "to": [
                14,
                -3.42361,
                -13.85703
            ],
            "rotation": {
                "angle": 22.5,
                "axis": "x",
                "origin": [
                    12.5,
                    6,
                    8
                ]
            },
            "faces": {
                "north": {
                    "uv": [
                        6.25,
                        8.5,
                        6.125,
                        8.375
                    ],
                    "rotation": 180,
                    "texture": "#3"
                },
                "east": {
                    "uv": [
                        8.375,
                        5.75,
                        8.5,
                        5.875
                    ],
                    "rotation": 90,
                    "texture": "#3"
                },
                "south": {
                    "uv": [
                        6.375,
                        8.375,
                        6.25,
                        8.5
                    ],
                    "texture": "#3"
                },
                "west": {
                    "uv": [
                        6,
                        8.375,
                        6.125,
                        8.5
                    ],
                    "rotation": 270,
                    "texture": "#3"
                },
                "up": {
                    "uv": [
                        5.875,
                        8.375,
                        6,
                        8.5
                    ],
                    "texture": "#3"
                },
                "down": {
                    "uv": [
                        5.75,
                        8.375,
                        5.875,
                        8.5
                    ],
                    "rotation": 180,
                    "texture": "#3"
                }
            }
        },
        {
            "from": [
                12.5,
                -5.42361,
                -9.85703
            ],
            "to": [
                14.5,
                -4.42361,
                -7.85703
            ],
            "rotation": {
                "angle": 22.5,
                "axis": "x",
                "origin": [
                    12.5,
                    6,
                    8
                ]
            },
            "faces": {
                "north": {
                    "uv": [
                        8.625,
                        1.75,
                        8.375,
                        1.625
                    ],
                    "rotation": 180,
                    "texture": "#3"
                },
                "east": {
                    "uv": [
                        7.125,
                        2.625,
                        7.25,
                        2.875
                    ],
                    "rotation": 90,
                    "texture": "#3"
                },
                "south": {
                    "uv": [
                        8.625,
                        1.75,
                        8.375,
                        1.875
                    ],
                    "texture": "#3"
                },
                "west": {
                    "uv": [
                        0.375,
                        7.375,
                        0.5,
                        7.625
                    ],
                    "rotation": 270,
                    "texture": "#3"
                },
                "up": {
                    "uv": [
                        2.125,
                        8.25,
                        2.375,
                        8.5
                    ],
                    "texture": "#3"
                },
                "down": {
                    "uv": [
                        1.625,
                        8.25,
                        1.875,
                        8.5
                    ],
                    "rotation": 180,
                    "texture": "#3"
                }
            }
        },
        {
            "from": [
                13,
                -6.42361,
                -10.85703
            ],
            "to": [
                14,
                -5.42361,
                -7.85703
            ],
            "rotation": {
                "angle": 22.5,
                "axis": "x",
                "origin": [
                    12.5,
                    6,
                    8
                ]
            },
            "faces": {
                "north": {
                    "uv": [
                        6.5,
                        8.5,
                        6.375,
                        8.375
                    ],
                    "rotation": 180,
                    "texture": "#3"
                },
                "east": {
                    "uv": [
                        2.375,
                        8.25,
                        2.5,
                        8.625
                    ],
                    "rotation": 90,
                    "texture": "#3"
                },
                "south": {
                    "uv": [
                        6.75,
                        8.375,
                        6.625,
                        8.5
                    ],
                    "texture": "#3"
                },
                "west": {
                    "uv": [
                        4.625,
                        8.25,
                        4.75,
                        8.625
                    ],
                    "rotation": 270,
                    "texture": "#3"
                },
                "up": {
                    "uv": [
                        4.5,
                        8.25,
                        4.625,
                        8.625
                    ],
                    "texture": "#3"
                },
                "down": {
                    "uv": [
                        1.875,
                        8.25,
                        2,
                        8.625
                    ],
                    "rotation": 180,
                    "texture": "#3"
                }
            }
        },
        {
            "from": [
                12.5,
                0.57639,
                -8.85703
            ],
            "to": [
                14.5,
                1.57639,
                -7.85703
            ],
            "rotation": {
                "angle": 22.5,
                "axis": "x",
                "origin": [
                    12.5,
                    6,
                    8
                ]
            },
            "faces": {
                "north": {
                    "uv": [
                        8.625,
                        2.25,
                        8.375,
                        2.125
                    ],
                    "rotation": 180,
                    "texture": "#3"
                },
                "east": {
                    "uv": [
                        6.75,
                        8.375,
                        6.875,
                        8.5
                    ],
                    "rotation": 90,
                    "texture": "#3"
                },
                "south": {
                    "uv": [
                        8.625,
                        2.25,
                        8.375,
                        2.375
                    ],
                    "texture": "#3"
                },
                "west": {
                    "uv": [
                        8.375,
                        6.75,
                        8.5,
                        6.875
                    ],
                    "rotation": 270,
                    "texture": "#3"
                },
                "up": {
                    "uv": [
                        8.375,
                        2,
                        8.625,
                        2.125
                    ],
                    "texture": "#3"
                },
                "down": {
                    "uv": [
                        8.375,
                        1.875,
                        8.625,
                        2
                    ],
                    "rotation": 180,
                    "texture": "#3"
                }
            }
        },
        {
            "from": [
                12.5,
                0.57639,
                -13.85703
            ],
            "to": [
                14.5,
                1.57639,
                -12.85703
            ],
            "rotation": {
                "angle": 22.5,
                "axis": "x",
                "origin": [
                    12.5,
                    6,
                    8
                ]
            },
            "faces": {
                "north": {
                    "uv": [
                        3.125,
                        8.5,
                        2.875,
                        8.375
                    ],
                    "rotation": 180,
                    "texture": "#3"
                },
                "east": {
                    "uv": [
                        8.375,
                        6.875,
                        8.5,
                        7
                    ],
                    "rotation": 90,
                    "texture": "#3"
                },
                "south": {
                    "uv": [
                        8.625,
                        3,
                        8.375,
                        3.125
                    ],
                    "texture": "#3"
                },
                "west": {
                    "uv": [
                        8.375,
                        7,
                        8.5,
                        7.125
                    ],
                    "rotation": 270,
                    "texture": "#3"
                },
                "up": {
                    "uv": [
                        8.375,
                        2.5,
                        8.625,
                        2.625
                    ],
                    "texture": "#3"
                },
                "down": {
                    "uv": [
                        8.375,
                        2.375,
                        8.625,
                        2.5
                    ],
                    "rotation": 180,
                    "texture": "#3"
                }
            }
        },
        {
            "from": [
                13,
                -4.42361,
                -6.85703
            ],
            "to": [
                14,
                1.57639,
                -5.85703
            ],
            "rotation": {
                "angle": 22.5,
                "axis": "x",
                "origin": [
                    12.5,
                    6,
                    8
                ]
            },
            "faces": {
                "north": {
                    "uv": [
                        1.5,
                        9,
                        1.375,
                        8.25
                    ],
                    "rotation": 180,
                    "texture": "#3"
                },
                "east": {
                    "uv": [
                        0.625,
                        8.25,
                        1.375,
                        8.375
                    ],
                    "rotation": 90,
                    "texture": "#3"
                },
                "south": {
                    "uv": [
                        1.625,
                        8.25,
                        1.5,
                        9
                    ],
                    "texture": "#3"
                },
                "west": {
                    "uv": [
                        8.25,
                        1,
                        9,
                        1.125
                    ],
                    "rotation": 270,
                    "texture": "#3"
                },
                "up": {
                    "uv": [
                        8.375,
                        7.125,
                        8.5,
                        7.25
                    ],
                    "texture": "#3"
                },
                "down": {
                    "uv": [
                        7.125,
                        8.375,
                        7.25,
                        8.5
                    ],
                    "rotation": 180,
                    "texture": "#3"
                }
            }
        },
        {
            "from": [
                13,
                -3.52904,
                -15.85703
            ],
            "to": [
                14,
                1.47096,
                -14.85703
            ],
            "rotation": {
                "angle": 22.5,
                "axis": "x",
                "origin": [
                    12.5,
                    6,
                    8
                ]
            },
            "faces": {
                "north": {
                    "uv": [
                        2.25,
                        6,
                        2.125,
                        5.375
                    ],
                    "rotation": 180,
                    "texture": "#3"
                },
                "east": {
                    "uv": [
                        8.25,
                        6.5,
                        8.875,
                        6.625
                    ],
                    "rotation": 90,
                    "texture": "#3"
                },
                "south": {
                    "uv": [
                        7.125,
                        0.75,
                        7,
                        1.375
                    ],
                    "texture": "#3"
                },
                "west": {
                    "uv": [
                        8.25,
                        6.625,
                        8.875,
                        6.75
                    ],
                    "rotation": 270,
                    "texture": "#3"
                },
                "up": {
                    "uv": [
                        8.375,
                        7.25,
                        8.5,
                        7.375
                    ],
                    "texture": "#3"
                },
                "down": {
                    "uv": [
                        7.25,
                        8.375,
                        7.375,
                        8.5
                    ],
                    "rotation": 180,
                    "texture": "#3"
                }
            }
        },
        {
            "from": [
                13,
                -5.42361,
                -7.85703
            ],
            "to": [
                14,
                -4.42361,
                -6.85703
            ],
            "rotation": {
                "angle": 22.5,
                "axis": "x",
                "origin": [
                    12.5,
                    6,
                    8
                ]
            },
            "faces": {
                "north": {
                    "uv": [
                        8.5,
                        7.75,
                        8.375,
                        7.625
                    ],
                    "rotation": 180,
                    "texture": "#3"
                },
                "east": {
                    "uv": [
                        8.375,
                        7.375,
                        8.5,
                        7.5
                    ],
                    "rotation": 90,
                    "texture": "#3"
                },
                "south": {
                    "uv": [
                        7.875,
                        8.375,
                        7.75,
                        8.5
                    ],
                    "texture": "#3"
                },
                "west": {
                    "uv": [
                        7.625,
                        8.375,
                        7.75,
                        8.5
                    ],
                    "rotation": 270,
                    "texture": "#3"
                },
                "up": {
                    "uv": [
                        8.375,
                        7.5,
                        8.5,
                        7.625
                    ],
                    "texture": "#3"
                },
                "down": {
                    "uv": [
                        7.375,
                        8.375,
                        7.5,
                        8.5
                    ],
                    "rotation": 180,
                    "texture": "#3"
                }
            }
        },
        {
            "from": [
                1,
                4.5,
                4
            ],
            "to": [
                4,
                7.5,
                9
            ],
            "rotation": {
                "angle": -22.5,
                "axis": "y",
                "origin": [
                    3.5,
                    6,
                    8
                ]
            },
            "faces": {
                "north": {
                    "uv": [
                        3.5,
                        8,
                        3.125,
                        8.375
                    ],
                    "rotation": 180,
                    "texture": "#3"
                },
                "east": {
                    "uv": [
                        1.125,
                        7.625,
                        1.5,
                        8.25
                    ],
                    "rotation": 270,
                    "texture": "#3"
                },
                "south": {
                    "uv": [
                        8.375,
                        2.625,
                        8,
                        2.25
                    ],
                    "texture": "#3"
                },
                "west": {
                    "uv": [
                        2.125,
                        7.625,
                        2.5,
                        8.25
                    ],
                    "rotation": 90,
                    "texture": "#3"
                },
                "up": {
                    "uv": [
                        0.75,
                        7.625,
                        1.125,
                        8.25
                    ],
                    "rotation": 180,
                    "texture": "#3"
                },
                "down": {
                    "uv": [
                        7.625,
                        2,
                        8,
                        2.625
                    ],
                    "texture": "#3"
                }
            }
        },
        {
            "from": [
                1,
                4,
                -2
            ],
            "to": [
                4,
                8,
                4
            ],
            "rotation": {
                "angle": -22.5,
                "axis": "y",
                "origin": [
                    3.5,
                    6,
                    8
                ]
            },
            "faces": {
                "north": {
                    "uv": [
                        5.5,
                        7.75,
                        5.125,
                        8.25
                    ],
                    "rotation": 180,
                    "texture": "#3"
                },
                "east": {
                    "uv": [
                        1,
                        6.875,
                        1.5,
                        7.625
                    ],
                    "rotation": 270,
                    "texture": "#3"
                },
                "south": {
                    "uv": [
                        8,
                        7.75,
                        7.625,
                        7.25
                    ],
                    "texture": "#3"
                },
                "west": {
                    "uv": [
                        2.125,
                        6.875,
                        2.625,
                        7.625
                    ],
                    "rotation": 90,
                    "texture": "#3"
                },
                "up": {
                    "uv": [
                        7.25,
                        2.25,
                        7.625,
                        3
                    ],
                    "rotation": 180,
                    "texture": "#3"
                },
                "down": {
                    "uv": [
                        3.125,
                        7.25,
                        3.5,
                        8
                    ],
                    "texture": "#3"
                }
            }
        },
        {
            "name": "cube_outline",
            "from": [
                4,
                8,
                4
            ],
            "to": [
                1,
                4,
                -2
            ],
            "rotation": {
                "angle": -22.5,
                "axis": "y",
                "origin": [
                    3.5,
                    6,
                    8
                ]
            },
            "faces": {
                "north": {
                    "uv": [
                        8.25,
                        0.625,
                        7.875,
                        1.125
                    ],
                    "rotation": 180,
                    "texture": "#3"
                },
                "east": {
                    "uv": [
                        2.625,
                        6.875,
                        3.125,
                        7.625
                    ],
                    "rotation": 270,
                    "texture": "#3"
                },
                "south": {
                    "uv": [
                        8,
                        8.25,
                        7.625,
                        7.75
                    ],
                    "texture": "#3"
                },
                "west": {
                    "uv": [
                        6.375,
                        6.875,
                        6.875,
                        7.625
                    ],
                    "rotation": 90,
                    "texture": "#3"
                },
                "up": {
                    "uv": [
                        3.5,
                        7.25,
                        3.875,
                        8
                    ],
                    "rotation": 180,
                    "texture": "#3"
                },
                "down": {
                    "uv": [
                        3.875,
                        7.25,
                        4.25,
                        8
                    ],
                    "texture": "#3"
                }
            }
        }
    ],
    "display": {
        "thirdperson_righthand": {
            "translation": [
                3.5,
                0,
                0
            ],
            "scale": [
                0.4,
                0.4,
                0.4
            ]
        },
        "head": {
            "rotation": [
                -5,
                0,
                0
            ],
            "translation": [
                -0.25,
                -4.5,
                0
            ],
            "scale": [
                1.7,
                1.7,
                1.7
            ]
        }
    },
    "groups": [
        {
            "name": "head",
            "origin": [
                8,
                9.65,
                6.075
            ],
            "color": 0,
            "children": [
                0,
                1,
                2,
                3,
                4,
                5,
                6,
                7
            ]
        },
        {
            "name": "body",
            "origin": [
                4,
                -15,
                5
            ],
            "color": 0,
            "children": [
                8,
                9,
                10,
                11,
                12,
                13,
                14,
                15
            ]
        },
        {
            "name": "right_hand",
            "origin": [
                13.53125,
                10.25707,
                -3.62841
            ],
            "color": 0,
            "children": [
                16,
                17,
                18,
                {
                    "name": "staff",
                    "origin": [
                        8,
                        8,
                        8
                    ],
                    "color": 0,
                    "children": [
                        19,
                        20,
                        21,
                        22,
                        23,
                        24,
                        25,
                        26,
                        27,
                        28,
                        29,
                        30,
                        31,
                        32,
                        33,
                        34,
                        35,
                        36,
                        37,
                        38,
                        39,
                        40,
                        41
                    ]
                }
            ]
        },
        {
            "name": "left_hand",
            "origin": [
                2.5,
                6.75,
                7
            ],
            "color": 0,
            "children": [
                42,
                43,
                44
            ]
        }
    ]
}