{
    "credit": "Made with Blockbench",
    "texture_size": [
        32,
        32
    ],
    "textures": {
        "0": "item/mob/stick/20190/skina",
        "4": "item/mob/stick/20190/texture"
    },
    "elements": [
        {
            "name": "head",
            "from": [
                6,
                11.75,
                6
            ],
            "to": [
                10,
                15.75,
                10
            ],
            "rotation": {
                "angle": 0,
                "axis": "y",
                "origin": [
                    5.13941,
                    10.88813,
                    9.27307
                ]
            },
            "faces": {
                "north": {
                    "uv": [
                        2,
                        2,
                        4,
                        4
                    ],
                    "texture": "#0"
                },
                "east": {
                    "uv": [
                        0,
                        2,
                        2,
                        4
                    ],
                    "texture": "#0"
                },
                "south": {
                    "uv": [
                        6,
                        2,
                        8,
                        4
                    ],
                    "texture": "#0"
                },
                "west": {
                    "uv": [
                        4,
                        2,
                        6,
                        4
                    ],
                    "texture": "#0"
                },
                "up": {
                    "uv": [
                        4,
                        2,
                        2,
                        0
                    ],
                    "texture": "#0"
                },
                "down": {
                    "uv": [
                        6,
                        0,
                        4,
                        2
                    ],
                    "texture": "#0"
                }
            }
        },
        {
            "name": "body",
            "from": [
                6,
                5.75,
                7
            ],
            "to": [
                10,
                11.75,
                9
            ],
            "rotation": {
                "angle": 0,
                "axis": "y",
                "origin": [
                    5.13941,
                    10.88813,
                    9.27307
                ]
            },
            "faces": {
                "north": {
                    "uv": [
                        5,
                        5,
                        7,
                        8
                    ],
                    "texture": "#0"
                },
                "east": {
                    "uv": [
                        4,
                        5,
                        5,
                        8
                    ],
                    "texture": "#0"
                },
                "south": {
                    "uv": [
                        8,
                        5,
                        10,
                        8
                    ],
                    "texture": "#0"
                },
                "west": {
                    "uv": [
                        7,
                        5,
                        8,
                        8
                    ],
                    "texture": "#0"
                },
                "up": {
                    "uv": [
                        7,
                        5,
                        5,
                        4
                    ],
                    "texture": "#0"
                },
                "down": {
                    "uv": [
                        9,
                        4,
                        7,
                        5
                    ],
                    "texture": "#0"
                }
            }
        },
        {
            "name": "left_leg",
            "from": [
                4.9,
                0.35,
                7
            ],
            "to": [
                6.9,
                6.35,
                9
            ],
            "rotation": {
                "angle": -22.5,
                "axis": "z",
                "origin": [
                    5.9,
                    3.35,
                    8
                ]
            },
            "faces": {
                "north": {
                    "uv": [
                        5,
                        13,
                        6,
                        16
                    ],
                    "texture": "#0"
                },
                "east": {
                    "uv": [
                        4,
                        13,
                        5,
                        16
                    ],
                    "texture": "#0"
                },
                "south": {
                    "uv": [
                        7,
                        13,
                        8,
                        16
                    ],
                    "texture": "#0"
                },
                "west": {
                    "uv": [
                        6,
                        13,
                        7,
                        16
                    ],
                    "texture": "#0"
                },
                "up": {
                    "uv": [
                        6,
                        13,
                        5,
                        12
                    ],
                    "texture": "#0"
                },
                "down": {
                    "uv": [
                        7,
                        12,
                        6,
                        13
                    ],
                    "texture": "#0"
                }
            }
        },
        {
            "name": "Right_leg",
            "from": [
                8,
                -0.25,
                7
            ],
            "to": [
                10,
                5.75,
                9
            ],
            "rotation": {
                "angle": 0,
                "axis": "y",
                "origin": [
                    5.13941,
                    10.88813,
                    9.27307
                ]
            },
            "faces": {
                "north": {
                    "uv": [
                        1,
                        5,
                        2,
                        8
                    ],
                    "texture": "#0"
                },
                "east": {
                    "uv": [
                        0,
                        5,
                        1,
                        8
                    ],
                    "texture": "#0"
                },
                "south": {
                    "uv": [
                        3,
                        5,
                        4,
                        8
                    ],
                    "texture": "#0"
                },
                "west": {
                    "uv": [
                        2,
                        5,
                        3,
                        8
                    ],
                    "texture": "#0"
                },
                "up": {
                    "uv": [
                        2,
                        5,
                        1,
                        4
                    ],
                    "texture": "#0"
                },
                "down": {
                    "uv": [
                        3,
                        4,
                        2,
                        5
                    ],
                    "texture": "#0"
                }
            }
        },
        {
            "name": "head_2nd_layer",
            "from": [
                5.75,
                11.5,
                5.75
            ],
            "to": [
                10.25,
                16,
                10.25
            ],
            "rotation": {
                "angle": 0,
                "axis": "y",
                "origin": [
                    5.13941,
                    10.88813,
                    9.27307
                ]
            },
            "faces": {
                "north": {
                    "uv": [
                        10,
                        2,
                        12,
                        4
                    ],
                    "texture": "#0"
                },
                "east": {
                    "uv": [
                        8,
                        2,
                        10,
                        4
                    ],
                    "texture": "#0"
                },
                "south": {
                    "uv": [
                        14,
                        2,
                        16,
                        4
                    ],
                    "texture": "#0"
                },
                "west": {
                    "uv": [
                        12,
                        2,
                        14,
                        4
                    ],
                    "texture": "#0"
                },
                "up": {
                    "uv": [
                        12,
                        2,
                        10,
                        0
                    ],
                    "texture": "#0"
                },
                "down": {
                    "uv": [
                        14,
                        0,
                        12,
                        2
                    ],
                    "texture": "#0"
                }
            }
        },
        {
            "name": "head_2nd_layer",
            "from": [
                5.75,
                7,
                10.24
            ],
            "to": [
                10.25,
                11.5,
                10.25
            ],
            "rotation": {
                "angle": 0,
                "axis": "y",
                "origin": [
                    5.13941,
                    10.88813,
                    9.27307
                ]
            },
            "faces": {
                "north": {
                    "uv": [
                        14,
                        4,
                        16,
                        6
                    ],
                    "texture": "#0"
                },
                "east": {
                    "uv": [
                        0,
                        0,
                        2,
                        2
                    ],
                    "texture": "#0"
                },
                "south": {
                    "uv": [
                        14,
                        4,
                        16,
                        6
                    ],
                    "texture": "#0"
                },
                "west": {
                    "uv": [
                        0,
                        0,
                        2,
                        2
                    ],
                    "texture": "#0"
                },
                "up": {
                    "uv": [
                        2,
                        2,
                        0,
                        0
                    ],
                    "texture": "#0"
                },
                "down": {
                    "uv": [
                        2,
                        0,
                        0,
                        2
                    ],
                    "texture": "#0"
                }
            }
        },
        {
            "name": "body_2nd_layer",
            "from": [
                6,
                5.51,
                6.745
            ],
            "to": [
                10,
                12.015,
                9.245
            ],
            "rotation": {
                "angle": 0,
                "axis": "y",
                "origin": [
                    5.13941,
                    10.88813,
                    9.27307
                ]
            },
            "faces": {
                "north": {
                    "uv": [
                        5,
                        9,
                        7,
                        12
                    ],
                    "texture": "#0"
                },
                "east": {
                    "uv": [
                        4,
                        9,
                        5,
                        12
                    ],
                    "texture": "#0"
                },
                "south": {
                    "uv": [
                        8,
                        9,
                        10,
                        12
                    ],
                    "texture": "#0"
                },
                "west": {
                    "uv": [
                        7,
                        9,
                        8,
                        12
                    ],
                    "texture": "#0"
                },
                "up": {
                    "uv": [
                        7,
                        9,
                        5,
                        8
                    ],
                    "texture": "#0"
                },
                "down": {
                    "uv": [
                        9,
                        8,
                        7,
                        9
                    ],
                    "texture": "#0"
                }
            }
        },
        {
            "name": "body_2nd_layer",
            "from": [
                6,
                7.69913,
                6.92579
            ],
            "to": [
                10,
                10.20413,
                8.42579
            ],
            "rotation": {
                "angle": 22.5,
                "axis": "x",
                "origin": [
                    5.13941,
                    10.88813,
                    9.27307
                ]
            },
            "faces": {
                "north": {
                    "uv": [
                        5,
                        9.25,
                        7,
                        10.25
                    ],
                    "texture": "#0"
                },
                "east": {
                    "uv": [
                        4,
                        9.25,
                        5,
                        10.25
                    ],
                    "texture": "#0"
                },
                "south": {
                    "uv": [
                        8,
                        9.25,
                        10,
                        10.25
                    ],
                    "texture": "#0"
                },
                "west": {
                    "uv": [
                        7,
                        9.25,
                        8,
                        10.25
                    ],
                    "texture": "#0"
                },
                "up": {
                    "uv": [
                        7,
                        9,
                        5,
                        8
                    ],
                    "texture": "#0"
                },
                "down": {
                    "uv": [
                        9,
                        8,
                        7,
                        9
                    ],
                    "texture": "#0"
                }
            }
        },
        {
            "name": "body",
            "from": [
                6,
                7.93913,
                7.18079
            ],
            "to": [
                10,
                9.93913,
                8.18079
            ],
            "rotation": {
                "angle": 22.5,
                "axis": "x",
                "origin": [
                    5.13941,
                    10.88813,
                    9.27307
                ]
            },
            "faces": {
                "north": {
                    "uv": [
                        5,
                        5.25,
                        7,
                        6.25
                    ],
                    "texture": "#0"
                },
                "east": {
                    "uv": [
                        4,
                        5.25,
                        5,
                        6.25
                    ],
                    "texture": "#0"
                },
                "south": {
                    "uv": [
                        8,
                        5.25,
                        10,
                        6.25
                    ],
                    "texture": "#0"
                },
                "west": {
                    "uv": [
                        7,
                        5.25,
                        8,
                        6.25
                    ],
                    "texture": "#0"
                },
                "up": {
                    "uv": [
                        7,
                        5,
                        5,
                        4
                    ],
                    "texture": "#0"
                },
                "down": {
                    "uv": [
                        9,
                        4,
                        7,
                        5
                    ],
                    "texture": "#0"
                }
            }
        },
        {
            "name": "right_leg_2nd_layer",
            "from": [
                7.75,
                -0.5,
                6.75
            ],
            "to": [
                10.25,
                6,
                9.25
            ],
            "rotation": {
                "angle": 0,
                "axis": "y",
                "origin": [
                    5.13941,
                    10.88813,
                    9.27307
                ]
            },
            "faces": {
                "north": {
                    "uv": [
                        1,
                        9,
                        2,
                        12
                    ],
                    "texture": "#0"
                },
                "east": {
                    "uv": [
                        0,
                        9,
                        1,
                        12
                    ],
                    "texture": "#0"
                },
                "south": {
                    "uv": [
                        3,
                        9,
                        4,
                        12
                    ],
                    "texture": "#0"
                },
                "west": {
                    "uv": [
                        2,
                        9,
                        3,
                        12
                    ],
                    "texture": "#0"
                },
                "up": {
                    "uv": [
                        2,
                        9,
                        1,
                        8
                    ],
                    "texture": "#0"
                },
                "down": {
                    "uv": [
                        3,
                        8,
                        2,
                        9
                    ],
                    "texture": "#0"
                }
            }
        },
        {
            "name": "left_leg_2nd_layer",
            "from": [
                4.65,
                0.1,
                6.75
            ],
            "to": [
                7.15,
                6.6,
                9.25
            ],
            "rotation": {
                "angle": -22.5,
                "axis": "z",
                "origin": [
                    5.9,
                    3.35,
                    8
                ]
            },
            "faces": {
                "north": {
                    "uv": [
                        1,
                        13,
                        2,
                        16
                    ],
                    "texture": "#0"
                },
                "east": {
                    "uv": [
                        0,
                        13,
                        1,
                        16
                    ],
                    "texture": "#0"
                },
                "south": {
                    "uv": [
                        3,
                        13,
                        4,
                        16
                    ],
                    "texture": "#0"
                },
                "west": {
                    "uv": [
                        2,
                        13,
                        3,
                        16
                    ],
                    "texture": "#0"
                },
                "up": {
                    "uv": [
                        2,
                        13,
                        1,
                        12
                    ],
                    "texture": "#0"
                },
                "down": {
                    "uv": [
                        3,
                        12,
                        2,
                        13
                    ],
                    "texture": "#0"
                }
            }
        },
        {
            "name": "head_2nd_layer",
            "from": [
                3.86796,
                14.36358,
                8.24
            ],
            "to": [
                4.86796,
                15.86358,
                9.74
            ],
            "rotation": {
                "angle": -22.5,
                "axis": "z",
                "origin": [
                    5.13941,
                    10.88813,
                    9.27307
                ]
            },
            "faces": {
                "north": {
                    "uv": [
                        7,
                        2,
                        8,
                        3.5
                    ],
                    "texture": "#4"
                },
                "east": {
                    "uv": [
                        6,
                        5,
                        7.5,
                        6.5
                    ],
                    "texture": "#4"
                },
                "south": {
                    "uv": [
                        8,
                        2,
                        9,
                        3.5
                    ],
                    "texture": "#4"
                },
                "west": {
                    "uv": [
                        7,
                        0,
                        8.5,
                        1.5
                    ],
                    "texture": "#4"
                },
                "up": {
                    "uv": [
                        9,
                        5.5,
                        8,
                        4
                    ],
                    "texture": "#4"
                },
                "down": {
                    "uv": [
                        9,
                        6,
                        8,
                        7.5
                    ],
                    "texture": "#4"
                }
            }
        },
        {
            "name": "head_2nd_layer",
            "from": [
                2.86796,
                12.36358,
                8.74
            ],
            "to": [
                3.86796,
                15.86358,
                9.24
            ],
            "rotation": {
                "angle": -22.5,
                "axis": "z",
                "origin": [
                    5.13941,
                    10.88813,
                    9.27307
                ]
            },
            "faces": {
                "north": {
                    "uv": [
                        4,
                        0,
                        5,
                        3.5
                    ],
                    "texture": "#4"
                },
                "east": {
                    "uv": [
                        7,
                        7,
                        7.5,
                        10.5
                    ],
                    "texture": "#4"
                },
                "south": {
                    "uv": [
                        2,
                        4,
                        3,
                        7.5
                    ],
                    "texture": "#4"
                },
                "west": {
                    "uv": [
                        2,
                        8,
                        2.5,
                        11.5
                    ],
                    "texture": "#4"
                },
                "up": {
                    "uv": [
                        10,
                        0.5,
                        9,
                        0
                    ],
                    "texture": "#4"
                },
                "down": {
                    "uv": [
                        10,
                        1,
                        9,
                        1.5
                    ],
                    "texture": "#4"
                }
            }
        },
        {
            "name": "head_2nd_layer",
            "from": [
                3.606,
                9.62226,
                8.74025
            ],
            "to": [
                4.605,
                13.11876,
                9.23975
            ],
            "rotation": {
                "angle": 0,
                "axis": "y",
                "origin": [
                    5.13941,
                    10.88813,
                    9.27307
                ]
            },
            "faces": {
                "north": {
                    "uv": [
                        2,
                        0,
                        3,
                        3.5
                    ],
                    "texture": "#4"
                },
                "east": {
                    "uv": [
                        1,
                        6,
                        1.5,
                        9.5
                    ],
                    "texture": "#4"
                },
                "south": {
                    "uv": [
                        3,
                        0,
                        4,
                        3.5
                    ],
                    "texture": "#4"
                },
                "west": {
                    "uv": [
                        6,
                        7,
                        6.5,
                        10.5
                    ],
                    "texture": "#4"
                },
                "up": {
                    "uv": [
                        8,
                        4.5,
                        7,
                        4
                    ],
                    "texture": "#4"
                },
                "down": {
                    "uv": [
                        9,
                        8,
                        8,
                        8.5
                    ],
                    "texture": "#4"
                }
            }
        },
        {
            "name": "head_2nd_layer",
            "from": [
                10.69654,
                12.17417,
                8.24
            ],
            "to": [
                11.69654,
                13.67417,
                9.74
            ],
            "rotation": {
                "angle": 22.5,
                "axis": "z",
                "origin": [
                    5.13941,
                    10.88813,
                    9.27307
                ]
            },
            "faces": {
                "north": {
                    "uv": [
                        8,
                        2,
                        7,
                        3.5
                    ],
                    "texture": "#4"
                },
                "east": {
                    "uv": [
                        8.5,
                        0,
                        7,
                        1.5
                    ],
                    "texture": "#4"
                },
                "south": {
                    "uv": [
                        9,
                        2,
                        8,
                        3.5
                    ],
                    "texture": "#4"
                },
                "west": {
                    "uv": [
                        7.5,
                        5,
                        6,
                        6.5
                    ],
                    "texture": "#4"
                },
                "up": {
                    "uv": [
                        8,
                        5.5,
                        9,
                        4
                    ],
                    "texture": "#4"
                },
                "down": {
                    "uv": [
                        8,
                        6,
                        9,
                        7.5
                    ],
                    "texture": "#4"
                }
            }
        },
        {
            "name": "head_2nd_layer",
            "from": [
                11.69654,
                10.17417,
                8.74
            ],
            "to": [
                12.69654,
                13.67417,
                9.24
            ],
            "rotation": {
                "angle": 22.5,
                "axis": "z",
                "origin": [
                    5.13941,
                    10.88813,
                    9.27307
                ]
            },
            "faces": {
                "north": {
                    "uv": [
                        5,
                        0,
                        4,
                        3.5
                    ],
                    "texture": "#4"
                },
                "east": {
                    "uv": [
                        2.5,
                        8,
                        2,
                        11.5
                    ],
                    "texture": "#4"
                },
                "south": {
                    "uv": [
                        3,
                        4,
                        2,
                        7.5
                    ],
                    "texture": "#4"
                },
                "west": {
                    "uv": [
                        7.5,
                        7,
                        7,
                        10.5
                    ],
                    "texture": "#4"
                },
                "up": {
                    "uv": [
                        9,
                        0.5,
                        10,
                        0
                    ],
                    "texture": "#4"
                },
                "down": {
                    "uv": [
                        9,
                        1,
                        10,
                        1.5
                    ],
                    "texture": "#4"
                }
            }
        },
        {
            "name": "head_2nd_layer",
            "from": [
                1.44182,
                14.56735,
                6.99
            ],
            "to": [
                4.94182,
                15.56735,
                7.49
            ],
            "rotation": {
                "angle": -45,
                "axis": "z",
                "origin": [
                    5.13941,
                    10.88813,
                    9.27307
                ]
            },
            "faces": {
                "north": {
                    "uv": [
                        5,
                        0,
                        4,
                        3.5
                    ],
                    "rotation": 90,
                    "texture": "#4"
                },
                "east": {
                    "uv": [
                        9,
                        1,
                        10,
                        1.5
                    ],
                    "rotation": 270,
                    "texture": "#4"
                },
                "south": {
                    "uv": [
                        3,
                        4,
                        2,
                        7.5
                    ],
                    "rotation": 270,
                    "texture": "#4"
                },
                "west": {
                    "uv": [
                        9,
                        0.5,
                        10,
                        0
                    ],
                    "rotation": 270,
                    "texture": "#4"
                },
                "up": {
                    "uv": [
                        2.5,
                        8,
                        2,
                        11.5
                    ],
                    "rotation": 270,
                    "texture": "#4"
                },
                "down": {
                    "uv": [
                        7.5,
                        7,
                        7,
                        10.5
                    ],
                    "rotation": 270,
                    "texture": "#4"
                }
            }
        },
        {
            "name": "head_2nd_layer",
            "from": [
                7.12355,
                12.21223,
                6.99
            ],
            "to": [
                8.12355,
                15.71223,
                7.49
            ],
            "rotation": {
                "angle": 22.5,
                "axis": "z",
                "origin": [
                    5.13941,
                    10.88813,
                    9.27307
                ]
            },
            "faces": {
                "north": {
                    "uv": [
                        5,
                        0,
                        4,
                        3.5
                    ],
                    "texture": "#4"
                },
                "east": {
                    "uv": [
                        2.5,
                        8,
                        2,
                        11.5
                    ],
                    "texture": "#4"
                },
                "south": {
                    "uv": [
                        3,
                        4,
                        2,
                        7.5
                    ],
                    "texture": "#4"
                },
                "west": {
                    "uv": [
                        7.5,
                        7,
                        7,
                        10.5
                    ],
                    "texture": "#4"
                },
                "up": {
                    "uv": [
                        9,
                        0.5,
                        10,
                        0
                    ],
                    "texture": "#4"
                },
                "down": {
                    "uv": [
                        9,
                        1,
                        10,
                        1.5
                    ],
                    "texture": "#4"
                }
            }
        },
        {
            "name": "head_2nd_layer",
            "from": [
                9.38248,
                10.52186,
                6.99
            ],
            "to": [
                12.88248,
                11.52186,
                7.49
            ],
            "rotation": {
                "angle": 45,
                "axis": "z",
                "origin": [
                    5.13941,
                    10.88813,
                    9.27307
                ]
            },
            "faces": {
                "north": {
                    "uv": [
                        5,
                        3.5,
                        4,
                        0
                    ],
                    "rotation": 90,
                    "texture": "#4"
                },
                "east": {
                    "uv": [
                        9,
                        0,
                        10,
                        0.5
                    ],
                    "rotation": 270,
                    "texture": "#4"
                },
                "south": {
                    "uv": [
                        3,
                        7.5,
                        2,
                        4
                    ],
                    "rotation": 270,
                    "texture": "#4"
                },
                "west": {
                    "uv": [
                        9,
                        1.5,
                        10,
                        1
                    ],
                    "rotation": 270,
                    "texture": "#4"
                },
                "up": {
                    "uv": [
                        2.5,
                        11.5,
                        2,
                        8
                    ],
                    "rotation": 270,
                    "texture": "#4"
                },
                "down": {
                    "uv": [
                        7.5,
                        10.5,
                        7,
                        7
                    ],
                    "rotation": 270,
                    "texture": "#4"
                }
            }
        },
        {
            "name": "head_2nd_layer",
            "from": [
                7.44095,
                14.40164,
                6.99
            ],
            "to": [
                8.44095,
                17.90164,
                7.49
            ],
            "rotation": {
                "angle": -22.5,
                "axis": "z",
                "origin": [
                    5.13941,
                    10.88813,
                    9.27307
                ]
            },
            "faces": {
                "north": {
                    "uv": [
                        4,
                        0,
                        5,
                        3.5
                    ],
                    "texture": "#4"
                },
                "east": {
                    "uv": [
                        7,
                        7,
                        7.5,
                        10.5
                    ],
                    "texture": "#4"
                },
                "south": {
                    "uv": [
                        2,
                        4,
                        3,
                        7.5
                    ],
                    "texture": "#4"
                },
                "west": {
                    "uv": [
                        2,
                        8,
                        2.5,
                        11.5
                    ],
                    "texture": "#4"
                },
                "up": {
                    "uv": [
                        10,
                        0.5,
                        9,
                        0
                    ],
                    "texture": "#4"
                },
                "down": {
                    "uv": [
                        10,
                        1,
                        9,
                        1.5
                    ],
                    "texture": "#4"
                }
            }
        },
        {
            "name": "head_2nd_layer",
            "from": [
                11.395,
                9.62226,
                8.74025
            ],
            "to": [
                12.394,
                13.11876,
                9.23975
            ],
            "rotation": {
                "angle": 0,
                "axis": "y",
                "origin": [
                    5.13941,
                    10.88813,
                    9.27307
                ]
            },
            "faces": {
                "north": {
                    "uv": [
                        3,
                        0,
                        2,
                        3.5
                    ],
                    "texture": "#4"
                },
                "east": {
                    "uv": [
                        6.5,
                        7,
                        6,
                        10.5
                    ],
                    "texture": "#4"
                },
                "south": {
                    "uv": [
                        4,
                        0,
                        3,
                        3.5
                    ],
                    "texture": "#4"
                },
                "west": {
                    "uv": [
                        1.5,
                        6,
                        1,
                        9.5
                    ],
                    "texture": "#4"
                },
                "up": {
                    "uv": [
                        7,
                        4.5,
                        8,
                        4
                    ],
                    "texture": "#4"
                },
                "down": {
                    "uv": [
                        8,
                        8,
                        9,
                        8.5
                    ],
                    "texture": "#4"
                }
            }
        },
        {
            "name": "head_2nd_layer",
            "from": [
                -5.55175,
                12.26142,
                11.24
            ],
            "to": [
                2.44825,
                12.76142,
                11.74
            ],
            "rotation": {
                "angle": -22.5,
                "axis": "z",
                "origin": [
                    5.13941,
                    10.88813,
                    9.27307
                ]
            },
            "faces": {
                "north": {
                    "uv": [
                        9.5,
                        5,
                        9,
                        4
                    ],
                    "rotation": 90,
                    "texture": "#4"
                },
                "east": {
                    "uv": [
                        8,
                        9,
                        8.5,
                        9.5
                    ],
                    "rotation": 270,
                    "texture": "#4"
                },
                "south": {
                    "uv": [
                        9.5,
                        7,
                        9,
                        6
                    ],
                    "rotation": 270,
                    "texture": "#4"
                },
                "west": {
                    "uv": [
                        9,
                        8.5,
                        9.5,
                        8
                    ],
                    "rotation": 270,
                    "texture": "#4"
                },
                "up": {
                    "uv": [
                        9.5,
                        8,
                        9,
                        7
                    ],
                    "rotation": 270,
                    "texture": "#4"
                },
                "down": {
                    "uv": [
                        9.5,
                        6,
                        9,
                        5
                    ],
                    "rotation": 270,
                    "texture": "#4"
                }
            }
        },
        {
            "name": "head_2nd_layer",
            "from": [
                -7.05175,
                12.76142,
                11.24
            ],
            "to": [
                0.94825,
                13.26142,
                11.74
            ],
            "rotation": {
                "angle": -22.5,
                "axis": "z",
                "origin": [
                    5.13941,
                    10.88813,
                    9.27307
                ]
            },
            "faces": {
                "north": {
                    "uv": [
                        9.5,
                        5,
                        9,
                        4
                    ],
                    "rotation": 90,
                    "texture": "#4"
                },
                "east": {
                    "uv": [
                        8,
                        9,
                        8.5,
                        9.5
                    ],
                    "rotation": 270,
                    "texture": "#4"
                },
                "south": {
                    "uv": [
                        9.5,
                        7,
                        9,
                        6
                    ],
                    "rotation": 270,
                    "texture": "#4"
                },
                "west": {
                    "uv": [
                        9,
                        8.5,
                        9.5,
                        8
                    ],
                    "rotation": 270,
                    "texture": "#4"
                },
                "up": {
                    "uv": [
                        9.5,
                        8,
                        9,
                        7
                    ],
                    "rotation": 270,
                    "texture": "#4"
                },
                "down": {
                    "uv": [
                        9.5,
                        6,
                        9,
                        5
                    ],
                    "rotation": 270,
                    "texture": "#4"
                }
            }
        },
        {
            "name": "head_2nd_layer",
            "from": [
                4.65577,
                3.41356,
                10.74
            ],
            "to": [
                5.65577,
                11.91356,
                11.24
            ],
            "rotation": {
                "angle": -45,
                "axis": "z",
                "origin": [
                    5.13941,
                    10.88813,
                    9.27307
                ]
            },
            "faces": {
                "north": {
                    "uv": [
                        0,
                        0,
                        1,
                        5.5
                    ],
                    "texture": "#4"
                },
                "east": {
                    "uv": [
                        3,
                        4,
                        3.5,
                        9.5
                    ],
                    "texture": "#4"
                },
                "south": {
                    "uv": [
                        1,
                        0,
                        2,
                        5.5
                    ],
                    "texture": "#4"
                },
                "west": {
                    "uv": [
                        4,
                        4,
                        4.5,
                        9.5
                    ],
                    "texture": "#4"
                },
                "up": {
                    "uv": [
                        10,
                        2.5,
                        9,
                        2
                    ],
                    "texture": "#4"
                },
                "down": {
                    "uv": [
                        10,
                        3,
                        9,
                        3.5
                    ],
                    "texture": "#4"
                }
            }
        },
        {
            "name": "head_2nd_layer",
            "from": [
                4.25577,
                2.41356,
                10.74
            ],
            "to": [
                4.75577,
                6.41356,
                11.24
            ],
            "rotation": {
                "angle": -45,
                "axis": "z",
                "origin": [
                    5.13941,
                    10.88813,
                    9.27307
                ]
            },
            "faces": {
                "north": {
                    "uv": [
                        9,
                        4,
                        9.5,
                        5
                    ],
                    "texture": "#4"
                },
                "east": {
                    "uv": [
                        9,
                        5,
                        9.5,
                        6
                    ],
                    "texture": "#4"
                },
                "south": {
                    "uv": [
                        9,
                        6,
                        9.5,
                        7
                    ],
                    "texture": "#4"
                },
                "west": {
                    "uv": [
                        9,
                        7,
                        9.5,
                        8
                    ],
                    "texture": "#4"
                },
                "up": {
                    "uv": [
                        8.5,
                        9.5,
                        8,
                        9
                    ],
                    "texture": "#4"
                },
                "down": {
                    "uv": [
                        9.5,
                        8,
                        9,
                        8.5
                    ],
                    "texture": "#4"
                }
            }
        },
        {
            "name": "head_2nd_layer",
            "from": [
                -3.80175,
                10.76142,
                11.24
            ],
            "to": [
                4.69825,
                11.26142,
                11.74
            ],
            "rotation": {
                "angle": -22.5,
                "axis": "z",
                "origin": [
                    5.13941,
                    10.88813,
                    9.27307
                ]
            },
            "faces": {
                "north": {
                    "uv": [
                        5.5,
                        4.5,
                        5,
                        0
                    ],
                    "rotation": 90,
                    "texture": "#4"
                },
                "east": {
                    "uv": [
                        9,
                        9,
                        9.5,
                        9.5
                    ],
                    "rotation": 270,
                    "texture": "#4"
                },
                "south": {
                    "uv": [
                        0.5,
                        10.5,
                        0,
                        6
                    ],
                    "rotation": 270,
                    "texture": "#4"
                },
                "west": {
                    "uv": [
                        10,
                        0.5,
                        10.5,
                        0
                    ],
                    "rotation": 270,
                    "texture": "#4"
                },
                "up": {
                    "uv": [
                        6.5,
                        4.5,
                        6,
                        0
                    ],
                    "rotation": 270,
                    "texture": "#4"
                },
                "down": {
                    "uv": [
                        5.5,
                        9.5,
                        5,
                        5
                    ],
                    "rotation": 270,
                    "texture": "#4"
                }
            }
        },
        {
            "name": "head_2nd_layer",
            "from": [
                -4.55175,
                11.26142,
                11.24
            ],
            "to": [
                4.94825,
                12.26142,
                11.74
            ],
            "rotation": {
                "angle": -22.5,
                "axis": "z",
                "origin": [
                    5.13941,
                    10.88813,
                    9.27307
                ]
            },
            "faces": {
                "north": {
                    "uv": [
                        1,
                        5.5,
                        0,
                        0
                    ],
                    "rotation": 90,
                    "texture": "#4"
                },
                "east": {
                    "uv": [
                        9,
                        2,
                        10,
                        2.5
                    ],
                    "rotation": 270,
                    "texture": "#4"
                },
                "south": {
                    "uv": [
                        2,
                        5.5,
                        1,
                        0
                    ],
                    "rotation": 270,
                    "texture": "#4"
                },
                "west": {
                    "uv": [
                        9,
                        3.5,
                        10,
                        3
                    ],
                    "rotation": 270,
                    "texture": "#4"
                },
                "up": {
                    "uv": [
                        4.5,
                        9.5,
                        4,
                        4
                    ],
                    "rotation": 270,
                    "texture": "#4"
                },
                "down": {
                    "uv": [
                        3.5,
                        9.5,
                        3,
                        4
                    ],
                    "rotation": 270,
                    "texture": "#4"
                }
            }
        },
        {
            "name": "head_2nd_layer",
            "from": [
                5.65577,
                4.16356,
                10.74
            ],
            "to": [
                6.15577,
                11.66356,
                11.24
            ],
            "rotation": {
                "angle": -45,
                "axis": "z",
                "origin": [
                    5.13941,
                    10.88813,
                    9.27307
                ]
            },
            "faces": {
                "north": {
                    "uv": [
                        5,
                        0,
                        5.5,
                        4.5
                    ],
                    "texture": "#4"
                },
                "east": {
                    "uv": [
                        5,
                        5,
                        5.5,
                        9.5
                    ],
                    "texture": "#4"
                },
                "south": {
                    "uv": [
                        0,
                        6,
                        0.5,
                        10.5
                    ],
                    "texture": "#4"
                },
                "west": {
                    "uv": [
                        6,
                        0,
                        6.5,
                        4.5
                    ],
                    "texture": "#4"
                },
                "up": {
                    "uv": [
                        9.5,
                        9.5,
                        9,
                        9
                    ],
                    "texture": "#4"
                },
                "down": {
                    "uv": [
                        10.5,
                        0,
                        10,
                        0.5
                    ],
                    "texture": "#4"
                }
            }
        },
        {
            "name": "head_2nd_layer",
            "from": [
                -3.11923,
                12.63856,
                10.74
            ],
            "to": [
                5.38077,
                13.63856,
                11.24
            ],
            "rotation": {
                "angle": -45,
                "axis": "z",
                "origin": [
                    5.13941,
                    10.88813,
                    9.27307
                ]
            },
            "faces": {
                "north": {
                    "uv": [
                        0,
                        0,
                        1,
                        5.5
                    ],
                    "rotation": 270,
                    "texture": "#4"
                },
                "east": {
                    "uv": [
                        10,
                        2.5,
                        9,
                        2
                    ],
                    "rotation": 90,
                    "texture": "#4"
                },
                "south": {
                    "uv": [
                        1,
                        0,
                        2,
                        5.5
                    ],
                    "rotation": 90,
                    "texture": "#4"
                },
                "west": {
                    "uv": [
                        10,
                        3,
                        9,
                        3.5
                    ],
                    "rotation": 90,
                    "texture": "#4"
                },
                "up": {
                    "uv": [
                        4,
                        4,
                        4.5,
                        9.5
                    ],
                    "rotation": 90,
                    "texture": "#4"
                },
                "down": {
                    "uv": [
                        3,
                        4,
                        3.5,
                        9.5
                    ],
                    "rotation": 90,
                    "texture": "#4"
                }
            }
        },
        {
            "name": "head_2nd_layer",
            "from": [
                -5.36923,
                13.63856,
                10.74
            ],
            "to": [
                -1.36923,
                14.13856,
                11.24
            ],
            "rotation": {
                "angle": -45,
                "axis": "z",
                "origin": [
                    5.13941,
                    10.88813,
                    9.27307
                ]
            },
            "faces": {
                "north": {
                    "uv": [
                        9,
                        4,
                        9.5,
                        5
                    ],
                    "rotation": 270,
                    "texture": "#4"
                },
                "east": {
                    "uv": [
                        8.5,
                        9.5,
                        8,
                        9
                    ],
                    "rotation": 90,
                    "texture": "#4"
                },
                "south": {
                    "uv": [
                        9,
                        6,
                        9.5,
                        7
                    ],
                    "rotation": 90,
                    "texture": "#4"
                },
                "west": {
                    "uv": [
                        9.5,
                        8,
                        9,
                        8.5
                    ],
                    "rotation": 90,
                    "texture": "#4"
                },
                "up": {
                    "uv": [
                        9,
                        7,
                        9.5,
                        8
                    ],
                    "rotation": 90,
                    "texture": "#4"
                },
                "down": {
                    "uv": [
                        9,
                        5,
                        9.5,
                        6
                    ],
                    "rotation": 90,
                    "texture": "#4"
                }
            }
        },
        {
            "name": "head_2nd_layer",
            "from": [
                -2.36923,
                12.13856,
                10.74
            ],
            "to": [
                5.13077,
                12.63856,
                11.24
            ],
            "rotation": {
                "angle": -45,
                "axis": "z",
                "origin": [
                    5.13941,
                    10.88813,
                    9.27307
                ]
            },
            "faces": {
                "north": {
                    "uv": [
                        5,
                        0,
                        5.5,
                        4.5
                    ],
                    "rotation": 270,
                    "texture": "#4"
                },
                "east": {
                    "uv": [
                        9.5,
                        9.5,
                        9,
                        9
                    ],
                    "rotation": 90,
                    "texture": "#4"
                },
                "south": {
                    "uv": [
                        0,
                        6,
                        0.5,
                        10.5
                    ],
                    "rotation": 90,
                    "texture": "#4"
                },
                "west": {
                    "uv": [
                        10.5,
                        0,
                        10,
                        0.5
                    ],
                    "rotation": 90,
                    "texture": "#4"
                },
                "up": {
                    "uv": [
                        6,
                        0,
                        6.5,
                        4.5
                    ],
                    "rotation": 90,
                    "texture": "#4"
                },
                "down": {
                    "uv": [
                        5,
                        5,
                        5.5,
                        9.5
                    ],
                    "rotation": 90,
                    "texture": "#4"
                }
            }
        }
    ],
    "display": {
        "thirdperson_righthand": {
            "rotation": [
                90,
                0,
                0
            ],
            "translation": [
                -6,
                -1.75,
                -3.5
            ]
        },
        "thirdperson_lefthand": {
            "rotation": [
                90,
                0,
                0
            ],
            "translation": [
                -6,
                -1.75,
                -3.5
            ]
        },
        "head": {
            "translation": [
                0,
                -14.5,
                0
            ],
            "scale": [
                3.2,
                3.2,
                3.2
            ]
        }
    },
    "groups": [
        {
            "name": "alex",
            "origin": [
                8,
                8,
                8
            ],
            "color": 0,
            "children": [
                0,
                1,
                2,
                3,
                4,
                5,
                6,
                7,
                8,
                9,
                10
            ]
        },
        {
            "name": "option",
            "origin": [
                0,
                0,
                0
            ],
            "color": 0,
            "children": []
        },
        11,
        12,
        13,
        14,
        15,
        16,
        17,
        18,
        19,
        20,
        {
            "name": "group",
            "origin": [
                6.21194,
                15.55866,
                7.49
            ],
            "color": 0,
            "children": []
        },
        {
            "name": "group",
            "origin": [
                6.21194,
                15.55866,
                7.49
            ],
            "color": 0,
            "children": []
        },
        {
            "name": "group",
            "origin": [
                6.21194,
                15.55866,
                7.49
            ],
            "color": 0,
            "children": []
        },
        {
            "name": "group",
            "origin": [
                9.78806,
                10.55866,
                7.49
            ],
            "color": 0,
            "children": [
                21,
                22,
                23,
                24,
                25,
                26,
                27,
                28,
                29,
                30
            ]
        },
        {
            "name": "group",
            "origin": [
                8,
                5.5471,
                10.38151
            ],
            "color": 0,
            "children": []
        }
    ]
}