{
	"credit": "Made with Blockbench",
	"texture_size": [32, 32],
	"textures": {
		"0": "item/mob/stick/20207/hell_watcher_eye"
	},
	"elements": [
		{
			"from": [4, 0, 4],
			"to": [12, 8, 12],
			"faces": {
				"north": {"uv": [4, 4, 8, 8], "texture": "#0"},
				"east": {"uv": [0, 4, 4, 8], "texture": "#0"},
				"south": {"uv": [12, 4, 16, 8], "texture": "#0"},
				"west": {"uv": [8, 4, 12, 8], "texture": "#0"},
				"up": {"uv": [8, 4, 4, 0], "texture": "#0"},
				"down": {"uv": [12, 0, 8, 4], "texture": "#0"}
			}
		},
		{
			"from": [3.75, -0.25, 3.75],
			"to": [12.25, 8.25, 12.25],
			"faces": {
				"north": {"uv": [4, 12, 8, 16], "texture": "#0"},
				"east": {"uv": [0, 12, 4, 16], "texture": "#0"},
				"south": {"uv": [12, 12, 16, 16], "texture": "#0"},
				"west": {"uv": [8, 12, 12, 16], "texture": "#0"},
				"up": {"uv": [8, 12, 4, 8], "texture": "#0"},
				"down": {"uv": [12, 8, 8, 12], "texture": "#0"}
			}
		},
		{
			"from": [3.75, -0.25, 12.25],
			"to": [12.25, 8.25, 20.75],
			"faces": {
				"north": {"uv": [0, 0, 4, 4], "texture": "#0"},
				"east": {"uv": [0, 0, 4, 4], "rotation": 270, "texture": "#0"},
				"west": {"uv": [0, 0, 4, 4], "rotation": 90, "texture": "#0"},
				"up": {"uv": [4, 4, 0, 0], "texture": "#0"},
				"down": {"uv": [0, 0, 4, 4], "texture": "#0"}
			}
		},
		{
			"name": "cube_outline",
			"from": [12, 8, 20.5],
			"to": [4, 0, 12.5],
			"faces": {
				"east": {"uv": [4, 0, 0, 4], "rotation": 90, "texture": "#0"},
				"west": {"uv": [0, 4, 4, 0], "rotation": 90, "texture": "#0"},
				"up": {"uv": [4, 0, 0, 4], "texture": "#0"},
				"down": {"uv": [0, 4, 4, 0], "texture": "#0"}
			}
		}
	],
	"display": {
		"head": {
			"translation": [0, 1.75, 0],
			"scale": [1.8, 1.8, 1.8]
		}
	}
}