{
    "credit": "Made with Blockbench",
    "ambientocclusion": false,
    "texture_size": [
        64,
        64
    ],
    "textures": {
        "1": "item/mob/stick/20214/dark_summoner"
        },
    "elements": [
        {
            "name": "headwear",
            "from": [
                1,
                10.1,
                0
            ],
            "to": [
                15,
                12.1,
                14
            ],
            "rotation": {
                "angle": 0,
                "axis": "x",
                "origin": [
                    8,
                    14.74001,
                    7.74843
                ]
            },
            "faces": {
                "north": {
                    "uv": [
                        11.25,
                        4.75,
                        14.75,
                        5.25
                    ],
                    "texture": "#1"
                },
                "east": {
                    "uv": [
                        11.75,
                        0,
                        15.25,
                        0.5
                    ],
                    "texture": "#1"
                },
                "south": {
                    "uv": [
                        11.75,
                        0.5,
                        15.25,
                        1
                    ],
                    "texture": "#1"
                },
                "west": {
                    "uv": [
                        11.75,
                        1,
                        15.25,
                        1.5
                    ],
                    "texture": "#1"
                },
                "up": {
                    "uv": [
                        3.5,
                        3.5,
                        0,
                        0
                    ],
                    "texture": "#1"
                },
                "down": {
                    "uv": [
                        3.5,
                        3.5,
                        0,
                        7
                    ],
                    "texture": "#1"
                }
            }
        },
        {
            "name": "hat2",
            "from": [
                4.5,
                12.1,
                3.5
            ],
            "to": [
                11.5,
                16.1,
                10.5
            ],
            "rotation": {
                "angle": 0,
                "axis": "x",
                "origin": [
                    8,
                    14.74001,
                    7.74843
                ]
            },
            "faces": {
                "north": {
                    "uv": [
                        11.75,
                        1.5,
                        13.5,
                        2.5
                    ],
                    "texture": "#1"
                },
                "east": {
                    "uv": [
                        11.75,
                        2.5,
                        13.5,
                        3.5
                    ],
                    "texture": "#1"
                },
                "south": {
                    "uv": [
                        5.25,
                        12,
                        7,
                        13
                    ],
                    "texture": "#1"
                },
                "west": {
                    "uv": [
                        12,
                        5.25,
                        13.75,
                        6.25
                    ],
                    "texture": "#1"
                },
                "up": {
                    "uv": [
                        7.75,
                        10.75,
                        6,
                        9
                    ],
                    "texture": "#1"
                },
                "down": {
                    "uv": [
                        11.25,
                        3.5,
                        9.5,
                        5.25
                    ],
                    "texture": "#1"
                }
            }
        },
        {
            "name": "hat3",
            "from": [
                6,
                14.78619,
                4.41921
            ],
            "to": [
                10,
                18.78619,
                8.41921
            ],
            "rotation": {
                "angle": 22.5,
                "axis": "x",
                "origin": [
                    8,
                    14.74001,
                    7.74843
                ]
            },
            "faces": {
                "north": {
                    "uv": [
                        13.25,
                        12.25,
                        14.25,
                        13.25
                    ],
                    "texture": "#1"
                },
                "east": {
                    "uv": [
                        13.25,
                        13.25,
                        14.25,
                        14.25
                    ],
                    "texture": "#1"
                },
                "south": {
                    "uv": [
                        13.5,
                        1.5,
                        14.5,
                        2.5
                    ],
                    "texture": "#1"
                },
                "west": {
                    "uv": [
                        13.5,
                        2.5,
                        14.5,
                        3.5
                    ],
                    "texture": "#1"
                },
                "up": {
                    "uv": [
                        2,
                        14.75,
                        1,
                        13.75
                    ],
                    "texture": "#1"
                },
                "down": {
                    "uv": [
                        3,
                        13.75,
                        2,
                        14.75
                    ],
                    "texture": "#1"
                }
            }
        },
        {
            "name": "hat4",
            "from": [
                7,
                18.62268,
                8.39282
            ],
            "to": [
                9,
                21.62268,
                10.39282
            ],
            "rotation": {
                "angle": 45,
                "axis": "x",
                "origin": [
                    8,
                    20.37268,
                    8.64282
                ]
            },
            "faces": {
                "north": {
                    "uv": [
                        7.5,
                        6,
                        8,
                        6.75
                    ],
                    "texture": "#1"
                },
                "east": {
                    "uv": [
                        9.5,
                        5.25,
                        10,
                        6
                    ],
                    "texture": "#1"
                },
                "south": {
                    "uv": [
                        1,
                        13,
                        1.5,
                        13.75
                    ],
                    "texture": "#1"
                },
                "west": {
                    "uv": [
                        11.75,
                        13,
                        12.25,
                        13.75
                    ],
                    "texture": "#1"
                },
                "up": {
                    "uv": [
                        15,
                        9.5,
                        14.5,
                        9
                    ],
                    "texture": "#1"
                },
                "down": {
                    "uv": [
                        15,
                        9.5,
                        14.5,
                        10
                    ],
                    "texture": "#1"
                }
            }
        },
        {
            "from": [
                4,
                7.1,
                3
            ],
            "to": [
                12,
                10.1,
                11
            ],
            "rotation": {
                "angle": 0,
                "axis": "x",
                "origin": [
                    8,
                    14.75,
                    8.075
                ]
            },
            "faces": {
                "north": {
                    "uv": [
                        12,
                        6.25,
                        14,
                        7
                    ],
                    "texture": "#1"
                },
                "east": {
                    "uv": [
                        12,
                        7,
                        14,
                        7.75
                    ],
                    "texture": "#1"
                },
                "south": {
                    "uv": [
                        12,
                        7.75,
                        14,
                        8.5
                    ],
                    "texture": "#1"
                },
                "west": {
                    "uv": [
                        12,
                        8.5,
                        14,
                        9.25
                    ],
                    "texture": "#1"
                },
                "up": {
                    "uv": [
                        8,
                        9,
                        6,
                        7
                    ],
                    "texture": "#1"
                },
                "down": {
                    "uv": [
                        9.5,
                        0,
                        7.5,
                        2
                    ],
                    "texture": "#1"
                }
            }
        },
        {
            "from": [
                3.5,
                2,
                4.5
            ],
            "to": [
                12.5,
                7,
                11.5
            ],
            "rotation": {
                "angle": 0,
                "axis": "y",
                "origin": [
                    4,
                    2.5,
                    5
                ]
            },
            "faces": {
                "north": {
                    "uv": [
                        9.75,
                        10,
                        12,
                        11.25
                    ],
                    "texture": "#1"
                },
                "east": {
                    "uv": [
                        5.25,
                        10.75,
                        7,
                        12
                    ],
                    "texture": "#1"
                },
                "south": {
                    "uv": [
                        0,
                        10.5,
                        2.25,
                        11.75
                    ],
                    "texture": "#1"
                },
                "west": {
                    "uv": [
                        11.25,
                        3.5,
                        13,
                        4.75
                    ],
                    "texture": "#1"
                },
                "up": {
                    "uv": [
                        11.75,
                        1.75,
                        9.5,
                        0
                    ],
                    "texture": "#1"
                },
                "down": {
                    "uv": [
                        11.75,
                        1.75,
                        9.5,
                        3.5
                    ],
                    "texture": "#1"
                }
            }
        },
        {
            "from": [
                4,
                -7,
                5
            ],
            "to": [
                12,
                7,
                11
            ],
            "rotation": {
                "angle": 0,
                "axis": "y",
                "origin": [
                    4,
                    -9,
                    5
                ]
            },
            "faces": {
                "north": {
                    "uv": [
                        3.5,
                        0,
                        5.5,
                        3.5
                    ],
                    "texture": "#1"
                },
                "east": {
                    "uv": [
                        0,
                        7,
                        1.5,
                        10.5
                    ],
                    "texture": "#1"
                },
                "south": {
                    "uv": [
                        3.5,
                        3.5,
                        5.5,
                        7
                    ],
                    "texture": "#1"
                },
                "west": {
                    "uv": [
                        1.5,
                        7,
                        3,
                        10.5
                    ],
                    "texture": "#1"
                },
                "up": {
                    "uv": [
                        12,
                        6.75,
                        10,
                        5.25
                    ],
                    "texture": "#1"
                },
                "down": {
                    "uv": [
                        12,
                        6.75,
                        10,
                        8.25
                    ],
                    "texture": "#1"
                }
            }
        },
        {
            "name": "cube_outline",
            "from": [
                12,
                7,
                11
            ],
            "to": [
                4,
                -7,
                5
            ],
            "rotation": {
                "angle": 0,
                "axis": "y",
                "origin": [
                    4,
                    -9,
                    5
                ]
            },
            "faces": {
                "north": {
                    "uv": [
                        5.5,
                        0,
                        7.5,
                        3.5
                    ],
                    "texture": "#1"
                },
                "east": {
                    "uv": [
                        3,
                        7,
                        4.5,
                        10.5
                    ],
                    "texture": "#1"
                },
                "south": {
                    "uv": [
                        5.5,
                        3.5,
                        7.5,
                        7
                    ],
                    "texture": "#1"
                },
                "west": {
                    "uv": [
                        4.5,
                        7,
                        6,
                        10.5
                    ],
                    "texture": "#1"
                },
                "up": {
                    "uv": [
                        9.75,
                        11.5,
                        7.75,
                        10
                    ],
                    "texture": "#1"
                },
                "down": {
                    "uv": [
                        12,
                        8.25,
                        10,
                        9.75
                    ],
                    "texture": "#1"
                }
            }
        },
        {
            "name": "innnerbody",
            "from": [
                5,
                0,
                5.5
            ],
            "to": [
                11,
                7,
                10.5
            ],
            "faces": {
                "north": {
                    "uv": [
                        2.25,
                        10.5,
                        3.75,
                        12.25
                    ],
                    "texture": "#1"
                },
                "east": {
                    "uv": [
                        9.75,
                        11.25,
                        11,
                        13
                    ],
                    "texture": "#1"
                },
                "south": {
                    "uv": [
                        3.75,
                        10.5,
                        5.25,
                        12.25
                    ],
                    "texture": "#1"
                },
                "west": {
                    "uv": [
                        11,
                        11.25,
                        12.25,
                        13
                    ],
                    "texture": "#1"
                },
                "up": {
                    "uv": [
                        8.5,
                        12.75,
                        7,
                        11.5
                    ],
                    "texture": "#1"
                },
                "down": {
                    "uv": [
                        1.5,
                        11.75,
                        0,
                        13
                    ],
                    "texture": "#1"
                }
            }
        },
        {
            "name": "innnerbody",
            "from": [
                6,
                -5,
                5.5
            ],
            "to": [
                10,
                0,
                8.5
            ],
            "rotation": {
                "angle": 0,
                "axis": "x",
                "origin": [
                    8,
                    1,
                    7
                ]
            },
            "faces": {
                "north": {
                    "uv": [
                        0,
                        13,
                        1,
                        14.25
                    ],
                    "texture": "#1"
                },
                "east": {
                    "uv": [
                        3,
                        13.75,
                        3.75,
                        15
                    ],
                    "texture": "#1"
                },
                "south": {
                    "uv": [
                        13,
                        3.5,
                        14,
                        4.75
                    ],
                    "texture": "#1"
                },
                "west": {
                    "uv": [
                        3.75,
                        13.75,
                        4.5,
                        15
                    ],
                    "texture": "#1"
                },
                "up": {
                    "uv": [
                        15,
                        11.25,
                        14,
                        10.5
                    ],
                    "texture": "#1"
                },
                "down": {
                    "uv": [
                        15,
                        11.25,
                        14,
                        12
                    ],
                    "texture": "#1"
                }
            }
        },
        {
            "name": "innnerbody",
            "from": [
                6.5,
                -11,
                6
            ],
            "to": [
                9.5,
                -5,
                8
            ],
            "rotation": {
                "angle": -22.5,
                "axis": "x",
                "origin": [
                    8,
                    -5,
                    7
                ]
            },
            "faces": {
                "north": {
                    "uv": [
                        4.5,
                        12.25,
                        5.25,
                        13.75
                    ],
                    "texture": "#1"
                },
                "east": {
                    "uv": [
                        0,
                        14.25,
                        0.5,
                        15.75
                    ],
                    "texture": "#1"
                },
                "south": {
                    "uv": [
                        5.25,
                        13,
                        6,
                        14.5
                    ],
                    "texture": "#1"
                },
                "west": {
                    "uv": [
                        0.5,
                        14.25,
                        1,
                        15.75
                    ],
                    "texture": "#1"
                },
                "up": {
                    "uv": [
                        2.25,
                        12.25,
                        1.5,
                        11.75
                    ],
                    "texture": "#1"
                },
                "down": {
                    "uv": [
                        9.75,
                        14.5,
                        9,
                        15
                    ],
                    "texture": "#1"
                }
            }
        },
        {
            "from": [
                1,
                2,
                6.5
            ],
            "to": [
                4,
                7,
                9.5
            ],
            "rotation": {
                "angle": -22.5,
                "axis": "z",
                "origin": [
                    3.5,
                    6.75,
                    8
                ]
            },
            "faces": {
                "north": {
                    "uv": [
                        4.5,
                        13.75,
                        5.25,
                        15
                    ],
                    "texture": "#1"
                },
                "east": {
                    "uv": [
                        13.75,
                        9.25,
                        14.5,
                        10.5
                    ],
                    "texture": "#1"
                },
                "south": {
                    "uv": [
                        11.75,
                        13.75,
                        12.5,
                        15
                    ],
                    "texture": "#1"
                },
                "west": {
                    "uv": [
                        12.5,
                        13.75,
                        13.25,
                        15
                    ],
                    "texture": "#1"
                },
                "up": {
                    "uv": [
                        7.75,
                        11.5,
                        7,
                        10.75
                    ],
                    "texture": "#1"
                },
                "down": {
                    "uv": [
                        6.75,
                        14.5,
                        6,
                        15.25
                    ],
                    "texture": "#1"
                }
            }
        },
        {
            "from": [
                1,
                -4,
                6
            ],
            "to": [
                4,
                2,
                10
            ],
            "rotation": {
                "angle": -22.5,
                "axis": "z",
                "origin": [
                    3.5,
                    6.75,
                    8
                ]
            },
            "faces": {
                "north": {
                    "uv": [
                        6,
                        13,
                        6.75,
                        14.5
                    ],
                    "texture": "#1"
                },
                "east": {
                    "uv": [
                        8.5,
                        11.5,
                        9.5,
                        13
                    ],
                    "texture": "#1"
                },
                "south": {
                    "uv": [
                        8,
                        13,
                        8.75,
                        14.5
                    ],
                    "texture": "#1"
                },
                "west": {
                    "uv": [
                        12,
                        9.25,
                        13,
                        10.75
                    ],
                    "texture": "#1"
                },
                "up": {
                    "uv": [
                        7.5,
                        15.25,
                        6.75,
                        14.25
                    ],
                    "texture": "#1"
                },
                "down": {
                    "uv": [
                        15,
                        12,
                        14.25,
                        13
                    ],
                    "texture": "#1"
                }
            }
        },
        {
            "name": "ring",
            "from": [
                -1.5,
                -1,
                4
            ],
            "to": [
                6.5,
                -1,
                12
            ],
            "rotation": {
                "angle": -22.5,
                "axis": "z",
                "origin": [
                    3.5,
                    6.75,
                    8
                ]
            },
            "faces": {
                "north": {
                    "uv": [
                        0,
                        0,
                        2,
                        0
                    ],
                    "texture": "#1"
                },
                "east": {
                    "uv": [
                        0,
                        0,
                        2,
                        0
                    ],
                    "texture": "#1"
                },
                "south": {
                    "uv": [
                        0,
                        0,
                        2,
                        0
                    ],
                    "texture": "#1"
                },
                "west": {
                    "uv": [
                        0,
                        0,
                        2,
                        0
                    ],
                    "texture": "#1"
                },
                "up": {
                    "uv": [
                        9.5,
                        4,
                        7.5,
                        2
                    ],
                    "texture": "#1"
                },
                "down": {
                    "uv": [
                        9.5,
                        4,
                        7.5,
                        6
                    ],
                    "texture": "#1"
                }
            }
        },
        {
            "name": "cube_outline",
            "from": [
                4,
                2,
                10
            ],
            "to": [
                1,
                -4,
                6
            ],
            "rotation": {
                "angle": -22.5,
                "axis": "z",
                "origin": [
                    3.5,
                    6.75,
                    8
                ]
            },
            "faces": {
                "north": {
                    "uv": [
                        11,
                        13,
                        11.75,
                        14.5
                    ],
                    "texture": "#1"
                },
                "east": {
                    "uv": [
                        12.25,
                        12.25,
                        13.25,
                        13.75
                    ],
                    "texture": "#1"
                },
                "south": {
                    "uv": [
                        13.25,
                        10.75,
                        14,
                        12.25
                    ],
                    "texture": "#1"
                },
                "west": {
                    "uv": [
                        7,
                        12.75,
                        8,
                        14.25
                    ],
                    "texture": "#1"
                },
                "up": {
                    "uv": [
                        15.25,
                        3.5,
                        14.5,
                        2.5
                    ],
                    "texture": "#1"
                },
                "down": {
                    "uv": [
                        6,
                        14.5,
                        5.25,
                        15.5
                    ],
                    "texture": "#1"
                }
            }
        },
        {
            "from": [
                12,
                2,
                6.49999
            ],
            "to": [
                15,
                7,
                9.49999
            ],
            "rotation": {
                "angle": 22.5,
                "axis": "z",
                "origin": [
                    12.5,
                    7,
                    8
                ]
            },
            "faces": {
                "north": {
                    "uv": [
                        14,
                        3.5,
                        14.75,
                        4.75
                    ],
                    "texture": "#1"
                },
                "east": {
                    "uv": [
                        14,
                        5.25,
                        14.75,
                        6.5
                    ],
                    "texture": "#1"
                },
                "south": {
                    "uv": [
                        14,
                        6.5,
                        14.75,
                        7.75
                    ],
                    "texture": "#1"
                },
                "west": {
                    "uv": [
                        14,
                        7.75,
                        14.75,
                        9
                    ],
                    "texture": "#1"
                },
                "up": {
                    "uv": [
                        8.25,
                        15.25,
                        7.5,
                        14.5
                    ],
                    "texture": "#1"
                },
                "down": {
                    "uv": [
                        9,
                        14.5,
                        8.25,
                        15.25
                    ],
                    "texture": "#1"
                }
            }
        },
        {
            "from": [
                12,
                -4,
                5.99999
            ],
            "to": [
                15,
                2,
                9.99999
            ],
            "rotation": {
                "angle": 22.5,
                "axis": "z",
                "origin": [
                    12.5,
                    7,
                    8
                ]
            },
            "faces": {
                "north": {
                    "uv": [
                        8.75,
                        13,
                        9.5,
                        14.5
                    ],
                    "texture": "#1"
                },
                "east": {
                    "uv": [
                        1.5,
                        12.25,
                        2.5,
                        13.75
                    ],
                    "texture": "#1"
                },
                "south": {
                    "uv": [
                        13,
                        9.25,
                        13.75,
                        10.75
                    ],
                    "texture": "#1"
                },
                "west": {
                    "uv": [
                        2.5,
                        12.25,
                        3.5,
                        13.75
                    ],
                    "texture": "#1"
                },
                "up": {
                    "uv": [
                        15,
                        14,
                        14.25,
                        13
                    ],
                    "texture": "#1"
                },
                "down": {
                    "uv": [
                        14,
                        14.25,
                        13.25,
                        15.25
                    ],
                    "texture": "#1"
                }
            }
        },
        {
            "name": "ring",
            "from": [
                9.5,
                -1,
                4
            ],
            "to": [
                17.5,
                -1,
                12
            ],
            "rotation": {
                "angle": 22.5,
                "axis": "z",
                "origin": [
                    12.5,
                    6.75,
                    8
                ]
            },
            "faces": {
                "north": {
                    "uv": [
                        0,
                        0,
                        2,
                        0
                    ],
                    "texture": "#1"
                },
                "east": {
                    "uv": [
                        0,
                        0,
                        2,
                        0
                    ],
                    "texture": "#1"
                },
                "south": {
                    "uv": [
                        0,
                        0,
                        2,
                        0
                    ],
                    "texture": "#1"
                },
                "west": {
                    "uv": [
                        0,
                        0,
                        2,
                        0
                    ],
                    "texture": "#1"
                },
                "up": {
                    "uv": [
                        10,
                        8,
                        8,
                        6
                    ],
                    "texture": "#1"
                },
                "down": {
                    "uv": [
                        10,
                        8,
                        8,
                        10
                    ],
                    "texture": "#1"
                }
            }
        },
        {
            "name": "cube_outline",
            "from": [
                15,
                2,
                9.99999
            ],
            "to": [
                12,
                -4,
                5.99999
            ],
            "rotation": {
                "angle": 22.5,
                "axis": "z",
                "origin": [
                    12.5,
                    7,
                    8
                ]
            },
            "faces": {
                "north": {
                    "uv": [
                        9.5,
                        13,
                        10.25,
                        14.5
                    ],
                    "texture": "#1"
                },
                "east": {
                    "uv": [
                        3.5,
                        12.25,
                        4.5,
                        13.75
                    ],
                    "texture": "#1"
                },
                "south": {
                    "uv": [
                        10.25,
                        13,
                        11,
                        14.5
                    ],
                    "texture": "#1"
                },
                "west": {
                    "uv": [
                        12.25,
                        10.75,
                        13.25,
                        12.25
                    ],
                    "texture": "#1"
                },
                "up": {
                    "uv": [
                        14.75,
                        15.25,
                        14,
                        14.25
                    ],
                    "texture": "#1"
                },
                "down": {
                    "uv": [
                        15.25,
                        1.5,
                        14.5,
                        2.5
                    ],
                    "texture": "#1"
                }
            }
        }
    ],
    "display": {
        "thirdperson_righthand": {
            "translation": [
                3.5,
                0,
                0
            ],
            "scale": [
                0.4,
                0.4,
                0.4
            ]
        },
        "head": {
            "rotation": [
                -5,
                0,
                0
            ],
            "translation": [
                -0.25,
                -4.5,
                0
            ],
            "scale": [
                1.7,
                1.7,
                1.7
            ]
        }
    },
    "groups": [
        {
            "name": "head",
            "origin": [
                8,
                9.65,
                6.075
            ],
            "color": 0,
            "children": [
                0,
                1,
                2,
                3,
                4
            ]
        },
        {
            "name": "body",
            "origin": [
                4,
                -15,
                5
            ],
            "color": 0,
            "children": [
                5,
                6,
                7,
                8,
                9,
                10
            ]
        },
        {
            "name": "left_hand",
            "origin": [
                2.5,
                6.75,
                7
            ],
            "color": 0,
            "children": [
                11,
                12,
                13,
                14
            ]
        },
        {
            "name": "right_hand",
            "origin": [
                13.53125,
                10.25707,
                -3.62841
            ],
            "color": 0,
            "children": [
                15,
                16,
                17,
                18
            ]
        }
    ]
}