{
	"credit": "Made with Blockbench",
	"texture_size": [64, 64],
	"textures": {
		"0": "item/mob/stick/20209/stomper"
	},
	"elements": [
		{
			"from": [3.75, 12.75, 8.75],
			"to": [12.25, 21.25, 17.25],
			"rotation": {"angle": -22.5, "axis": "x", "origin": [1, -3, 5]},
			"faces": {
				"north": {"uv": [10, 2, 12, 4], "texture": "#0"},
				"east": {"uv": [8, 2, 10, 4], "texture": "#0"},
				"south": {"uv": [14, 2, 16, 4], "texture": "#0"},
				"west": {"uv": [12, 2, 14, 4], "texture": "#0"},
				"up": {"uv": [12, 2, 10, 0], "texture": "#0"},
				"down": {"uv": [14, 0, 12, 2], "texture": "#0"}
			}
		},
		{
			"from": [4, 13, 9],
			"to": [12, 21, 17],
			"rotation": {"angle": -22.5, "axis": "x", "origin": [1, -3, 5]},
			"faces": {
				"north": {"uv": [2, 2, 4, 4], "texture": "#0"},
				"east": {"uv": [0, 2, 2, 4], "texture": "#0"},
				"south": {"uv": [6, 2, 8, 4], "texture": "#0"},
				"west": {"uv": [4, 2, 6, 4], "texture": "#0"},
				"up": {"uv": [4, 2, 2, 0], "texture": "#0"},
				"down": {"uv": [6, 0, 4, 2], "texture": "#0"}
			}
		},
		{
			"name": "body",
			"from": [4, 4, 6],
			"to": [12, 16, 10],
			"rotation": {"angle": 0, "axis": "y", "origin": [1, 0, 0]},
			"faces": {
				"north": {"uv": [1, 5, 3, 8], "texture": "#0"},
				"east": {"uv": [0, 5, 1, 8], "texture": "#0"},
				"south": {"uv": [4, 5, 6, 8], "texture": "#0"},
				"west": {"uv": [3, 5, 4, 8], "texture": "#0"},
				"up": {"uv": [3, 5, 1, 4], "texture": "#0"},
				"down": {"uv": [5, 4, 3, 5], "texture": "#0"}
			}
		},
		{
			"name": "body_outline",
			"from": [12, 16, 10],
			"to": [4, 4, 6],
			"rotation": {"angle": 0, "axis": "y", "origin": [1, 0, 0]},
			"faces": {
				"north": {"uv": [4, 5, 6, 8], "rotation": 180, "texture": "#0"},
				"east": {"uv": [3, 5, 4, 8], "rotation": 180, "texture": "#0"},
				"south": {"uv": [1, 5, 3, 8], "rotation": 180, "texture": "#0"},
				"west": {"uv": [0, 5, 1, 8], "rotation": 180, "texture": "#0"},
				"up": {"uv": [5, 4, 3, 5], "rotation": 180, "texture": "#0"},
				"down": {"uv": [3, 5, 1, 4], "rotation": 180, "texture": "#0"}
			}
		},
		{
			"from": [-2.29818, 8.23255, 7],
			"to": [-0.29818, 14.23255, 9],
			"rotation": {"angle": -22.5, "axis": "z", "origin": [-1.29818, 11.23255, 8]},
			"faces": {
				"north": {"uv": [12, 6.5, 12.5, 8], "texture": "#0"},
				"east": {"uv": [11.5, 6.5, 12, 8], "texture": "#0"},
				"south": {"uv": [13, 6.5, 13.5, 8], "texture": "#0"},
				"west": {"uv": [12.5, 6.5, 13, 8], "texture": "#0"},
				"up": {"uv": [12.5, 6.5, 12, 6], "texture": "#0"},
				"down": {"uv": [13, 6, 12.5, 6.5], "texture": "#0"}
			}
		},
		{
			"from": [0.13518, 14.1363, 7],
			"to": [6.13518, 16.1363, 9],
			"rotation": {"angle": 22.5, "axis": "z", "origin": [3.92807, 12.22209, 8]},
			"faces": {
				"north": {"uv": [12, 4.5, 12.5, 6], "rotation": 270, "texture": "#0"},
				"east": {"uv": [12.5, 4.5, 12, 4], "rotation": 90, "texture": "#0"},
				"south": {"uv": [13, 4.5, 13.5, 6], "rotation": 90, "texture": "#0"},
				"west": {"uv": [13, 4, 12.5, 4.5], "rotation": 90, "texture": "#0"},
				"up": {"uv": [12.5, 4.5, 13, 6], "rotation": 90, "texture": "#0"},
				"down": {"uv": [11.5, 4.5, 12, 6], "rotation": 90, "texture": "#0"}
			}
		},
		{
			"from": [9, -4, 6],
			"to": [13, 4, 10],
			"rotation": {"angle": 22.5, "axis": "x", "origin": [5, 4, 8]},
			"faces": {
				"north": {"uv": [1, 9, 2, 11], "texture": "#0"},
				"east": {"uv": [0, 9, 1, 11], "texture": "#0"},
				"south": {"uv": [3, 9, 4, 11], "texture": "#0"},
				"west": {"uv": [2, 9, 3, 11], "texture": "#0"},
				"up": {"uv": [2, 9, 1, 8], "texture": "#0"},
				"down": {"uv": [3, 8, 2, 9], "texture": "#0"}
			}
		},
		{
			"from": [8.5, -10, 5],
			"to": [13.5, -4, 11],
			"rotation": {"angle": 22.5, "axis": "x", "origin": [5, 4, 8]},
			"faces": {
				"north": {"uv": [7.5, 5.5, 8.75, 7], "texture": "#0"},
				"east": {"uv": [6, 5.5, 7.5, 7], "texture": "#0"},
				"south": {"uv": [10.25, 5.5, 11.5, 7], "texture": "#0"},
				"west": {"uv": [8.75, 5.5, 10.25, 7], "texture": "#0"},
				"up": {"uv": [8.75, 5.5, 7.5, 4], "texture": "#0"},
				"down": {"uv": [10, 4, 8.75, 5.5], "texture": "#0"}
			}
		},
		{
			"from": [8.5, -3, 5.5],
			"to": [13.5, 1, 10.5],
			"rotation": {"angle": 22.5, "axis": "x", "origin": [5, 4, 8]},
			"faces": {
				"north": {"uv": [6, 8.25, 7.25, 9.25], "texture": "#0"},
				"east": {"uv": [4.75, 8.25, 6, 9.25], "texture": "#0"},
				"south": {"uv": [8.5, 8.25, 9.75, 9.25], "texture": "#0"},
				"west": {"uv": [7.25, 8.25, 8.5, 9.25], "texture": "#0"},
				"up": {"uv": [7.25, 8.25, 6, 7], "texture": "#0"},
				"down": {"uv": [8.5, 7, 7.25, 8.25], "texture": "#0"}
			}
		},
		{
			"from": [3, -4, 6],
			"to": [7, 4, 10],
			"rotation": {"angle": 45, "axis": "x", "origin": [5, 4, 8]},
			"faces": {
				"north": {"uv": [2, 9, 1, 11], "texture": "#0"},
				"east": {"uv": [3, 9, 2, 11], "texture": "#0"},
				"south": {"uv": [4, 9, 3, 11], "texture": "#0"},
				"west": {"uv": [1, 9, 0, 11], "texture": "#0"},
				"up": {"uv": [1, 9, 2, 8], "texture": "#0"},
				"down": {"uv": [3, 8, 2, 9], "texture": "#0"}
			}
		},
		{
			"from": [2.5, -10, 5],
			"to": [7.5, -4, 11],
			"rotation": {"angle": 45, "axis": "x", "origin": [5, 4, 8]},
			"faces": {
				"north": {"uv": [7.5, 5.5, 8.75, 7], "texture": "#0"},
				"east": {"uv": [6, 5.5, 7.5, 7], "texture": "#0"},
				"south": {"uv": [10.25, 5.5, 11.5, 7], "texture": "#0"},
				"west": {"uv": [8.75, 5.5, 10.25, 7], "texture": "#0"},
				"up": {"uv": [7.5, 5.5, 8.75, 4], "texture": "#0"},
				"down": {"uv": [10, 4, 8.75, 5.5], "texture": "#0"}
			}
		},
		{
			"from": [2.5, -3, 5.5],
			"to": [7.5, 1, 10.5],
			"rotation": {"angle": 45, "axis": "x", "origin": [5, 4, 8]},
			"faces": {
				"north": {"uv": [6, 8.25, 7.25, 9.25], "texture": "#0"},
				"east": {"uv": [4.75, 8.25, 6, 9.25], "texture": "#0"},
				"south": {"uv": [8.5, 8.25, 9.75, 9.25], "texture": "#0"},
				"west": {"uv": [7.25, 8.25, 8.5, 9.25], "texture": "#0"},
				"up": {"uv": [7.25, 8.25, 6, 7], "texture": "#0"},
				"down": {"uv": [8.5, 7, 7.25, 8.25], "texture": "#0"}
			}
		},
		{
			"from": [16.29818, 8.23255, 7],
			"to": [18.29818, 14.23255, 9],
			"rotation": {"angle": 22.5, "axis": "z", "origin": [17.29818, 11.23255, 8]},
			"faces": {
				"north": {"uv": [12.5, 6.5, 12, 8], "texture": "#0"},
				"east": {"uv": [13, 6.5, 12.5, 8], "texture": "#0"},
				"south": {"uv": [13.5, 6.5, 13, 8], "texture": "#0"},
				"west": {"uv": [12, 6.5, 11.5, 8], "texture": "#0"},
				"up": {"uv": [12, 6.5, 12.5, 6], "texture": "#0"},
				"down": {"uv": [12.5, 6, 13, 6.5], "texture": "#0"}
			}
		},
		{
			"from": [9.86482, 14.1363, 7],
			"to": [15.86482, 16.1363, 9],
			"rotation": {"angle": -22.5, "axis": "z", "origin": [12.07193, 12.22209, 8]},
			"faces": {
				"north": {"uv": [12, 6, 12.5, 4.5], "rotation": 270, "texture": "#0"},
				"east": {"uv": [13, 4.5, 12.5, 4], "rotation": 90, "texture": "#0"},
				"south": {"uv": [13, 6, 13.5, 4.5], "rotation": 90, "texture": "#0"},
				"west": {"uv": [12.5, 4, 12, 4.5], "rotation": 90, "texture": "#0"},
				"up": {"uv": [12.5, 6, 13, 4.5], "rotation": 90, "texture": "#0"},
				"down": {"uv": [11.5, 6, 12, 4.5], "rotation": 90, "texture": "#0"}
			}
		}
	],
	"display": {
		"head": {
			"translation": [0, -15, 0],
			"scale": [1.65, 1.65, 1.65]
		}
	},
	"groups": [
		{
			"name": "head",
			"origin": [0, 0, 0],
			"color": 0,
			"children": [
				0,
				{
					"name": "group",
					"origin": [0, -3, 4],
					"color": 0,
					"children": []
				},
				1
			]
		},
		2,
		3,
		{
			"name": "arm",
			"origin": [1.92807, 13.61104, 11],
			"color": 0,
			"children": [4, 5]
		},
		{
			"name": "leg",
			"origin": [6, 12, 8],
			"color": 0,
			"children": [6, 7, 8]
		},
		{
			"name": "leg",
			"origin": [6, 12, 8],
			"color": 0,
			"children": [9, 10, 11]
		},
		{
			"name": "arm",
			"origin": [1.92807, 13.61104, 11],
			"color": 0,
			"children": [12, 13]
		}
	]
}