{
    "credit": "Made with Blockbench",
    "texture_size": [
        64,
        64
    ],
    "textures": {
        "1": "item/mob/stick/20246/texture"
    },
	"elements": [
		{
			"from": [4, 15, 4],
			"to": [12, 23, 12],
			"shade": false,
			"rotation": {"angle": 0, "axis": "y", "origin": [8, 19, 8]},
			"faces": {
				"north": {"uv": [8, 2, 6, 4], "texture": "#1"},
				"east": {"uv": [2, 2, 0, 4], "texture": "#1"},
				"south": {"uv": [4, 2, 2, 4], "texture": "#1"},
				"west": {"uv": [6, 2, 4, 4], "texture": "#1"},
				"up": {"uv": [4, 0, 2, 2], "texture": "#1"},
				"down": {"uv": [6, 2, 4, 0], "texture": "#1"}
			}
		},
		{
			"from": [3.6, 14.6, 3.6],
			"to": [12.4, 23.4, 12.4],
			"shade": false,
			"rotation": {"angle": 0, "axis": "y", "origin": [8, 19, 8]},
			"faces": {
				"north": {"uv": [8, 10, 6, 12], "texture": "#1"},
				"east": {"uv": [2, 10, 0, 12], "texture": "#1"},
				"south": {"uv": [4, 10, 2, 12], "texture": "#1"},
				"west": {"uv": [6, 10, 4, 12], "texture": "#1"},
				"up": {"uv": [4, 8, 2, 10], "texture": "#1"},
				"down": {"uv": [6, 10, 4, 8], "texture": "#1"}
			}
		}
	],
    "display": {
        "thirdperson_righthand": {
            "rotation": [
                90,
                0,
                0
            ],
            "translation": [
                -5.75,
                -2,
                5.5
            ]
        },
        "head": {
            "rotation": [
                -17,
                0,
                0
            ],
            "translation": [
                0,
                -17.25,
                3.5
            ],
            "scale": [
                1.6,
                1.6,
                1.6
            ]
        }
    },
    "groups": [
        {
            "name": "juel",
            "origin": [
                8,
                8,
                8
            ],
            "color": 0,
            "children": []
        }
    ]
}