{
	"credit": "Made with Blockbench",
	"texture_size": [64, 64],
	"textures": {
		"1": "item/mob/stick/20246/texture",
		"2": "item/mob/stick/20246/juel"
	},
	"elements": [
		{
			"from": [14, 1, 6],
			"to": [18, 7, 10],
			"rotation": {"angle": 0, "axis": "y", "origin": [14, 1, 10]},
			"faces": {
				"north": {"uv": [3, 14.5, 4, 16], "texture": "#1"},
				"east": {"uv": [2, 14.5, 3, 16], "texture": "#1"},
				"south": {"uv": [1, 14.5, 2, 16], "texture": "#1"},
				"west": {"uv": [0, 14.5, 1, 16], "texture": "#1"},
				"up": {"uv": [2, 12, 3, 13], "texture": "#1"},
				"down": {"uv": [2, 13, 3, 12], "texture": "#1"}
			}
		},
		{
			"name": "juel_0",
			"from": [15.96, 6.40314, -5.59172],
			"to": [16.47, 9.97314, -4.57172],
			"rotation": {"angle": -45, "axis": "x", "origin": [16.215, 1.23939, 1.61203]},
			"faces": {
				"north": {"uv": [14, 0.5, 14.5, 4], "texture": "#2"},
				"east": {"uv": [13.5, 0.5, 14.5, 4], "texture": "#2"},
				"south": {"uv": [13.5, 0.5, 14, 4], "texture": "#2"},
				"west": {"uv": [13.5, 4, 14.5, 0.5], "rotation": 180, "texture": "#2"},
				"up": {"uv": [13.5, 1, 14.5, 0.5], "rotation": 270, "texture": "#2"},
				"down": {"uv": [14.5, 4, 13.5, 3.5], "rotation": 270, "texture": "#2"}
			}
		},
		{
			"name": "juel_1",
			"from": [15.96, 5.38314, -4.57172],
			"to": [16.47, 9.46314, -4.06172],
			"rotation": {"angle": -45, "axis": "x", "origin": [16.215, 1.23939, 1.61203]},
			"faces": {
				"north": {"uv": [13, 1, 13.5, 5], "texture": "#2"},
				"east": {"uv": [13, 1, 13.5, 5], "texture": "#2"},
				"south": {"uv": [13, 1, 13.5, 5], "texture": "#2"},
				"west": {"uv": [13, 5, 13.5, 1], "rotation": 180, "texture": "#2"},
				"up": {"uv": [13, 1.5, 13.5, 1], "rotation": 270, "texture": "#2"},
				"down": {"uv": [13.5, 5, 13, 4.5], "rotation": 270, "texture": "#2"}
			}
		},
		{
			"name": "juel_2",
			"from": [15.96, 4.87314, -4.06172],
			"to": [16.47, 8.95314, -3.55172],
			"rotation": {"angle": -45, "axis": "x", "origin": [16.215, 1.23939, 1.61203]},
			"faces": {
				"north": {"uv": [12.5, 1.5, 13, 5.5], "texture": "#2"},
				"east": {"uv": [12.5, 1.5, 13, 5.5], "texture": "#2"},
				"south": {"uv": [12.5, 1.5, 13, 5.5], "texture": "#2"},
				"west": {"uv": [12.5, 5.5, 13, 1.5], "rotation": 180, "texture": "#2"},
				"up": {"uv": [12.5, 2, 13, 1.5], "rotation": 270, "texture": "#2"},
				"down": {"uv": [13, 5.5, 12.5, 5], "rotation": 270, "texture": "#2"}
			}
		},
		{
			"name": "juel_3",
			"from": [15.96, 4.36314, -3.55172],
			"to": [16.47, 8.44314, -3.04172],
			"rotation": {"angle": -45, "axis": "x", "origin": [16.215, 1.23939, 1.61203]},
			"faces": {
				"north": {"uv": [12, 2, 12.5, 6], "texture": "#2"},
				"east": {"uv": [12, 2, 12.5, 6], "texture": "#2"},
				"south": {"uv": [12, 2, 12.5, 6], "texture": "#2"},
				"west": {"uv": [12, 6, 12.5, 2], "rotation": 180, "texture": "#2"},
				"up": {"uv": [12, 2.5, 12.5, 2], "rotation": 270, "texture": "#2"},
				"down": {"uv": [12.5, 6, 12, 5.5], "rotation": 270, "texture": "#2"}
			}
		},
		{
			"name": "juel_4",
			"from": [15.96, 3.85314, -3.04172],
			"to": [16.47, 7.93314, -2.53172],
			"rotation": {"angle": -45, "axis": "x", "origin": [16.215, 1.23939, 1.61203]},
			"faces": {
				"north": {"uv": [11.5, 2.5, 12, 6.5], "texture": "#2"},
				"east": {"uv": [11.5, 2.5, 12, 6.5], "texture": "#2"},
				"south": {"uv": [11.5, 2.5, 12, 6.5], "texture": "#2"},
				"west": {"uv": [11.5, 6.5, 12, 2.5], "rotation": 180, "texture": "#2"},
				"up": {"uv": [11.5, 3, 12, 2.5], "rotation": 270, "texture": "#2"},
				"down": {"uv": [12, 6.5, 11.5, 6], "rotation": 270, "texture": "#2"}
			}
		},
		{
			"name": "juel_5",
			"from": [15.96, 3.34314, -2.53172],
			"to": [16.47, 7.42314, -2.02172],
			"rotation": {"angle": -45, "axis": "x", "origin": [16.215, 1.23939, 1.61203]},
			"faces": {
				"north": {"uv": [11, 3, 11.5, 7], "texture": "#2"},
				"east": {"uv": [11, 3, 11.5, 7], "texture": "#2"},
				"south": {"uv": [11, 3, 11.5, 7], "texture": "#2"},
				"west": {"uv": [11, 7, 11.5, 3], "rotation": 180, "texture": "#2"},
				"up": {"uv": [11, 3.5, 11.5, 3], "rotation": 270, "texture": "#2"},
				"down": {"uv": [11.5, 7, 11, 6.5], "rotation": 270, "texture": "#2"}
			}
		},
		{
			"name": "juel_6",
			"from": [15.96, 2.83314, -2.02172],
			"to": [16.47, 6.91314, -1.51172],
			"rotation": {"angle": -45, "axis": "x", "origin": [16.215, 1.23939, 1.61203]},
			"faces": {
				"north": {"uv": [10.5, 3.5, 11, 7.5], "texture": "#2"},
				"east": {"uv": [10.5, 3.5, 11, 7.5], "texture": "#2"},
				"south": {"uv": [10.5, 3.5, 11, 7.5], "texture": "#2"},
				"west": {"uv": [10.5, 7.5, 11, 3.5], "rotation": 180, "texture": "#2"},
				"up": {"uv": [10.5, 4, 11, 3.5], "rotation": 270, "texture": "#2"},
				"down": {"uv": [11, 7.5, 10.5, 7], "rotation": 270, "texture": "#2"}
			}
		},
		{
			"name": "juel_7",
			"from": [15.96, 2.32314, -1.51172],
			"to": [16.47, 6.40314, -1.00172],
			"rotation": {"angle": -45, "axis": "x", "origin": [16.215, 1.23939, 1.61203]},
			"faces": {
				"north": {"uv": [10, 4, 10.5, 8], "texture": "#2"},
				"east": {"uv": [10, 4, 10.5, 8], "texture": "#2"},
				"south": {"uv": [10, 4, 10.5, 8], "texture": "#2"},
				"west": {"uv": [10, 8, 10.5, 4], "rotation": 180, "texture": "#2"},
				"up": {"uv": [10, 4.5, 10.5, 4], "rotation": 270, "texture": "#2"},
				"down": {"uv": [10.5, 8, 10, 7.5], "rotation": 270, "texture": "#2"}
			}
		},
		{
			"name": "juel_8",
			"from": [15.96, 5.89314, -5.08172],
			"to": [16.47, 6.40314, -4.57172],
			"rotation": {"angle": -45, "axis": "x", "origin": [16.215, 1.23939, 1.61203]},
			"faces": {
				"north": {"uv": [13.5, 4, 14, 4.5], "texture": "#2"},
				"east": {"uv": [13.5, 4, 14, 4.5], "texture": "#2"},
				"south": {"uv": [13.5, 4, 14, 4.5], "texture": "#2"},
				"west": {"uv": [13.5, 4.5, 14, 4], "rotation": 180, "texture": "#2"},
				"up": {"uv": [13.5, 4.5, 14, 4], "rotation": 270, "texture": "#2"},
				"down": {"uv": [14, 4.5, 13.5, 4], "rotation": 270, "texture": "#2"}
			}
		},
		{
			"name": "juel_9",
			"from": [15.96, 1.81314, -1.00172],
			"to": [16.47, 5.89314, -0.49172],
			"rotation": {"angle": -45, "axis": "x", "origin": [16.215, 1.23939, 1.61203]},
			"faces": {
				"north": {"uv": [9.5, 4.5, 10, 8.5], "texture": "#2"},
				"east": {"uv": [9.5, 4.5, 10, 8.5], "texture": "#2"},
				"south": {"uv": [9.5, 4.5, 10, 8.5], "texture": "#2"},
				"west": {"uv": [9.5, 8.5, 10, 4.5], "rotation": 180, "texture": "#2"},
				"up": {"uv": [9.5, 5, 10, 4.5], "rotation": 270, "texture": "#2"},
				"down": {"uv": [10, 8.5, 9.5, 8], "rotation": 270, "texture": "#2"}
			}
		},
		{
			"name": "juel_10",
			"from": [15.96, 0.79314, -0.49172],
			"to": [16.47, 5.38314, 0.01828],
			"rotation": {"angle": -45, "axis": "x", "origin": [16.215, 1.23939, 1.61203]},
			"faces": {
				"north": {"uv": [9, 5, 9.5, 9.5], "texture": "#2"},
				"east": {"uv": [9, 5, 9.5, 9.5], "texture": "#2"},
				"south": {"uv": [9, 5, 9.5, 9.5], "texture": "#2"},
				"west": {"uv": [9, 9.5, 9.5, 5], "rotation": 180, "texture": "#2"},
				"up": {"uv": [9, 5.5, 9.5, 5], "rotation": 270, "texture": "#2"},
				"down": {"uv": [9.5, 9.5, 9, 9], "rotation": 270, "texture": "#2"}
			}
		},
		{
			"name": "juel_11",
			"from": [15.96, 0.28314, 0.01828],
			"to": [16.47, 4.87314, 1.03828],
			"rotation": {"angle": -45, "axis": "x", "origin": [16.215, 1.23939, 1.61203]},
			"faces": {
				"north": {"uv": [8.5, 5.5, 9, 10], "texture": "#2"},
				"east": {"uv": [8, 5.5, 9, 10], "texture": "#2"},
				"south": {"uv": [8, 5.5, 8.5, 10], "texture": "#2"},
				"west": {"uv": [8, 10, 9, 5.5], "rotation": 180, "texture": "#2"},
				"up": {"uv": [8, 6, 9, 5.5], "rotation": 270, "texture": "#2"},
				"down": {"uv": [9, 10, 8, 9.5], "rotation": 270, "texture": "#2"}
			}
		},
		{
			"name": "juel_12",
			"from": [15.96, -5.32686, 5.11828],
			"to": [16.47, 4.36314, 5.62828],
			"rotation": {"angle": -45, "axis": "x", "origin": [16.215, 1.23939, 1.61203]},
			"faces": {
				"north": {"uv": [3.5, 6, 4, 15.5], "texture": "#2"},
				"east": {"uv": [3.5, 6, 4, 15.5], "texture": "#2"},
				"south": {"uv": [3.5, 6, 4, 15.5], "texture": "#2"},
				"west": {"uv": [3.5, 15.5, 4, 6], "rotation": 180, "texture": "#2"},
				"up": {"uv": [3.5, 6.5, 4, 6], "rotation": 270, "texture": "#2"},
				"down": {"uv": [4, 15.5, 3.5, 15], "rotation": 270, "texture": "#2"}
			}
		},
		{
			"name": "juel_13",
			"from": [15.96, -3.79686, 3.58828],
			"to": [16.47, 4.36314, 4.09828],
			"rotation": {"angle": -45, "axis": "x", "origin": [16.215, 1.23939, 1.61203]},
			"faces": {
				"north": {"uv": [5, 6, 5.5, 14], "texture": "#2"},
				"east": {"uv": [5, 6, 5.5, 14], "texture": "#2"},
				"south": {"uv": [5, 6, 5.5, 14], "texture": "#2"},
				"west": {"uv": [5, 14, 5.5, 6], "rotation": 180, "texture": "#2"},
				"up": {"uv": [5, 6.5, 5.5, 6], "rotation": 270, "texture": "#2"},
				"down": {"uv": [5.5, 14, 5, 13.5], "rotation": 270, "texture": "#2"}
			}
		},
		{
			"name": "juel_14",
			"from": [15.96, -4.30686, 1.03828],
			"to": [16.47, 4.36314, 2.05828],
			"rotation": {"angle": -45, "axis": "x", "origin": [16.215, 1.23939, 1.61203]},
			"faces": {
				"north": {"uv": [7.5, 6, 8, 14.5], "texture": "#2"},
				"east": {"uv": [7, 6, 8, 14.5], "texture": "#2"},
				"south": {"uv": [7, 6, 7.5, 14.5], "texture": "#2"},
				"west": {"uv": [7, 14.5, 8, 6], "rotation": 180, "texture": "#2"},
				"up": {"uv": [7, 6.5, 8, 6], "rotation": 270, "texture": "#2"},
				"down": {"uv": [8, 14.5, 7, 14], "rotation": 270, "texture": "#2"}
			}
		},
		{
			"name": "juel_15",
			"from": [15.96, -4.81686, 4.60828],
			"to": [16.47, 3.85314, 5.11828],
			"rotation": {"angle": -45, "axis": "x", "origin": [16.215, 1.23939, 1.61203]},
			"faces": {
				"north": {"uv": [4, 6.5, 4.5, 15], "texture": "#2"},
				"east": {"uv": [4, 6.5, 4.5, 15], "texture": "#2"},
				"south": {"uv": [4, 6.5, 4.5, 15], "texture": "#2"},
				"west": {"uv": [4, 15, 4.5, 6.5], "rotation": 180, "texture": "#2"},
				"up": {"uv": [4, 7, 4.5, 6.5], "rotation": 270, "texture": "#2"},
				"down": {"uv": [4.5, 15, 4, 14.5], "rotation": 270, "texture": "#2"}
			}
		},
		{
			"name": "juel_16",
			"from": [15.96, -3.79686, 2.05828],
			"to": [16.47, 3.85314, 3.58828],
			"rotation": {"angle": -45, "axis": "x", "origin": [16.215, 1.23939, 1.61203]},
			"faces": {
				"north": {"uv": [6.5, 6.5, 7, 14], "texture": "#2"},
				"east": {"uv": [5.5, 6.5, 7, 14], "texture": "#2"},
				"south": {"uv": [5.5, 6.5, 6, 14], "texture": "#2"},
				"west": {"uv": [5.5, 14, 7, 6.5], "rotation": 180, "texture": "#2"},
				"up": {"uv": [5.5, 7, 7, 6.5], "rotation": 270, "texture": "#2"},
				"down": {"uv": [7, 14, 5.5, 13.5], "rotation": 270, "texture": "#2"}
			}
		},
		{
			"name": "juel_17",
			"from": [15.96, -5.32686, 6.13828],
			"to": [16.47, 3.34314, 6.64828],
			"rotation": {"angle": -45, "axis": "x", "origin": [16.215, 1.23939, 1.61203]},
			"faces": {
				"north": {"uv": [2.5, 7, 3, 15.5], "texture": "#2"},
				"east": {"uv": [2.5, 7, 3, 15.5], "texture": "#2"},
				"south": {"uv": [2.5, 7, 3, 15.5], "texture": "#2"},
				"west": {"uv": [2.5, 15.5, 3, 7], "rotation": 180, "texture": "#2"},
				"up": {"uv": [2.5, 7.5, 3, 7], "rotation": 270, "texture": "#2"},
				"down": {"uv": [3, 15.5, 2.5, 15], "rotation": 270, "texture": "#2"}
			}
		},
		{
			"name": "juel_18",
			"from": [15.96, -4.30686, 4.09828],
			"to": [16.47, 3.34314, 4.60828],
			"rotation": {"angle": -45, "axis": "x", "origin": [16.215, 1.23939, 1.61203]},
			"faces": {
				"north": {"uv": [4.5, 7, 5, 14.5], "texture": "#2"},
				"east": {"uv": [4.5, 7, 5, 14.5], "texture": "#2"},
				"south": {"uv": [4.5, 7, 5, 14.5], "texture": "#2"},
				"west": {"uv": [4.5, 14.5, 5, 7], "rotation": 180, "texture": "#2"},
				"up": {"uv": [4.5, 7.5, 5, 7], "rotation": 270, "texture": "#2"},
				"down": {"uv": [5, 14.5, 4.5, 14], "rotation": 270, "texture": "#2"}
			}
		},
		{
			"name": "juel_19",
			"from": [15.96, -3.28686, 5.62828],
			"to": [16.47, 2.83314, 6.13828],
			"rotation": {"angle": -45, "axis": "x", "origin": [16.215, 1.23939, 1.61203]},
			"faces": {
				"north": {"uv": [3, 7.5, 3.5, 13.5], "texture": "#2"},
				"east": {"uv": [3, 7.5, 3.5, 13.5], "texture": "#2"},
				"south": {"uv": [3, 7.5, 3.5, 13.5], "texture": "#2"},
				"west": {"uv": [3, 13.5, 3.5, 7.5], "rotation": 180, "texture": "#2"},
				"up": {"uv": [3, 8, 3.5, 7.5], "rotation": 270, "texture": "#2"},
				"down": {"uv": [3.5, 13.5, 3, 13], "rotation": 270, "texture": "#2"}
			}
		},
		{
			"name": "juel_20",
			"from": [15.96, 1.30314, 6.64828],
			"to": [16.47, 2.32314, 7.66828],
			"rotation": {"angle": -45, "axis": "x", "origin": [16.215, 1.23939, 1.61203]},
			"faces": {
				"north": {"uv": [2, 8, 2.5, 9], "texture": "#2"},
				"east": {"uv": [1.5, 8, 2.5, 9], "texture": "#2"},
				"south": {"uv": [1.5, 8, 2, 9], "texture": "#2"},
				"west": {"uv": [1.5, 9, 2.5, 8], "rotation": 180, "texture": "#2"},
				"up": {"uv": [1.5, 8.5, 2.5, 8], "rotation": 270, "texture": "#2"},
				"down": {"uv": [2.5, 9, 1.5, 8.5], "rotation": 270, "texture": "#2"}
			}
		},
		{
			"name": "juel_21",
			"from": [15.96, 0.79314, 6.64828],
			"to": [16.47, 1.30314, 7.15828],
			"rotation": {"angle": -45, "axis": "x", "origin": [16.215, 1.23939, 1.61203]},
			"faces": {
				"north": {"uv": [2, 9, 2.5, 9.5], "texture": "#2"},
				"east": {"uv": [2, 9, 2.5, 9.5], "texture": "#2"},
				"south": {"uv": [2, 9, 2.5, 9.5], "texture": "#2"},
				"west": {"uv": [2, 9.5, 2.5, 9], "rotation": 180, "texture": "#2"},
				"up": {"uv": [2, 9.5, 2.5, 9], "rotation": 270, "texture": "#2"},
				"down": {"uv": [2.5, 9.5, 2, 9], "rotation": 270, "texture": "#2"}
			}
		},
		{
			"name": "juel_22",
			"from": [15.96, -2.26686, 0.52828],
			"to": [16.47, 0.28314, 1.03828],
			"rotation": {"angle": -45, "axis": "x", "origin": [16.215, 1.23939, 1.61203]},
			"faces": {
				"north": {"uv": [8, 10, 8.5, 12.5], "texture": "#2"},
				"east": {"uv": [8, 10, 8.5, 12.5], "texture": "#2"},
				"south": {"uv": [8, 10, 8.5, 12.5], "texture": "#2"},
				"west": {"uv": [8, 12.5, 8.5, 10], "rotation": 180, "texture": "#2"},
				"up": {"uv": [8, 10.5, 8.5, 10], "rotation": 270, "texture": "#2"},
				"down": {"uv": [8.5, 12.5, 8, 12], "rotation": 270, "texture": "#2"}
			}
		},
		{
			"name": "juel_23",
			"from": [15.96, -1.75686, 6.64828],
			"to": [16.47, -0.22686, 8.17828],
			"rotation": {"angle": -45, "axis": "x", "origin": [16.215, 1.23939, 1.61203]},
			"faces": {
				"north": {"uv": [2, 10.5, 2.5, 12], "texture": "#2"},
				"east": {"uv": [1, 10.5, 2.5, 12], "texture": "#2"},
				"south": {"uv": [1, 10.5, 1.5, 12], "texture": "#2"},
				"west": {"uv": [1, 12, 2.5, 10.5], "rotation": 180, "texture": "#2"},
				"up": {"uv": [1, 11, 2.5, 10.5], "rotation": 270, "texture": "#2"},
				"down": {"uv": [2.5, 12, 1, 11.5], "rotation": 270, "texture": "#2"}
			}
		},
		{
			"name": "juel_24",
			"from": [15.96, -1.75686, 0.01828],
			"to": [16.47, -0.22686, 0.52828],
			"rotation": {"angle": -45, "axis": "x", "origin": [16.215, 1.23939, 1.61203]},
			"faces": {
				"north": {"uv": [8.5, 10.5, 9, 12], "texture": "#2"},
				"east": {"uv": [8.5, 10.5, 9, 12], "texture": "#2"},
				"south": {"uv": [8.5, 10.5, 9, 12], "texture": "#2"},
				"west": {"uv": [8.5, 12, 9, 10.5], "rotation": 180, "texture": "#2"},
				"up": {"uv": [8.5, 11, 9, 10.5], "rotation": 270, "texture": "#2"},
				"down": {"uv": [9, 12, 8.5, 11.5], "rotation": 270, "texture": "#2"}
			}
		},
		{
			"name": "juel_25",
			"from": [15.96, -1.75686, 8.17828],
			"to": [16.47, -0.73686, 8.68828],
			"rotation": {"angle": -45, "axis": "x", "origin": [16.215, 1.23939, 1.61203]},
			"faces": {
				"north": {"uv": [0.5, 11, 1, 12], "texture": "#2"},
				"east": {"uv": [0.5, 11, 1, 12], "texture": "#2"},
				"south": {"uv": [0.5, 11, 1, 12], "texture": "#2"},
				"west": {"uv": [0.5, 12, 1, 11], "rotation": 180, "texture": "#2"},
				"up": {"uv": [0.5, 11.5, 1, 11], "rotation": 270, "texture": "#2"},
				"down": {"uv": [1, 12, 0.5, 11.5], "rotation": 270, "texture": "#2"}
			}
		},
		{
			"name": "juel_26",
			"from": [15.96, -1.75686, -0.49172],
			"to": [16.47, -1.24686, 0.01828],
			"rotation": {"angle": -45, "axis": "x", "origin": [16.215, 1.23939, 1.61203]},
			"faces": {
				"north": {"uv": [9, 11.5, 9.5, 12], "texture": "#2"},
				"east": {"uv": [9, 11.5, 9.5, 12], "texture": "#2"},
				"south": {"uv": [9, 11.5, 9.5, 12], "texture": "#2"},
				"west": {"uv": [9, 12, 9.5, 11.5], "rotation": 180, "texture": "#2"},
				"up": {"uv": [9, 12, 9.5, 11.5], "rotation": 270, "texture": "#2"},
				"down": {"uv": [9.5, 12, 9, 11.5], "rotation": 270, "texture": "#2"}
			}
		},
		{
			"name": "juel_27",
			"from": [15.96, -5.32686, 6.64828],
			"to": [16.47, -2.26686, 7.15828],
			"rotation": {"angle": -45, "axis": "x", "origin": [16.215, 1.23939, 1.61203]},
			"faces": {
				"north": {"uv": [2, 12.5, 2.5, 15.5], "texture": "#2"},
				"east": {"uv": [2, 12.5, 2.5, 15.5], "texture": "#2"},
				"south": {"uv": [2, 12.5, 2.5, 15.5], "texture": "#2"},
				"west": {"uv": [2, 15.5, 2.5, 12.5], "rotation": 180, "texture": "#2"},
				"up": {"uv": [2, 13, 2.5, 12.5], "rotation": 270, "texture": "#2"},
				"down": {"uv": [2.5, 15.5, 2, 15], "rotation": 270, "texture": "#2"}
			}
		},
		{
			"name": "juel_28",
			"from": [15.96, -5.32686, 7.15828],
			"to": [16.47, -2.77686, 7.66828],
			"rotation": {"angle": -45, "axis": "x", "origin": [16.215, 1.23939, 1.61203]},
			"faces": {
				"north": {"uv": [1.5, 13, 2, 15.5], "texture": "#2"},
				"east": {"uv": [1.5, 13, 2, 15.5], "texture": "#2"},
				"south": {"uv": [1.5, 13, 2, 15.5], "texture": "#2"},
				"west": {"uv": [1.5, 15.5, 2, 13], "rotation": 180, "texture": "#2"},
				"up": {"uv": [1.5, 13.5, 2, 13], "rotation": 270, "texture": "#2"},
				"down": {"uv": [2, 15.5, 1.5, 15], "rotation": 270, "texture": "#2"}
			}
		},
		{
			"name": "juel_29",
			"from": [15.96, -5.32686, 7.66828],
			"to": [16.47, -3.28686, 8.17828],
			"rotation": {"angle": -45, "axis": "x", "origin": [16.215, 1.23939, 1.61203]},
			"faces": {
				"north": {"uv": [1, 13.5, 1.5, 15.5], "texture": "#2"},
				"east": {"uv": [1, 13.5, 1.5, 15.5], "texture": "#2"},
				"south": {"uv": [1, 13.5, 1.5, 15.5], "texture": "#2"},
				"west": {"uv": [1, 15.5, 1.5, 13.5], "rotation": 180, "texture": "#2"},
				"up": {"uv": [1, 14, 1.5, 13.5], "rotation": 270, "texture": "#2"},
				"down": {"uv": [1.5, 15.5, 1, 15], "rotation": 270, "texture": "#2"}
			}
		},
		{
			"name": "juel_30",
			"from": [15.96, -4.81686, 0.52828],
			"to": [16.47, -3.28686, 1.03828],
			"rotation": {"angle": -45, "axis": "x", "origin": [16.215, 1.23939, 1.61203]},
			"faces": {
				"north": {"uv": [8, 13.5, 8.5, 15], "texture": "#2"},
				"east": {"uv": [8, 13.5, 8.5, 15], "texture": "#2"},
				"south": {"uv": [8, 13.5, 8.5, 15], "texture": "#2"},
				"west": {"uv": [8, 15, 8.5, 13.5], "rotation": 180, "texture": "#2"},
				"up": {"uv": [8, 14, 8.5, 13.5], "rotation": 270, "texture": "#2"},
				"down": {"uv": [8.5, 15, 8, 14.5], "rotation": 270, "texture": "#2"}
			}
		},
		{
			"name": "juel_31",
			"from": [15.96, -5.83686, 8.17828],
			"to": [16.47, -3.79686, 8.68828],
			"rotation": {"angle": -45, "axis": "x", "origin": [16.215, 1.23939, 1.61203]},
			"faces": {
				"north": {"uv": [0.5, 14, 1, 16], "texture": "#2"},
				"east": {"uv": [0.5, 14, 1, 16], "texture": "#2"},
				"south": {"uv": [0.5, 14, 1, 16], "texture": "#2"},
				"west": {"uv": [0.5, 16, 1, 14], "rotation": 180, "texture": "#2"},
				"up": {"uv": [0.5, 14.5, 1, 14], "rotation": 270, "texture": "#2"},
				"down": {"uv": [1, 16, 0.5, 15.5], "rotation": 270, "texture": "#2"}
			}
		},
		{
			"name": "juel_32",
			"from": [15.96, -5.32686, 5.62828],
			"to": [16.47, -3.79686, 6.13828],
			"rotation": {"angle": -45, "axis": "x", "origin": [16.215, 1.23939, 1.61203]},
			"faces": {
				"north": {"uv": [3, 14, 3.5, 15.5], "texture": "#2"},
				"east": {"uv": [3, 14, 3.5, 15.5], "texture": "#2"},
				"south": {"uv": [3, 14, 3.5, 15.5], "texture": "#2"},
				"west": {"uv": [3, 15.5, 3.5, 14], "rotation": 180, "texture": "#2"},
				"up": {"uv": [3, 14.5, 3.5, 14], "rotation": 270, "texture": "#2"},
				"down": {"uv": [3.5, 15.5, 3, 15], "rotation": 270, "texture": "#2"}
			}
		},
		{
			"name": "juel_33",
			"from": [15.96, -4.30686, 2.05828],
			"to": [16.47, -3.79686, 3.07828],
			"rotation": {"angle": -45, "axis": "x", "origin": [16.215, 1.23939, 1.61203]},
			"faces": {
				"north": {"uv": [6.5, 14, 7, 14.5], "texture": "#2"},
				"east": {"uv": [6, 14, 7, 14.5], "texture": "#2"},
				"south": {"uv": [6, 14, 6.5, 14.5], "texture": "#2"},
				"west": {"uv": [6, 14.5, 7, 14], "rotation": 180, "texture": "#2"},
				"up": {"uv": [6, 14.5, 7, 14], "rotation": 270, "texture": "#2"},
				"down": {"uv": [7, 14.5, 6, 14], "rotation": 270, "texture": "#2"}
			}
		},
		{
			"name": "juel_34",
			"from": [15.96, -5.83686, 8.68828],
			"to": [16.47, -4.30686, 9.19828],
			"rotation": {"angle": -45, "axis": "x", "origin": [16.215, 1.23939, 1.61203]},
			"faces": {
				"north": {"uv": [0, 14.5, 0.5, 16], "texture": "#2"},
				"east": {"uv": [0, 14.5, 0.5, 16], "texture": "#2"},
				"south": {"uv": [0, 14.5, 0.5, 16], "texture": "#2"},
				"west": {"uv": [0, 16, 0.5, 14.5], "rotation": 180, "texture": "#2"},
				"up": {"uv": [0, 15, 0.5, 14.5], "rotation": 270, "texture": "#2"},
				"down": {"uv": [0.5, 16, 0, 15.5], "rotation": 270, "texture": "#2"}
			}
		},
		{
			"name": "juel_35",
			"from": [15.96, -4.81686, 1.03828],
			"to": [16.47, -4.30686, 1.54828],
			"rotation": {"angle": -45, "axis": "x", "origin": [16.215, 1.23939, 1.61203]},
			"faces": {
				"north": {"uv": [7.5, 14.5, 8, 15], "texture": "#2"},
				"east": {"uv": [7.5, 14.5, 8, 15], "texture": "#2"},
				"south": {"uv": [7.5, 14.5, 8, 15], "texture": "#2"},
				"west": {"uv": [7.5, 15, 8, 14.5], "rotation": 180, "texture": "#2"},
				"up": {"uv": [7.5, 15, 8, 14.5], "rotation": 270, "texture": "#2"},
				"down": {"uv": [8, 15, 7.5, 14.5], "rotation": 270, "texture": "#2"}
			}
		}
	],
	"display": {
		"thirdperson_righthand": {
			"rotation": [90, 0, 0],
			"translation": [-11, -2, 6],
			"scale": [1.52, 1.52, 1.52]
		}
	},
	"groups": [
		0,
		1,
		2,
		3,
		4,
		5,
		6,
		7,
		8,
		9,
		10,
		11,
		12,
		13,
		14,
		15,
		16,
		17,
		18,
		19,
		20,
		21,
		22,
		23,
		24,
		25,
		26,
		27,
		28,
		29,
		30,
		31,
		32,
		33,
		34,
		35,
		36,
		{
			"name": "juel",
			"origin": [8, 8, 8],
			"color": 0,
			"children": []
		}
	]
}