{
    "providers": [
        {
            "type": "ttf",
            "file": "minecraft:negative_spaces.ttf",
            "shift": [0.0, 0.0],
            "size": 10.0,
            "oversample": 1.0
        },
        {
            "type": "bitmap",
            "file": "minecraft:font/desktop.png",
            "ascent": -4,
            "height": 108,
            "chars": [
                "\uE000"
            ]
        },
        {
            "type": "bitmap",
            "file": "minecraft:font/virtual_os.png",
            "ascent": 11,
            "height": 18,
            "chars": [
                "\uE001"
            ]
        }
    ]
}