{
    "providers": [
        {
            "type": "bitmap",
            "file": "minecraft:font/icon.png",
            "ascent": 8,
            "height": 9,
            "chars": [
                "\uE010\uE011\uE012\uE013",
                "\uE014\uE015\uE016\uE017",
                "\uE018\uE019\uE01A\uE01B",
                "\uE01C\uE01D\uE01E\uE01F"
            ]
        },
        {
            "type": "bitmap",
            "file": "minecraft:font/status/resist_info.png",
            "ascent": 8,
            "height": 9,
            "chars": [
                "a",
                "b",
                "c",
                "d",
                "e",
                "f",
                "g",
                "h",
                "i",
                "j",
                "k"
            ]
        }
    ]
}