{
	"credit": "Made with Blockbench",
	"texture_size": [48, 48],
	"textures": {
		"1": "item/sacred_treasure/shield/967/texture2"
	},
	"elements": [
		{
			"from": [1, 12.5, 8.5],
			"to": [15, 22.5, 9.5],
			"rotation": {"angle": 0, "axis": "y", "origin": [9, 3.5, 15.75]},
			"faces": {
				"north": {"uv": [0, 0, 4.66667, 3.33333], "texture": "#1"},
				"east": {"uv": [0, 8.33333, 0.33333, 11.66667], "texture": "#1"},
				"south": {"uv": [0, 3.33333, 4.66667, 6.66667], "texture": "#1"},
				"west": {"uv": [0.33333, 8.33333, 0.66667, 11.66667], "texture": "#1"},
				"up": {"uv": [8, 7.66667, 3.33333, 7.33333], "texture": "#1"},
				"down": {"uv": [8, 7.66667, 3.33333, 8], "texture": "#1"}
			}
		},
		{
			"from": [2, 22.5, 8.5],
			"to": [14, 26.5, 9.5],
			"rotation": {"angle": 0, "axis": "y", "origin": [9, 3.5, 15.75]},
			"faces": {
				"north": {"uv": [4.66667, 4.66667, 8.66667, 6], "texture": "#1"},
				"east": {"uv": [7.66667, 8.66667, 8, 10], "texture": "#1"},
				"south": {"uv": [4.66667, 6, 8.66667, 7.33333], "texture": "#1"},
				"west": {"uv": [8, 8.66667, 8.33333, 10], "texture": "#1"},
				"up": {"uv": [7.33333, 8.33333, 3.33333, 8], "texture": "#1"},
				"down": {"uv": [11.33333, 8, 7.33333, 8.33333], "texture": "#1"}
			}
		},
		{
			"from": [2, 5.5, 8.5],
			"to": [14, 12.5, 9.5],
			"rotation": {"angle": 0, "axis": "y", "origin": [9, 3.5, 15.75]},
			"faces": {
				"north": {"uv": [4.66667, 0, 8.66667, 2.33333], "texture": "#1"},
				"east": {"uv": [8.66667, 3, 9, 5.33333], "texture": "#1"},
				"south": {"uv": [4.66667, 2.33333, 8.66667, 4.66667], "texture": "#1"},
				"west": {"uv": [5.33333, 8.66667, 5.66667, 11], "texture": "#1"},
				"up": {"uv": [12, 7.66667, 8, 7.33333], "texture": "#1"},
				"down": {"uv": [12, 7.66667, 8, 8], "texture": "#1"}
			}
		},
		{
			"from": [4, 3.5, 8.5],
			"to": [12, 4.5, 9.5],
			"rotation": {"angle": 0, "axis": "y", "origin": [9, 3.5, 15.75]},
			"faces": {
				"north": {"uv": [8.66667, 2, 11.33333, 2.33333], "texture": "#1"},
				"east": {"uv": [8.66667, 7, 9, 7.33333], "texture": "#1"},
				"south": {"uv": [8.66667, 2.33333, 11.33333, 2.66667], "texture": "#1"},
				"west": {"uv": [8.33333, 8.66667, 8.66667, 9], "texture": "#1"},
				"up": {"uv": [5.33333, 9, 2.66667, 8.66667], "texture": "#1"},
				"down": {"uv": [11.33333, 2.66667, 8.66667, 3], "texture": "#1"}
			}
		},
		{
			"from": [5, 2.5, 8.5],
			"to": [11, 3.5, 9.5],
			"rotation": {"angle": 0, "axis": "y", "origin": [9, 3.5, 15.75]},
			"faces": {
				"north": {"uv": [8.66667, 5.33333, 10.66667, 5.66667], "texture": "#1"},
				"east": {"uv": [8.66667, 8.66667, 9, 9], "texture": "#1"},
				"south": {"uv": [5.66667, 8.66667, 7.66667, 9], "texture": "#1"},
				"west": {"uv": [2.66667, 9, 3, 9.33333], "texture": "#1"},
				"up": {"uv": [10.66667, 6, 8.66667, 5.66667], "texture": "#1"},
				"down": {"uv": [10.66667, 6, 8.66667, 6.33333], "texture": "#1"}
			}
		},
		{
			"from": [6, 1.5, 8.5],
			"to": [10, 2.5, 9.5],
			"rotation": {"angle": 0, "axis": "y", "origin": [9, 3.5, 15.75]},
			"faces": {
				"north": {"uv": [3.33333, 6.66667, 4.66667, 7], "texture": "#1"},
				"east": {"uv": [3, 9, 3.33333, 9.33333], "texture": "#1"},
				"south": {"uv": [3.33333, 7, 4.66667, 7.33333], "texture": "#1"},
				"west": {"uv": [9, 3, 9.33333, 3.33333], "texture": "#1"},
				"up": {"uv": [10, 6.66667, 8.66667, 6.33333], "texture": "#1"},
				"down": {"uv": [10, 6.66667, 8.66667, 7], "texture": "#1"}
			}
		},
		{
			"from": [3, 4.5, 8.5],
			"to": [13, 5.5, 9.5],
			"rotation": {"angle": 0, "axis": "y", "origin": [9, 3.5, 15.75]},
			"faces": {
				"north": {"uv": [0.66667, 8.33333, 4, 8.66667], "texture": "#1"},
				"east": {"uv": [3.33333, 9, 3.66667, 9.33333], "texture": "#1"},
				"south": {"uv": [4, 8.33333, 7.33333, 8.66667], "texture": "#1"},
				"west": {"uv": [9, 3.33333, 9.33333, 3.66667], "texture": "#1"},
				"up": {"uv": [10.66667, 8.66667, 7.33333, 8.33333], "texture": "#1"},
				"down": {"uv": [12, 0, 8.66667, 0.33333], "texture": "#1"}
			}
		},
		{
			"from": [7, 12.5, 3.5],
			"to": [9, 17.5, 8.5],
			"rotation": {"angle": 0, "axis": "y", "origin": [14, 18.5, 13.25]},
			"faces": {
				"north": {"uv": [8.66667, 0.33333, 9.33333, 2], "texture": "#1"},
				"east": {"uv": [0, 6.66667, 1.66667, 8.33333], "texture": "#1"},
				"south": {"uv": [0.66667, 8.66667, 1.33333, 10.33333], "texture": "#1"},
				"west": {"uv": [1.66667, 6.66667, 3.33333, 8.33333], "texture": "#1"},
				"up": {"uv": [2, 10.33333, 1.33333, 8.66667], "texture": "#1"},
				"down": {"uv": [2.66667, 8.66667, 2, 10.33333], "texture": "#1"}
			}
		}
	],
	"gui_light": "front",
	"display": {
		"thirdperson_righthand": {
			"rotation": [0, 90, 2],
			"translation": [2.5, -10.75, 4],
			"scale": [1.25, 1.25, 1.25]
		},
		"thirdperson_lefthand": {
			"rotation": [0, 90, 2],
			"translation": [2.5, -10.75, 4],
			"scale": [1.25, 1.25, 1.25]
		},
		"firstperson_righthand": {
			"rotation": [0, 180, 5],
			"translation": [0, -15, -1.25],
			"scale": [1.25, 1.25, 1.25]
		},
		"firstperson_lefthand": {
			"rotation": [0, 180, 5],
			"translation": [0, -15, -1.25],
			"scale": [1.25, 1.25, 1.25]
		},
		"ground": {
			"scale": [0.3, 0.3, 0.3]
		},
		"gui": {
			"rotation": [15, -25, -5],
			"translation": [0, -3.75, 0],
			"scale": [0.6, 0.6, 0.6]
		},
		"fixed": {
			"rotation": [0, 180, 0],
			"translation": [0, -4, 0],
			"scale": [0.7, 0.7, 0.7]
		}
	}
}