{
	"credit": "Made with Blockbench",
	"texture_size": [64, 64],
	"textures": {
		"0": "item/other/painting/20003/5",
		"1": "item/other/painting/20003/texture",
		"particle": "item/other/painting/20003/5"
	},
	"elements": [
		{
			"from": [-4.5, -10.75, 7.625],
			"to": [20.5, 26.75, 10.125],
			"rotation": {"angle": 0, "axis": "y", "origin": [-4.5, -10.75, 6.375]},
			"faces": {
				"north": {"uv": [1.875, 0, 11.875, 15], "texture": "#0"},
				"east": {"uv": [0, 0, 0.25, 4], "texture": "#missing"},
				"south": {"uv": [0, 0, 2.5, 4], "texture": "#missing"},
				"west": {"uv": [0, 0, 0.25, 4], "texture": "#missing"},
				"up": {"uv": [0, 0, 2.5, 0.25], "texture": "#missing"},
				"down": {"uv": [0, 0, 2.5, 0.25], "texture": "#missing"}
			}
		},
		{
			"from": [-9.5, -15.75, 6.375],
			"to": [-4.5, 31.75, 8.875],
			"rotation": {"angle": 0, "axis": "y", "origin": [-7, -13.25, 6.375]},
			"faces": {
				"north": {"uv": [0, 4.25, 0.5, 9], "texture": "#1"},
				"east": {"uv": [2, 5.25, 2.25, 10], "texture": "#1"},
				"south": {"uv": [0.5, 4.25, 1, 9], "texture": "#1"},
				"west": {"uv": [2.25, 5.25, 2.5, 10], "texture": "#1"},
				"up": {"uv": [6.5, 1, 6, 0.75], "texture": "#1"},
				"down": {"uv": [6.5, 1, 6, 1.25], "texture": "#1"}
			}
		},
		{
			"from": [20.5, -15.75, 6.375],
			"to": [25.5, 31.75, 8.875],
			"rotation": {"angle": 0, "axis": "y", "origin": [-7, -13.25, 6.375]},
			"faces": {
				"north": {"uv": [1, 4.25, 1.5, 9], "texture": "#1"},
				"east": {"uv": [2.5, 5.25, 2.75, 10], "texture": "#1"},
				"south": {"uv": [1.5, 4.25, 2, 9], "texture": "#1"},
				"west": {"uv": [2.75, 5.25, 3, 10], "texture": "#1"},
				"up": {"uv": [6.5, 1.5, 6, 1.25], "texture": "#1"},
				"down": {"uv": [6.5, 1.5, 6, 1.75], "texture": "#1"}
			}
		},
		{
			"from": [-7, -13.25, 8.875],
			"to": [23, 29.25, 11.375],
			"rotation": {"angle": 0, "axis": "y", "origin": [-7, -13.25, 6.375]},
			"faces": {
				"north": {"uv": [0, 0, 3, 4.25], "texture": "#1"},
				"east": {"uv": [3, 5.25, 3.25, 9.5], "texture": "#1"},
				"south": {"uv": [3, 0, 6, 4.25], "texture": "#1"},
				"west": {"uv": [3.25, 5.25, 3.5, 9.5], "texture": "#1"},
				"up": {"uv": [6.5, 5.5, 3.5, 5.25], "texture": "#1"},
				"down": {"uv": [6.5, 5.5, 3.5, 5.75], "texture": "#1"}
			}
		},
		{
			"from": [-4.5, 26.75, 6.375],
			"to": [20.5, 31.75, 8.875],
			"rotation": {"angle": 0, "axis": "y", "origin": [-7, -13.25, 6.375]},
			"faces": {
				"north": {"uv": [2, 4.25, 4.5, 4.75], "texture": "#1"},
				"east": {"uv": [6, 1.75, 6.25, 2.25], "texture": "#1"},
				"south": {"uv": [4.5, 4.25, 7, 4.75], "texture": "#1"},
				"west": {"uv": [6, 2.25, 6.25, 2.75], "texture": "#1"},
				"up": {"uv": [6, 6, 3.5, 5.75], "texture": "#1"},
				"down": {"uv": [8.5, 0, 6, 0.25], "texture": "#1"}
			}
		},
		{
			"from": [-4.5, -15.75, 6.375],
			"to": [20.5, -10.75, 8.875],
			"rotation": {"angle": 0, "axis": "y", "origin": [-7, -13.25, 6.375]},
			"faces": {
				"north": {"uv": [2, 4.75, 4.5, 5.25], "texture": "#1"},
				"east": {"uv": [6, 2.75, 6.25, 3.25], "texture": "#1"},
				"south": {"uv": [4.5, 4.75, 7, 5.25], "texture": "#1"},
				"west": {"uv": [6, 3.25, 6.25, 3.75], "texture": "#1"},
				"up": {"uv": [8.5, 0.5, 6, 0.25], "texture": "#1"},
				"down": {"uv": [8.5, 0.5, 6, 0.75], "texture": "#1"}
			}
		}
	],
	"display": {
		"head": {
			"translation": [0, -6.75, -13.25],
			"scale": [1.8, 1.8, 1.8]
		}
	}
}