{
    "credit": "Made with Blockbench",
    "parent": "minecraft:block/cube_all",
    "elements": [
        {
            "from": [
                0,
                0,
                0
            ],
            "to": [
                0,
                0,
                0
            ],
            "color": 3,
            "faces": {
                "north": {
                    "uv": [
                        0,
                        0,
                        0,
                        0
                    ],
                    "texture": "#missing"
                },
                "east": {
                    "uv": [
                        0,
                        0,
                        0,
                        0
                    ],
                    "texture": "#missing"
                },
                "south": {
                    "uv": [
                        0,
                        0,
                        0,
                        0
                    ],
                    "texture": "#missing"
                },
                "west": {
                    "uv": [
                        0,
                        0,
                        0,
                        0
                    ],
                    "texture": "#missing"
                },
                "up": {
                    "uv": [
                        0,
                        0,
                        0,
                        0
                    ],
                    "texture": "#missing"
                },
                "down": {
                    "uv": [
                        0,
                        0,
                        0,
                        0
                    ],
                    "texture": "#missing"
                }
            }
        }
    ],
    "display": {}
}