{
	"credit": "Made with Blockbench",
	"textures": {
		"0": "item/mob/stone/20037/angel",
		"2": "item/mob/stone/20037/rod",
		"particle": "item/mob/stone/20037/angel"
	},
	"elements": [
		{
			"name": "right_arm",
			"from": [12, 11.5, 6],
			"to": [15, 23.5, 10],
			"faces": {
				"north": {"uv": [11, 5, 11.75, 8], "texture": "#0"},
				"east": {"uv": [10, 5, 11, 8], "texture": "#0"},
				"south": {"uv": [12.75, 5, 13.5, 8], "texture": "#0"},
				"west": {"uv": [11.75, 5, 12.75, 8], "texture": "#0"},
				"up": {"uv": [11.75, 5, 11, 4], "texture": "#0"},
				"down": {"uv": [12.5, 4, 11.75, 5], "texture": "#0"}
			}
		},
		{
			"name": "right_arm_2nd_layer",
			"from": [11.5, 11, 5.5],
			"to": [15.5, 24, 10.5],
			"faces": {
				"north": {"uv": [10.75, 9, 11.5, 12], "texture": "#0"},
				"east": {"uv": [10, 9, 11, 12], "texture": "#0"},
				"south": {"uv": [12.75, 9, 13.5, 12], "texture": "#0"},
				"west": {"uv": [11.75, 9, 12.75, 12], "texture": "#0"},
				"up": {"uv": [11.75, 9, 11, 8], "texture": "#0"},
				"down": {"uv": [12.5, 8, 11.75, 9], "texture": "#0"}
			}
		},
		{
			"name": "rod_0",
			"from": [12.6, 19.6, -9.8],
			"to": [13.4, 23.6, -7.4],
			"rotation": {"angle": -45, "axis": "x", "origin": [18, 15.66154, -0.04615]},
			"faces": {
				"north": {"uv": [11, 0, 11.5, 2.5], "texture": "#2"},
				"east": {"uv": [10, 0, 11.5, 2.5], "texture": "#2"},
				"south": {"uv": [10, 0, 10.5, 2.5], "texture": "#2"},
				"west": {"uv": [10, 2.5, 11.5, 0], "rotation": 180, "texture": "#2"},
				"up": {"uv": [11.5, 0, 10, 0.5], "rotation": 90, "texture": "#2"},
				"down": {"uv": [10, 2, 11.5, 2.5], "rotation": 90, "texture": "#2"}
			}
		},
		{
			"name": "rod_1",
			"from": [12.6, 16.4, -7.4],
			"to": [13.4, 22.8, -6.6],
			"rotation": {"angle": -45, "axis": "x", "origin": [18, 15.66154, -0.04615]},
			"faces": {
				"north": {"uv": [9.5, 0.5, 10, 4.5], "texture": "#2"},
				"east": {"uv": [9.5, 0.5, 10, 4.5], "texture": "#2"},
				"south": {"uv": [9.5, 0.5, 10, 4.5], "texture": "#2"},
				"west": {"uv": [9.5, 4.5, 10, 0.5], "rotation": 180, "texture": "#2"},
				"up": {"uv": [10, 0.5, 9.5, 1], "rotation": 90, "texture": "#2"},
				"down": {"uv": [9.5, 4, 10, 4.5], "rotation": 90, "texture": "#2"}
			}
		},
		{
			"name": "rod_2",
			"from": [12.6, 20.4, -10.6],
			"to": [13.4, 22.8, -9.8],
			"rotation": {"angle": -45, "axis": "x", "origin": [18, 15.66154, -0.04615]},
			"faces": {
				"north": {"uv": [11.5, 0.5, 12, 2], "texture": "#2"},
				"east": {"uv": [11.5, 0.5, 12, 2], "texture": "#2"},
				"south": {"uv": [11.5, 0.5, 12, 2], "texture": "#2"},
				"west": {"uv": [11.5, 2, 12, 0.5], "rotation": 180, "texture": "#2"},
				"up": {"uv": [12, 0.5, 11.5, 1], "rotation": 90, "texture": "#2"},
				"down": {"uv": [11.5, 1.5, 12, 2], "rotation": 90, "texture": "#2"}
			}
		},
		{
			"name": "rod_3",
			"from": [12.6, 14.8, -6.6],
			"to": [13.4, 22, -5.8],
			"rotation": {"angle": -45, "axis": "x", "origin": [18, 15.66154, -0.04615]},
			"faces": {
				"north": {"uv": [9, 1, 9.5, 5.5], "texture": "#2"},
				"east": {"uv": [9, 1, 9.5, 5.5], "texture": "#2"},
				"south": {"uv": [9, 1, 9.5, 5.5], "texture": "#2"},
				"west": {"uv": [9, 5.5, 9.5, 1], "rotation": 180, "texture": "#2"},
				"up": {"uv": [9.5, 1, 9, 1.5], "rotation": 90, "texture": "#2"},
				"down": {"uv": [9, 5, 9.5, 5.5], "rotation": 90, "texture": "#2"}
			}
		},
		{
			"name": "rod_4",
			"from": [12.6, 14.8, -5.8],
			"to": [13.4, 21.2, -4.2],
			"rotation": {"angle": -45, "axis": "x", "origin": [18, 15.66154, -0.04615]},
			"faces": {
				"north": {"uv": [8.5, 1.5, 9, 5.5], "texture": "#2"},
				"east": {"uv": [8, 1.5, 9, 5.5], "texture": "#2"},
				"south": {"uv": [8, 1.5, 8.5, 5.5], "texture": "#2"},
				"west": {"uv": [8, 5.5, 9, 1.5], "rotation": 180, "texture": "#2"},
				"up": {"uv": [9, 1.5, 8, 2], "rotation": 90, "texture": "#2"},
				"down": {"uv": [8, 5, 9, 5.5], "rotation": 90, "texture": "#2"}
			}
		},
		{
			"name": "rod_5",
			"from": [12.6, 14, -4.2],
			"to": [13.4, 20.4, -3.4],
			"rotation": {"angle": -45, "axis": "x", "origin": [18, 15.66154, -0.04615]},
			"faces": {
				"north": {"uv": [7.5, 2, 8, 6], "texture": "#2"},
				"east": {"uv": [7.5, 2, 8, 6], "texture": "#2"},
				"south": {"uv": [7.5, 2, 8, 6], "texture": "#2"},
				"west": {"uv": [7.5, 6, 8, 2], "rotation": 180, "texture": "#2"},
				"up": {"uv": [8, 2, 7.5, 2.5], "rotation": 90, "texture": "#2"},
				"down": {"uv": [7.5, 5.5, 8, 6], "rotation": 90, "texture": "#2"}
			}
		},
		{
			"name": "rod_6",
			"from": [12.6, 14, -3.4],
			"to": [13.4, 19.6, -1.8],
			"rotation": {"angle": -45, "axis": "x", "origin": [18, 15.66154, -0.04615]},
			"faces": {
				"north": {"uv": [7, 2.5, 7.5, 6], "texture": "#2"},
				"east": {"uv": [6.5, 2.5, 7.5, 6], "texture": "#2"},
				"south": {"uv": [6.5, 2.5, 7, 6], "texture": "#2"},
				"west": {"uv": [6.5, 6, 7.5, 2.5], "rotation": 180, "texture": "#2"},
				"up": {"uv": [7.5, 2.5, 6.5, 3], "rotation": 90, "texture": "#2"},
				"down": {"uv": [6.5, 5.5, 7.5, 6], "rotation": 90, "texture": "#2"}
			}
		},
		{
			"name": "rod_7",
			"from": [12.6, 18.8, -9],
			"to": [13.4, 19.6, -7.4],
			"rotation": {"angle": -45, "axis": "x", "origin": [18, 15.66154, -0.04615]},
			"faces": {
				"north": {"uv": [10.5, 2.5, 11, 3], "texture": "#2"},
				"east": {"uv": [10, 2.5, 11, 3], "texture": "#2"},
				"south": {"uv": [10, 2.5, 10.5, 3], "texture": "#2"},
				"west": {"uv": [10, 3, 11, 2.5], "rotation": 180, "texture": "#2"},
				"up": {"uv": [11, 2.5, 10, 3], "rotation": 90, "texture": "#2"},
				"down": {"uv": [10, 2.5, 11, 3], "rotation": 90, "texture": "#2"}
			}
		},
		{
			"name": "rod_8",
			"from": [12.6, 17.2, -8.2],
			"to": [13.4, 18.8, -7.4],
			"rotation": {"angle": -45, "axis": "x", "origin": [18, 15.66154, -0.04615]},
			"faces": {
				"north": {"uv": [10, 3, 10.5, 4], "texture": "#2"},
				"east": {"uv": [10, 3, 10.5, 4], "texture": "#2"},
				"south": {"uv": [10, 3, 10.5, 4], "texture": "#2"},
				"west": {"uv": [10, 4, 10.5, 3], "rotation": 180, "texture": "#2"},
				"up": {"uv": [10.5, 3, 10, 3.5], "rotation": 90, "texture": "#2"},
				"down": {"uv": [10, 3.5, 10.5, 4], "rotation": 90, "texture": "#2"}
			}
		},
		{
			"name": "rod_9",
			"from": [12.6, 13.2, -1.8],
			"to": [13.4, 18, -1],
			"rotation": {"angle": -45, "axis": "x", "origin": [18, 15.66154, -0.04615]},
			"faces": {
				"north": {"uv": [6, 3.5, 6.5, 6.5], "texture": "#2"},
				"east": {"uv": [6, 3.5, 6.5, 6.5], "texture": "#2"},
				"south": {"uv": [6, 3.5, 6.5, 6.5], "texture": "#2"},
				"west": {"uv": [6, 6.5, 6.5, 3.5], "rotation": 180, "texture": "#2"},
				"up": {"uv": [6.5, 3.5, 6, 4], "rotation": 90, "texture": "#2"},
				"down": {"uv": [6, 6, 6.5, 6.5], "rotation": 90, "texture": "#2"}
			}
		},
		{
			"name": "rod_10",
			"from": [12.6, 13.2, 2.2],
			"to": [13.4, 15.6, 3.8],
			"rotation": {"angle": -45, "axis": "x", "origin": [18, 15.66154, -0.04615]},
			"faces": {
				"north": {"uv": [3.5, 5, 4, 6.5], "texture": "#2"},
				"east": {"uv": [3, 5, 4, 6.5], "texture": "#2"},
				"south": {"uv": [3, 5, 3.5, 6.5], "texture": "#2"},
				"west": {"uv": [3, 6.5, 4, 5], "rotation": 180, "texture": "#2"},
				"up": {"uv": [4, 5, 3, 5.5], "rotation": 90, "texture": "#2"},
				"down": {"uv": [3, 6, 4, 6.5], "rotation": 90, "texture": "#2"}
			}
		},
		{
			"name": "rod_11",
			"from": [12.6, 9.2, -1],
			"to": [13.4, 15.6, -0.2],
			"rotation": {"angle": -45, "axis": "x", "origin": [18, 15.66154, -0.04615]},
			"faces": {
				"north": {"uv": [5.5, 5, 6, 9], "texture": "#2"},
				"east": {"uv": [5.5, 5, 6, 9], "texture": "#2"},
				"south": {"uv": [5.5, 5, 6, 9], "texture": "#2"},
				"west": {"uv": [5.5, 9, 6, 5], "rotation": 180, "texture": "#2"},
				"up": {"uv": [6, 5, 5.5, 5.5], "rotation": 90, "texture": "#2"},
				"down": {"uv": [5.5, 8.5, 6, 9], "rotation": 90, "texture": "#2"}
			}
		},
		{
			"name": "rod_12",
			"from": [12.6, 14, 3.8],
			"to": [13.4, 14.8, 4.6],
			"rotation": {"angle": -45, "axis": "x", "origin": [18, 15.66154, -0.04615]},
			"faces": {
				"north": {"uv": [2.5, 5.5, 3, 6], "texture": "#2"},
				"east": {"uv": [2.5, 5.5, 3, 6], "texture": "#2"},
				"south": {"uv": [2.5, 5.5, 3, 6], "texture": "#2"},
				"west": {"uv": [2.5, 6, 3, 5.5], "rotation": 180, "texture": "#2"},
				"up": {"uv": [3, 5.5, 2.5, 6], "rotation": 90, "texture": "#2"},
				"down": {"uv": [2.5, 5.5, 3, 6], "rotation": 90, "texture": "#2"}
			}
		},
		{
			"name": "rod_13",
			"from": [12.6, 10, 0.6],
			"to": [13.4, 14.8, 2.2],
			"rotation": {"angle": -45, "axis": "x", "origin": [18, 15.66154, -0.04615]},
			"faces": {
				"north": {"uv": [4.5, 5.5, 5, 8.5], "texture": "#2"},
				"east": {"uv": [4, 5.5, 5, 8.5], "texture": "#2"},
				"south": {"uv": [4, 5.5, 4.5, 8.5], "texture": "#2"},
				"west": {"uv": [4, 8.5, 5, 5.5], "rotation": 180, "texture": "#2"},
				"up": {"uv": [5, 5.5, 4, 6], "rotation": 90, "texture": "#2"},
				"down": {"uv": [4, 8, 5, 8.5], "rotation": 90, "texture": "#2"}
			}
		},
		{
			"name": "rod_14",
			"from": [12.6, 14, -5],
			"to": [13.4, 14.8, -4.2],
			"rotation": {"angle": -45, "axis": "x", "origin": [18, 15.66154, -0.04615]},
			"faces": {
				"north": {"uv": [8, 5.5, 8.5, 6], "texture": "#2"},
				"east": {"uv": [8, 5.5, 8.5, 6], "texture": "#2"},
				"south": {"uv": [8, 5.5, 8.5, 6], "texture": "#2"},
				"west": {"uv": [8, 6, 8.5, 5.5], "rotation": 180, "texture": "#2"},
				"up": {"uv": [8.5, 5.5, 8, 6], "rotation": 90, "texture": "#2"},
				"down": {"uv": [8, 5.5, 8.5, 6], "rotation": 90, "texture": "#2"}
			}
		},
		{
			"name": "rod_15",
			"from": [12.6, 10, -0.2],
			"to": [13.4, 14, 0.6],
			"rotation": {"angle": -45, "axis": "x", "origin": [18, 15.66154, -0.04615]},
			"faces": {
				"north": {"uv": [5, 6, 5.5, 8.5], "texture": "#2"},
				"east": {"uv": [5, 6, 5.5, 8.5], "texture": "#2"},
				"south": {"uv": [5, 6, 5.5, 8.5], "texture": "#2"},
				"west": {"uv": [5, 8.5, 5.5, 6], "rotation": 180, "texture": "#2"},
				"up": {"uv": [5.5, 6, 5, 6.5], "rotation": 90, "texture": "#2"},
				"down": {"uv": [5, 8, 5.5, 8.5], "rotation": 90, "texture": "#2"}
			}
		},
		{
			"name": "rod_16",
			"from": [12.6, 13.2, -2.6],
			"to": [13.4, 14, -1.8],
			"rotation": {"angle": -45, "axis": "x", "origin": [18, 15.66154, -0.04615]},
			"faces": {
				"north": {"uv": [6.5, 6, 7, 6.5], "texture": "#2"},
				"east": {"uv": [6.5, 6, 7, 6.5], "texture": "#2"},
				"south": {"uv": [6.5, 6, 7, 6.5], "texture": "#2"},
				"west": {"uv": [6.5, 6.5, 7, 6], "rotation": 180, "texture": "#2"},
				"up": {"uv": [7, 6, 6.5, 6.5], "rotation": 90, "texture": "#2"},
				"down": {"uv": [6.5, 6, 7, 6.5], "rotation": 90, "texture": "#2"}
			}
		},
		{
			"name": "rod_17",
			"from": [12.6, 9.2, 2.2],
			"to": [13.4, 13.2, 3],
			"rotation": {"angle": -45, "axis": "x", "origin": [18, 15.66154, -0.04615]},
			"faces": {
				"north": {"uv": [3.5, 6.5, 4, 9], "texture": "#2"},
				"east": {"uv": [3.5, 6.5, 4, 9], "texture": "#2"},
				"south": {"uv": [3.5, 6.5, 4, 9], "texture": "#2"},
				"west": {"uv": [3.5, 9, 4, 6.5], "rotation": 180, "texture": "#2"},
				"up": {"uv": [4, 6.5, 3.5, 7], "rotation": 90, "texture": "#2"},
				"down": {"uv": [3.5, 8.5, 4, 9], "rotation": 90, "texture": "#2"}
			}
		},
		{
			"name": "rod_18",
			"from": [12.6, 8.4, -1.8],
			"to": [13.4, 12.4, -1],
			"rotation": {"angle": -45, "axis": "x", "origin": [18, 15.66154, -0.04615]},
			"faces": {
				"north": {"uv": [6, 7, 6.5, 9.5], "texture": "#2"},
				"east": {"uv": [6, 7, 6.5, 9.5], "texture": "#2"},
				"south": {"uv": [6, 7, 6.5, 9.5], "texture": "#2"},
				"west": {"uv": [6, 9.5, 6.5, 7], "rotation": 180, "texture": "#2"},
				"up": {"uv": [6.5, 7, 6, 7.5], "rotation": 90, "texture": "#2"},
				"down": {"uv": [6, 9, 6.5, 9.5], "rotation": 90, "texture": "#2"}
			}
		},
		{
			"name": "rod_19",
			"from": [12.6, 8.4, 3],
			"to": [13.4, 10.8, 3.8],
			"rotation": {"angle": -45, "axis": "x", "origin": [18, 15.66154, -0.04615]},
			"faces": {
				"north": {"uv": [3, 8, 3.5, 9.5], "texture": "#2"},
				"east": {"uv": [3, 8, 3.5, 9.5], "texture": "#2"},
				"south": {"uv": [3, 8, 3.5, 9.5], "texture": "#2"},
				"west": {"uv": [3, 9.5, 3.5, 8], "rotation": 180, "texture": "#2"},
				"up": {"uv": [3.5, 8, 3, 8.5], "rotation": 90, "texture": "#2"},
				"down": {"uv": [3, 9, 3.5, 9.5], "rotation": 90, "texture": "#2"}
			}
		},
		{
			"name": "rod_20",
			"from": [12.6, 9.2, -2.6],
			"to": [13.4, 10.8, -1.8],
			"rotation": {"angle": -45, "axis": "x", "origin": [18, 15.66154, -0.04615]},
			"faces": {
				"north": {"uv": [6.5, 8, 7, 9], "texture": "#2"},
				"east": {"uv": [6.5, 8, 7, 9], "texture": "#2"},
				"south": {"uv": [6.5, 8, 7, 9], "texture": "#2"},
				"west": {"uv": [6.5, 9, 7, 8], "rotation": 180, "texture": "#2"},
				"up": {"uv": [7, 8, 6.5, 8.5], "rotation": 90, "texture": "#2"},
				"down": {"uv": [6.5, 8.5, 7, 9], "rotation": 90, "texture": "#2"}
			}
		},
		{
			"name": "rod_21",
			"from": [12.6, 7.6, 3.8],
			"to": [13.4, 10, 4.6],
			"rotation": {"angle": -45, "axis": "x", "origin": [18, 15.66154, -0.04615]},
			"faces": {
				"north": {"uv": [2.5, 8.5, 3, 10], "texture": "#2"},
				"east": {"uv": [2.5, 8.5, 3, 10], "texture": "#2"},
				"south": {"uv": [2.5, 8.5, 3, 10], "texture": "#2"},
				"west": {"uv": [2.5, 10, 3, 8.5], "rotation": 180, "texture": "#2"},
				"up": {"uv": [3, 8.5, 2.5, 9], "rotation": 90, "texture": "#2"},
				"down": {"uv": [2.5, 9.5, 3, 10], "rotation": 90, "texture": "#2"}
			}
		},
		{
			"name": "rod_22",
			"from": [12.6, 6, 4.6],
			"to": [13.4, 9.2, 5.4],
			"rotation": {"angle": -45, "axis": "x", "origin": [18, 15.66154, -0.04615]},
			"faces": {
				"north": {"uv": [2, 9, 2.5, 11], "texture": "#2"},
				"east": {"uv": [2, 9, 2.5, 11], "texture": "#2"},
				"south": {"uv": [2, 9, 2.5, 11], "texture": "#2"},
				"west": {"uv": [2, 11, 2.5, 9], "rotation": 180, "texture": "#2"},
				"up": {"uv": [2.5, 9, 2, 9.5], "rotation": 90, "texture": "#2"},
				"down": {"uv": [2, 10.5, 2.5, 11], "rotation": 90, "texture": "#2"}
			}
		},
		{
			"name": "rod_23",
			"from": [12.6, 6, 5.4],
			"to": [13.4, 8.4, 7],
			"rotation": {"angle": -45, "axis": "x", "origin": [18, 15.66154, -0.04615]},
			"faces": {
				"north": {"uv": [1.5, 9.5, 2, 11], "texture": "#2"},
				"east": {"uv": [1, 9.5, 2, 11], "texture": "#2"},
				"south": {"uv": [1, 9.5, 1.5, 11], "texture": "#2"},
				"west": {"uv": [1, 11, 2, 9.5], "rotation": 180, "texture": "#2"},
				"up": {"uv": [2, 9.5, 1, 10], "rotation": 90, "texture": "#2"},
				"down": {"uv": [1, 10.5, 2, 11], "rotation": 90, "texture": "#2"}
			}
		},
		{
			"name": "rod_24",
			"from": [12.6, 4.4, 7],
			"to": [13.4, 6.8, 8.6],
			"rotation": {"angle": -45, "axis": "x", "origin": [18, 15.66154, -0.04615]},
			"faces": {
				"north": {"uv": [0.5, 10.5, 1, 12], "texture": "#2"},
				"east": {"uv": [0, 10.5, 1, 12], "texture": "#2"},
				"south": {"uv": [0, 10.5, 0.5, 12], "texture": "#2"},
				"west": {"uv": [0, 12, 1, 10.5], "rotation": 180, "texture": "#2"},
				"up": {"uv": [1, 10.5, 0, 11], "rotation": 90, "texture": "#2"},
				"down": {"uv": [0, 11.5, 1, 12], "rotation": 90, "texture": "#2"}
			}
		},
		{
			"name": "rod_25",
			"from": [12.6, 4.4, 6.2],
			"to": [13.4, 6, 7],
			"rotation": {"angle": -45, "axis": "x", "origin": [18, 15.66154, -0.04615]},
			"faces": {
				"north": {"uv": [1, 11, 1.5, 12], "texture": "#2"},
				"east": {"uv": [1, 11, 1.5, 12], "texture": "#2"},
				"south": {"uv": [1, 11, 1.5, 12], "texture": "#2"},
				"west": {"uv": [1, 12, 1.5, 11], "rotation": 180, "texture": "#2"},
				"up": {"uv": [1.5, 11, 1, 11.5], "rotation": 90, "texture": "#2"},
				"down": {"uv": [1, 11.5, 1.5, 12], "rotation": 90, "texture": "#2"}
			}
		}
	],
	"display": {
		"thirdperson_righthand": {
			"rotation": [90, 0, 0],
			"translation": [-6, -1.75, -3.5]
		},
		"thirdperson_lefthand": {
			"rotation": [90, 0, 0],
			"translation": [-6, -1.75, -3.5]
		},
		"head": {
			"translation": [0, -29, 0],
			"scale": [1.6, 1.6, 1.6]
		}
	},
	"groups": [
		{
			"name": "Arm",
			"origin": [0, 0, 0],
			"color": 0,
			"children": [0, 1]
		},
		{
			"name": "rod",
			"origin": [8, 8, 8],
			"color": 0,
			"children": [2, 3, 4, 5, 6, 7, 8, 9, 10, 11, 12, 13, 14, 15, 16, 17, 18, 19, 20, 21, 22, 23, 24, 25, 26, 27]
		}
	]
}