{
    "credit": "Made with Blockbench",
    "textures": {
        "0": "item/mob/stone/20035/angel",
        "particle": "item/mob/stone/20035/angel"
    },
    "elements": [
        {
            "name": "right_arm",
            "from": [
                12,
                11.5,
                6
            ],
            "to": [
                15,
                23.5,
                10
            ],
            "faces": {
                "north": {
                    "uv": [
                        11,
                        5,
                        11.75,
                        8
                    ],
                    "texture": "#0"
                },
                "east": {
                    "uv": [
                        10,
                        5,
                        11,
                        8
                    ],
                    "texture": "#0"
                },
                "south": {
                    "uv": [
                        12.75,
                        5,
                        13.5,
                        8
                    ],
                    "texture": "#0"
                },
                "west": {
                    "uv": [
                        11.75,
                        5,
                        12.75,
                        8
                    ],
                    "texture": "#0"
                },
                "up": {
                    "uv": [
                        11.75,
                        5,
                        11,
                        4
                    ],
                    "texture": "#0"
                },
                "down": {
                    "uv": [
                        12.5,
                        4,
                        11.75,
                        5
                    ],
                    "texture": "#0"
                }
            }
        },
        {
            "name": "right_arm_2nd_layer",
            "from": [
                11.5,
                11,
                5.5
            ],
            "to": [
                15.5,
                24,
                10.5
            ],
            "faces": {
                "north": {
                    "uv": [
                        10.75,
                        9,
                        11.5,
                        12
                    ],
                    "texture": "#0"
                },
                "east": {
                    "uv": [
                        10,
                        9,
                        11,
                        12
                    ],
                    "texture": "#0"
                },
                "south": {
                    "uv": [
                        12.75,
                        9,
                        13.5,
                        12
                    ],
                    "texture": "#0"
                },
                "west": {
                    "uv": [
                        11.75,
                        9,
                        12.75,
                        12
                    ],
                    "texture": "#0"
                },
                "up": {
                    "uv": [
                        11.75,
                        9,
                        11,
                        8
                    ],
                    "texture": "#0"
                },
                "down": {
                    "uv": [
                        12.5,
                        8,
                        11.75,
                        9
                    ],
                    "texture": "#0"
                }
            }
        }
    ],
    "display": {
        "thirdperson_righthand": {
            "rotation": [
                90,
                0,
                0
            ],
            "translation": [
                -6,
                -1.75,
                -3.5
            ]
        },
        "thirdperson_lefthand": {
            "rotation": [
                90,
                0,
                0
            ],
            "translation": [
                -6,
                -1.75,
                -3.5
            ]
        },
        "head": {
            "translation": [
                0,
                -29,
                0
            ],
            "scale": [
                1.6,
                1.6,
                1.6
            ]
        }
    },
    "groups": [
        {
            "name": "Arm",
            "origin": [
                0,
                0,
                0
            ],
            "color": 0,
            "children": [
                0,
                1
            ]
        }
    ]
}