{
	"credit": "Made with Blockbench",
	"textures": {
		"0": "item/mob/stone/20036/angel",
		"1": "item/mob/stone/20036/sword",
		"particle": "item/mob/stone/20036/angel"
	},
	"elements": [
		{
			"name": "right_arm",
			"from": [10, 9.75, 7],
			"to": [11.5, 15.75, 9],
			"rotation": {"angle": 0, "axis": "y", "origin": [4, 4, 4]},
			"faces": {
				"north": {"uv": [11, 5, 11.75, 8], "texture": "#0"},
				"east": {"uv": [10, 5, 11, 8], "texture": "#0"},
				"south": {"uv": [12.75, 5, 13.5, 8], "texture": "#0"},
				"west": {"uv": [11.75, 5, 12.75, 8], "texture": "#0"},
				"up": {"uv": [11.75, 5, 11, 4], "texture": "#0"},
				"down": {"uv": [12.5, 4, 11.75, 5], "texture": "#0"}
			}
		},
		{
			"name": "right_arm_2nd_layer",
			"from": [9.75, 9.5, 6.75],
			"to": [11.75, 16, 9.25],
			"rotation": {"angle": 0, "axis": "y", "origin": [4, 4, 4]},
			"faces": {
				"north": {"uv": [10.75, 9, 11.5, 12], "texture": "#0"},
				"east": {"uv": [10, 9, 11, 12], "texture": "#0"},
				"south": {"uv": [12.75, 9, 13.5, 12], "texture": "#0"},
				"west": {"uv": [11.75, 9, 12.75, 12], "texture": "#0"},
				"up": {"uv": [11.75, 9, 11, 8], "texture": "#0"},
				"down": {"uv": [12.5, 8, 11.75, 9], "texture": "#0"}
			}
		},
		{
			"name": "sword_0",
			"from": [10.40962, 4.80962, -11.4],
			"to": [10.90962, 6.80962, -9.4],
			"rotation": {"angle": 45, "axis": "x", "origin": [4.65962, 3.05, -1.94808]},
			"faces": {
				"north": {"uv": [12, 0, 10, 0.5], "rotation": 270, "texture": "#1"},
				"east": {"uv": [10, 0, 12, 2], "rotation": 90, "texture": "#1"},
				"south": {"uv": [10, 1.5, 12, 2], "rotation": 90, "texture": "#1"},
				"west": {"uv": [10, 2, 12, 0], "rotation": 90, "texture": "#1"},
				"up": {"uv": [10, 0, 10.5, 2], "texture": "#1"},
				"down": {"uv": [11.5, 0, 12, 2], "rotation": 180, "texture": "#1"}
			}
		},
		{
			"name": "sword_1",
			"from": [10.40962, 6.80962, -10.9],
			"to": [10.90962, 7.30962, -7.4],
			"rotation": {"angle": 45, "axis": "x", "origin": [4.65962, 3.05, -1.94808]},
			"faces": {
				"north": {"uv": [10, 0.5, 9.5, 1], "rotation": 270, "texture": "#1"},
				"east": {"uv": [9.5, 0.5, 10, 4], "rotation": 90, "texture": "#1"},
				"south": {"uv": [9.5, 3.5, 10, 4], "rotation": 90, "texture": "#1"},
				"west": {"uv": [9.5, 4, 10, 0.5], "rotation": 90, "texture": "#1"},
				"up": {"uv": [9.5, 0.5, 10, 4], "texture": "#1"},
				"down": {"uv": [9.5, 0.5, 10, 4], "rotation": 180, "texture": "#1"}
			}
		},
		{
			"name": "sword_2",
			"from": [10.40962, 7.30962, -10.4],
			"to": [10.90962, 7.80962, -6.9],
			"rotation": {"angle": 45, "axis": "x", "origin": [4.65962, 3.05, -1.94808]},
			"faces": {
				"north": {"uv": [9.5, 1, 9, 1.5], "rotation": 270, "texture": "#1"},
				"east": {"uv": [9, 1, 9.5, 4.5], "rotation": 90, "texture": "#1"},
				"south": {"uv": [9, 4, 9.5, 4.5], "rotation": 90, "texture": "#1"},
				"west": {"uv": [9, 4.5, 9.5, 1], "rotation": 90, "texture": "#1"},
				"up": {"uv": [9, 1, 9.5, 4.5], "texture": "#1"},
				"down": {"uv": [9, 1, 9.5, 4.5], "rotation": 180, "texture": "#1"}
			}
		},
		{
			"name": "sword_3",
			"from": [10.40962, 7.80962, -9.9],
			"to": [10.90962, 8.30962, -6.4],
			"rotation": {"angle": 45, "axis": "x", "origin": [4.65962, 3.05, -1.94808]},
			"faces": {
				"north": {"uv": [9, 1.5, 8.5, 2], "rotation": 270, "texture": "#1"},
				"east": {"uv": [8.5, 1.5, 9, 5], "rotation": 90, "texture": "#1"},
				"south": {"uv": [8.5, 4.5, 9, 5], "rotation": 90, "texture": "#1"},
				"west": {"uv": [8.5, 5, 9, 1.5], "rotation": 90, "texture": "#1"},
				"up": {"uv": [8.5, 1.5, 9, 5], "texture": "#1"},
				"down": {"uv": [8.5, 1.5, 9, 5], "rotation": 180, "texture": "#1"}
			}
		},
		{
			"name": "sword_4",
			"from": [10.40962, 8.30962, -9.4],
			"to": [10.90962, 8.80962, -5.9],
			"rotation": {"angle": 45, "axis": "x", "origin": [4.65962, 3.05, -1.94808]},
			"faces": {
				"north": {"uv": [8.5, 2, 8, 2.5], "rotation": 270, "texture": "#1"},
				"east": {"uv": [8, 2, 8.5, 5.5], "rotation": 90, "texture": "#1"},
				"south": {"uv": [8, 5, 8.5, 5.5], "rotation": 90, "texture": "#1"},
				"west": {"uv": [8, 5.5, 8.5, 2], "rotation": 90, "texture": "#1"},
				"up": {"uv": [8, 2, 8.5, 5.5], "texture": "#1"},
				"down": {"uv": [8, 2, 8.5, 5.5], "rotation": 180, "texture": "#1"}
			}
		},
		{
			"name": "sword_5",
			"from": [10.40962, 5.80962, -9.4],
			"to": [10.90962, 6.80962, -8.4],
			"rotation": {"angle": 45, "axis": "x", "origin": [4.65962, 3.05, -1.94808]},
			"faces": {
				"north": {"uv": [11, 2, 10, 2.5], "rotation": 270, "texture": "#1"},
				"east": {"uv": [10, 2, 11, 3], "rotation": 90, "texture": "#1"},
				"south": {"uv": [10, 2.5, 11, 3], "rotation": 90, "texture": "#1"},
				"west": {"uv": [10, 3, 11, 2], "rotation": 90, "texture": "#1"},
				"up": {"uv": [10, 2, 10.5, 3], "texture": "#1"},
				"down": {"uv": [10.5, 2, 11, 3], "rotation": 180, "texture": "#1"}
			}
		},
		{
			"name": "sword_6",
			"from": [10.40962, 5.30962, -9.4],
			"to": [10.90962, 5.80962, -8.9],
			"rotation": {"angle": 45, "axis": "x", "origin": [4.65962, 3.05, -1.94808]},
			"faces": {
				"north": {"uv": [11.5, 2, 11, 2.5], "rotation": 270, "texture": "#1"},
				"east": {"uv": [11, 2, 11.5, 2.5], "rotation": 90, "texture": "#1"},
				"south": {"uv": [11, 2, 11.5, 2.5], "rotation": 90, "texture": "#1"},
				"west": {"uv": [11, 2.5, 11.5, 2], "rotation": 90, "texture": "#1"},
				"up": {"uv": [11, 2, 11.5, 2.5], "texture": "#1"},
				"down": {"uv": [11, 2, 11.5, 2.5], "rotation": 180, "texture": "#1"}
			}
		},
		{
			"name": "sword_7",
			"from": [10.40962, 8.80962, -8.9],
			"to": [10.90962, 9.30962, -5.4],
			"rotation": {"angle": 45, "axis": "x", "origin": [4.65962, 3.05, -1.94808]},
			"faces": {
				"north": {"uv": [8, 2.5, 7.5, 3], "rotation": 270, "texture": "#1"},
				"east": {"uv": [7.5, 2.5, 8, 6], "rotation": 90, "texture": "#1"},
				"south": {"uv": [7.5, 5.5, 8, 6], "rotation": 90, "texture": "#1"},
				"west": {"uv": [7.5, 6, 8, 2.5], "rotation": 90, "texture": "#1"},
				"up": {"uv": [7.5, 2.5, 8, 6], "texture": "#1"},
				"down": {"uv": [7.5, 2.5, 8, 6], "rotation": 180, "texture": "#1"}
			}
		},
		{
			"name": "sword_8",
			"from": [10.40962, 9.30962, -8.4],
			"to": [10.90962, 9.80962, -4.9],
			"rotation": {"angle": 45, "axis": "x", "origin": [4.65962, 3.05, -1.94808]},
			"faces": {
				"north": {"uv": [7.5, 3, 7, 3.5], "rotation": 270, "texture": "#1"},
				"east": {"uv": [7, 3, 7.5, 6.5], "rotation": 90, "texture": "#1"},
				"south": {"uv": [7, 6, 7.5, 6.5], "rotation": 90, "texture": "#1"},
				"west": {"uv": [7, 6.5, 7.5, 3], "rotation": 90, "texture": "#1"},
				"up": {"uv": [7, 3, 7.5, 6.5], "texture": "#1"},
				"down": {"uv": [7, 3, 7.5, 6.5], "rotation": 180, "texture": "#1"}
			}
		},
		{
			"name": "sword_9",
			"from": [10.40962, 6.30962, -8.4],
			"to": [10.90962, 6.80962, -7.9],
			"rotation": {"angle": 45, "axis": "x", "origin": [4.65962, 3.05, -1.94808]},
			"faces": {
				"north": {"uv": [10.5, 3, 10, 3.5], "rotation": 270, "texture": "#1"},
				"east": {"uv": [10, 3, 10.5, 3.5], "rotation": 90, "texture": "#1"},
				"south": {"uv": [10, 3, 10.5, 3.5], "rotation": 90, "texture": "#1"},
				"west": {"uv": [10, 3.5, 10.5, 3], "rotation": 90, "texture": "#1"},
				"up": {"uv": [10, 3, 10.5, 3.5], "texture": "#1"},
				"down": {"uv": [10, 3, 10.5, 3.5], "rotation": 180, "texture": "#1"}
			}
		},
		{
			"name": "sword_10",
			"from": [10.40962, 9.80962, -7.9],
			"to": [10.90962, 10.30962, -4.4],
			"rotation": {"angle": 45, "axis": "x", "origin": [4.65962, 3.05, -1.94808]},
			"faces": {
				"north": {"uv": [7, 3.5, 6.5, 4], "rotation": 270, "texture": "#1"},
				"east": {"uv": [6.5, 3.5, 7, 7], "rotation": 90, "texture": "#1"},
				"south": {"uv": [6.5, 6.5, 7, 7], "rotation": 90, "texture": "#1"},
				"west": {"uv": [6.5, 7, 7, 3.5], "rotation": 90, "texture": "#1"},
				"up": {"uv": [6.5, 3.5, 7, 7], "texture": "#1"},
				"down": {"uv": [6.5, 3.5, 7, 7], "rotation": 180, "texture": "#1"}
			}
		},
		{
			"name": "sword_11",
			"from": [10.40962, 10.30962, -7.4],
			"to": [10.90962, 10.80962, -3.9],
			"rotation": {"angle": 45, "axis": "x", "origin": [4.65962, 3.05, -1.94808]},
			"faces": {
				"north": {"uv": [6.5, 4, 6, 4.5], "rotation": 270, "texture": "#1"},
				"east": {"uv": [6, 4, 6.5, 7.5], "rotation": 90, "texture": "#1"},
				"south": {"uv": [6, 7, 6.5, 7.5], "rotation": 90, "texture": "#1"},
				"west": {"uv": [6, 7.5, 6.5, 4], "rotation": 90, "texture": "#1"},
				"up": {"uv": [6, 4, 6.5, 7.5], "texture": "#1"},
				"down": {"uv": [6, 4, 6.5, 7.5], "rotation": 180, "texture": "#1"}
			}
		},
		{
			"name": "sword_12",
			"from": [10.40962, 10.80962, -6.9],
			"to": [10.90962, 11.30962, -3.4],
			"rotation": {"angle": 45, "axis": "x", "origin": [4.65962, 3.05, -1.94808]},
			"faces": {
				"north": {"uv": [6, 4.5, 5.5, 5], "rotation": 270, "texture": "#1"},
				"east": {"uv": [5.5, 4.5, 6, 8], "rotation": 90, "texture": "#1"},
				"south": {"uv": [5.5, 7.5, 6, 8], "rotation": 90, "texture": "#1"},
				"west": {"uv": [5.5, 8, 6, 4.5], "rotation": 90, "texture": "#1"},
				"up": {"uv": [5.5, 4.5, 6, 8], "texture": "#1"},
				"down": {"uv": [5.5, 4.5, 6, 8], "rotation": 180, "texture": "#1"}
			}
		},
		{
			"name": "sword_13",
			"from": [10.40962, 11.30962, -6.4],
			"to": [10.90962, 11.80962, -2.4],
			"rotation": {"angle": 45, "axis": "x", "origin": [4.65962, 3.05, -1.94808]},
			"faces": {
				"north": {"uv": [5.5, 5, 5, 5.5], "rotation": 270, "texture": "#1"},
				"east": {"uv": [5, 5, 5.5, 9], "rotation": 90, "texture": "#1"},
				"south": {"uv": [5, 8.5, 5.5, 9], "rotation": 90, "texture": "#1"},
				"west": {"uv": [5, 9, 5.5, 5], "rotation": 90, "texture": "#1"},
				"up": {"uv": [5, 5, 5.5, 9], "texture": "#1"},
				"down": {"uv": [5, 5, 5.5, 9], "rotation": 180, "texture": "#1"}
			}
		},
		{
			"name": "sword_14",
			"from": [10.40962, 11.80962, -5.9],
			"to": [10.90962, 12.30962, -0.4],
			"rotation": {"angle": 45, "axis": "x", "origin": [4.65962, 3.05, -1.94808]},
			"faces": {
				"north": {"uv": [5, 5.5, 4.5, 6], "rotation": 270, "texture": "#1"},
				"east": {"uv": [4.5, 5.5, 5, 11], "rotation": 90, "texture": "#1"},
				"south": {"uv": [4.5, 10.5, 5, 11], "rotation": 90, "texture": "#1"},
				"west": {"uv": [4.5, 11, 5, 5.5], "rotation": 90, "texture": "#1"},
				"up": {"uv": [4.5, 5.5, 5, 11], "texture": "#1"},
				"down": {"uv": [4.5, 5.5, 5, 11], "rotation": 180, "texture": "#1"}
			}
		},
		{
			"name": "sword_15",
			"from": [10.40962, 12.30962, -5.4],
			"to": [10.90962, 12.80962, -0.4],
			"rotation": {"angle": 45, "axis": "x", "origin": [4.65962, 3.05, -1.94808]},
			"faces": {
				"north": {"uv": [4.5, 6, 4, 6.5], "rotation": 270, "texture": "#1"},
				"east": {"uv": [4, 6, 4.5, 11], "rotation": 90, "texture": "#1"},
				"south": {"uv": [4, 10.5, 4.5, 11], "rotation": 90, "texture": "#1"},
				"west": {"uv": [4, 11, 4.5, 6], "rotation": 90, "texture": "#1"},
				"up": {"uv": [4, 6, 4.5, 11], "texture": "#1"},
				"down": {"uv": [4, 6, 4.5, 11], "rotation": 180, "texture": "#1"}
			}
		},
		{
			"name": "sword_16",
			"from": [10.40962, 14.30962, -4.9],
			"to": [10.90962, 15.30962, -0.9],
			"rotation": {"angle": 45, "axis": "x", "origin": [4.65962, 3.05, -1.94808]},
			"faces": {
				"north": {"uv": [2.5, 6.5, 1.5, 7], "rotation": 270, "texture": "#1"},
				"east": {"uv": [1.5, 6.5, 2.5, 10.5], "rotation": 90, "texture": "#1"},
				"south": {"uv": [1.5, 10, 2.5, 10.5], "rotation": 90, "texture": "#1"},
				"west": {"uv": [1.5, 10.5, 2.5, 6.5], "rotation": 90, "texture": "#1"},
				"up": {"uv": [1.5, 6.5, 2, 10.5], "texture": "#1"},
				"down": {"uv": [2, 6.5, 2.5, 10.5], "rotation": 180, "texture": "#1"}
			}
		},
		{
			"name": "sword_17",
			"from": [10.40962, 12.80962, -4.9],
			"to": [10.90962, 13.80962, -0.4],
			"rotation": {"angle": 45, "axis": "x", "origin": [4.65962, 3.05, -1.94808]},
			"faces": {
				"north": {"uv": [4, 6.5, 3, 7], "rotation": 270, "texture": "#1"},
				"east": {"uv": [3, 6.5, 4, 11], "rotation": 90, "texture": "#1"},
				"south": {"uv": [3, 10.5, 4, 11], "rotation": 90, "texture": "#1"},
				"west": {"uv": [3, 11, 4, 6.5], "rotation": 90, "texture": "#1"},
				"up": {"uv": [3, 6.5, 3.5, 11], "texture": "#1"},
				"down": {"uv": [3.5, 6.5, 4, 11], "rotation": 180, "texture": "#1"}
			}
		},
		{
			"name": "sword_18",
			"from": [10.40962, 15.30962, -4.4],
			"to": [10.90962, 15.80962, -1.9],
			"rotation": {"angle": 45, "axis": "x", "origin": [4.65962, 3.05, -1.94808]},
			"faces": {
				"north": {"uv": [1.5, 7, 1, 7.5], "rotation": 270, "texture": "#1"},
				"east": {"uv": [1, 7, 1.5, 9.5], "rotation": 90, "texture": "#1"},
				"south": {"uv": [1, 9, 1.5, 9.5], "rotation": 90, "texture": "#1"},
				"west": {"uv": [1, 9.5, 1.5, 7], "rotation": 90, "texture": "#1"},
				"up": {"uv": [1, 7, 1.5, 9.5], "texture": "#1"},
				"down": {"uv": [1, 7, 1.5, 9.5], "rotation": 180, "texture": "#1"}
			}
		},
		{
			"name": "sword_19",
			"from": [10.40962, 13.80962, -4.4],
			"to": [10.90962, 14.30962, -0.9],
			"rotation": {"angle": 45, "axis": "x", "origin": [4.65962, 3.05, -1.94808]},
			"faces": {
				"north": {"uv": [3, 7, 2.5, 7.5], "rotation": 270, "texture": "#1"},
				"east": {"uv": [2.5, 7, 3, 10.5], "rotation": 90, "texture": "#1"},
				"south": {"uv": [2.5, 10, 3, 10.5], "rotation": 90, "texture": "#1"},
				"west": {"uv": [2.5, 10.5, 3, 7], "rotation": 90, "texture": "#1"},
				"up": {"uv": [2.5, 7, 3, 10.5], "texture": "#1"},
				"down": {"uv": [2.5, 7, 3, 10.5], "rotation": 180, "texture": "#1"}
			}
		},
		{
			"name": "sword_20",
			"from": [10.40962, 15.80962, -3.4],
			"to": [10.90962, 16.30962, -2.9],
			"rotation": {"angle": 45, "axis": "x", "origin": [4.65962, 3.05, -1.94808]},
			"faces": {
				"north": {"uv": [1, 8, 0.5, 8.5], "rotation": 270, "texture": "#1"},
				"east": {"uv": [0.5, 8, 1, 8.5], "rotation": 90, "texture": "#1"},
				"south": {"uv": [0.5, 8, 1, 8.5], "rotation": 90, "texture": "#1"},
				"west": {"uv": [0.5, 8.5, 1, 8], "rotation": 90, "texture": "#1"},
				"up": {"uv": [0.5, 8, 1, 8.5], "texture": "#1"},
				"down": {"uv": [0.5, 8, 1, 8.5], "rotation": 180, "texture": "#1"}
			}
		},
		{
			"name": "sword_21",
			"from": [10.40962, 11.30962, -1.9],
			"to": [10.90962, 11.80962, -0.9],
			"rotation": {"angle": 45, "axis": "x", "origin": [4.65962, 3.05, -1.94808]},
			"faces": {
				"north": {"uv": [5.5, 9.5, 5, 10], "rotation": 270, "texture": "#1"},
				"east": {"uv": [5, 9.5, 5.5, 10.5], "rotation": 90, "texture": "#1"},
				"south": {"uv": [5, 10, 5.5, 10.5], "rotation": 90, "texture": "#1"},
				"west": {"uv": [5, 10.5, 5.5, 9.5], "rotation": 90, "texture": "#1"},
				"up": {"uv": [5, 9.5, 5.5, 10.5], "texture": "#1"},
				"down": {"uv": [5, 9.5, 5.5, 10.5], "rotation": 180, "texture": "#1"}
			}
		},
		{
			"name": "sword_22",
			"from": [10.40962, 15.30962, -1.4],
			"to": [10.90962, 15.80962, 0.6],
			"rotation": {"angle": 45, "axis": "x", "origin": [4.65962, 3.05, -1.94808]},
			"faces": {
				"north": {"uv": [1.5, 10, 1, 10.5], "rotation": 270, "texture": "#1"},
				"east": {"uv": [1, 10, 1.5, 12], "rotation": 90, "texture": "#1"},
				"south": {"uv": [1, 11.5, 1.5, 12], "rotation": 90, "texture": "#1"},
				"west": {"uv": [1, 12, 1.5, 10], "rotation": 90, "texture": "#1"},
				"up": {"uv": [1, 10, 1.5, 12], "texture": "#1"},
				"down": {"uv": [1, 10, 1.5, 12], "rotation": 180, "texture": "#1"}
			}
		},
		{
			"name": "sword_23",
			"from": [10.40962, 15.80962, -0.9],
			"to": [10.90962, 16.80962, 0.6],
			"rotation": {"angle": 45, "axis": "x", "origin": [4.65962, 3.05, -1.94808]},
			"faces": {
				"north": {"uv": [1, 10.5, 0, 11], "rotation": 270, "texture": "#1"},
				"east": {"uv": [0, 10.5, 1, 12], "rotation": 90, "texture": "#1"},
				"south": {"uv": [0, 11.5, 1, 12], "rotation": 90, "texture": "#1"},
				"west": {"uv": [0, 12, 1, 10.5], "rotation": 90, "texture": "#1"},
				"up": {"uv": [0, 10.5, 0.5, 12], "texture": "#1"},
				"down": {"uv": [0.5, 10.5, 1, 12], "rotation": 180, "texture": "#1"}
			}
		},
		{
			"name": "sword_24",
			"from": [10.40962, 14.80962, -0.9],
			"to": [10.90962, 15.30962, -0.4],
			"rotation": {"angle": 45, "axis": "x", "origin": [4.65962, 3.05, -1.94808]},
			"faces": {
				"north": {"uv": [2, 10.5, 1.5, 11], "rotation": 270, "texture": "#1"},
				"east": {"uv": [1.5, 10.5, 2, 11], "rotation": 90, "texture": "#1"},
				"south": {"uv": [1.5, 10.5, 2, 11], "rotation": 90, "texture": "#1"},
				"west": {"uv": [1.5, 11, 2, 10.5], "rotation": 90, "texture": "#1"},
				"up": {"uv": [1.5, 10.5, 2, 11], "texture": "#1"},
				"down": {"uv": [1.5, 10.5, 2, 11], "rotation": 180, "texture": "#1"}
			}
		},
		{
			"name": "sword_25",
			"from": [10.40962, 12.80962, -0.4],
			"to": [10.90962, 13.30962, 0.1],
			"rotation": {"angle": 45, "axis": "x", "origin": [4.65962, 3.05, -1.94808]},
			"faces": {
				"north": {"uv": [4, 11, 3.5, 11.5], "rotation": 270, "texture": "#1"},
				"east": {"uv": [3.5, 11, 4, 11.5], "rotation": 90, "texture": "#1"},
				"south": {"uv": [3.5, 11, 4, 11.5], "rotation": 90, "texture": "#1"},
				"west": {"uv": [3.5, 11.5, 4, 11], "rotation": 90, "texture": "#1"},
				"up": {"uv": [3.5, 11, 4, 11.5], "texture": "#1"},
				"down": {"uv": [3.5, 11, 4, 11.5], "rotation": 180, "texture": "#1"}
			}
		}
	],
	"display": {
		"thirdperson_righthand": {
			"rotation": [90, 0, 0],
			"translation": [-6, -1.75, -3.5],
			"scale": [2, 2, 2]
		},
		"thirdperson_lefthand": {
			"rotation": [90, 0, 0],
			"translation": [-6, -1.75, -3.5]
		},
		"head": {
			"translation": [0, -29, 0],
			"scale": [1.6, 1.6, 1.6]
		}
	},
	"groups": [
		{
			"name": "Arm",
			"origin": [0, 0, 0],
			"color": 0,
			"children": [0, 1]
		},
		{
			"name": "sword",
			"origin": [8, 8, 8],
			"color": 0,
			"children": [2, 3, 4, 5, 6, 7, 8, 9, 10, 11, 12, 13, 14, 15, 16, 17, 18, 19, 20, 21, 22, 23, 24, 25, 26, 27]
		}
	]
}