{
    "credit": "Made with Blockbench",
    "texture_size": [
        64,
        64
    ],
    "textures": {
        "0": "item/mob/stone/20046/texture",
        "particle": "item/mob/stone/20046/texture"
    },
    "elements": [
        {
            "from": [
                10.5,
                5.5,
                6.5
            ],
            "to": [
                11.5,
                10.5,
                13.5
            ],
            "rotation": {
                "angle": 0,
                "axis": "y",
                "origin": [
                    5.5,
                    5.5,
                    5.5
                ]
            },
            "faces": {
                "north": {
                    "uv": [
                        1.5,
                        7.25,
                        1.75,
                        8.5
                    ],
                    "texture": "#0"
                },
                "east": {
                    "uv": [
                        1.75,
                        0,
                        3.5,
                        1.25
                    ],
                    "texture": "#0"
                },
                "south": {
                    "uv": [
                        1.75,
                        7.25,
                        2,
                        8.5
                    ],
                    "texture": "#0"
                },
                "west": {
                    "uv": [
                        1.75,
                        1.25,
                        3.5,
                        2.5
                    ],
                    "texture": "#0"
                },
                "up": {
                    "uv": [
                        3.75,
                        8.25,
                        3.5,
                        6.5
                    ],
                    "texture": "#0"
                },
                "down": {
                    "uv": [
                        4,
                        6.5,
                        3.75,
                        8.25
                    ],
                    "texture": "#0"
                }
            }
        },
        {
            "from": [
                4.5,
                5.5,
                6.5
            ],
            "to": [
                5.5,
                10.5,
                13.5
            ],
            "rotation": {
                "angle": 0,
                "axis": "y",
                "origin": [
                    5.5,
                    5.5,
                    5.5
                ]
            },
            "faces": {
                "north": {
                    "uv": [
                        7.25,
                        6,
                        7.5,
                        7.25
                    ],
                    "texture": "#0"
                },
                "east": {
                    "uv": [
                        1.25,
                        4.25,
                        3,
                        5.5
                    ],
                    "texture": "#0"
                },
                "south": {
                    "uv": [
                        7.25,
                        7.25,
                        7.5,
                        8.5
                    ],
                    "texture": "#0"
                },
                "west": {
                    "uv": [
                        4.25,
                        1.75,
                        6,
                        3
                    ],
                    "texture": "#0"
                },
                "up": {
                    "uv": [
                        6.25,
                        8.5,
                        6,
                        6.75
                    ],
                    "texture": "#0"
                },
                "down": {
                    "uv": [
                        6.5,
                        6.75,
                        6.25,
                        8.5
                    ],
                    "texture": "#0"
                }
            }
        },
        {
            "from": [
                1.5,
                5.5,
                6.5
            ],
            "to": [
                2.5,
                10.5,
                13.5
            ],
            "rotation": {
                "angle": 0,
                "axis": "y",
                "origin": [
                    6.5,
                    5.5,
                    5.5
                ]
            },
            "faces": {
                "north": {
                    "uv": [
                        7.5,
                        0,
                        7.75,
                        1.25
                    ],
                    "texture": "#0"
                },
                "east": {
                    "uv": [
                        3,
                        4.25,
                        4.75,
                        5.5
                    ],
                    "texture": "#0"
                },
                "south": {
                    "uv": [
                        7.5,
                        2.25,
                        7.75,
                        3.5
                    ],
                    "texture": "#0"
                },
                "west": {
                    "uv": [
                        4.25,
                        3,
                        6,
                        4.25
                    ],
                    "texture": "#0"
                },
                "up": {
                    "uv": [
                        1,
                        8.75,
                        0.75,
                        7
                    ],
                    "texture": "#0"
                },
                "down": {
                    "uv": [
                        1.25,
                        7,
                        1,
                        8.75
                    ],
                    "texture": "#0"
                }
            }
        },
        {
            "from": [
                1.1194,
                6.5,
                4.41342
            ],
            "to": [
                2.1194,
                9.5,
                8.41342
            ],
            "rotation": {
                "angle": -22.5,
                "axis": "y",
                "origin": [
                    6.1194,
                    5.5,
                    8.41342
                ]
            },
            "faces": {
                "north": {
                    "uv": [
                        8,
                        0.25,
                        8.25,
                        1
                    ],
                    "texture": "#0"
                },
                "east": {
                    "uv": [
                        4.5,
                        6,
                        5.5,
                        6.75
                    ],
                    "texture": "#0"
                },
                "south": {
                    "uv": [
                        8,
                        2.25,
                        8.25,
                        3
                    ],
                    "texture": "#0"
                },
                "west": {
                    "uv": [
                        5.5,
                        6,
                        6.5,
                        6.75
                    ],
                    "texture": "#0"
                },
                "up": {
                    "uv": [
                        4.5,
                        8.5,
                        4.25,
                        7.5
                    ],
                    "texture": "#0"
                },
                "down": {
                    "uv": [
                        7.75,
                        6,
                        7.5,
                        7
                    ],
                    "texture": "#0"
                }
            }
        },
        {
            "from": [
                5.5,
                6.29329,
                14.3097
            ],
            "to": [
                10.5,
                13.29329,
                15.3097
            ],
            "rotation": {
                "angle": 0,
                "axis": "y",
                "origin": [
                    10.5,
                    5.29329,
                    10.3097
                ]
            },
            "faces": {
                "north": {
                    "uv": [
                        0,
                        5.25,
                        1.25,
                        7
                    ],
                    "texture": "#0"
                },
                "east": {
                    "uv": [
                        7,
                        7,
                        7.25,
                        8.75
                    ],
                    "texture": "#0"
                },
                "south": {
                    "uv": [
                        1.25,
                        5.5,
                        2.5,
                        7.25
                    ],
                    "texture": "#0"
                },
                "west": {
                    "uv": [
                        1.25,
                        7.25,
                        1.5,
                        9
                    ],
                    "texture": "#0"
                },
                "up": {
                    "uv": [
                        8.5,
                        5.5,
                        7.25,
                        5.25
                    ],
                    "texture": "#0"
                },
                "down": {
                    "uv": [
                        8.75,
                        1.25,
                        7.5,
                        1.5
                    ],
                    "texture": "#0"
                }
            }
        },
        {
            "from": [
                6.5,
                4.20671,
                14.6903
            ],
            "to": [
                9.5,
                8.20671,
                15.6903
            ],
            "rotation": {
                "angle": 22.5,
                "axis": "x",
                "origin": [
                    10.5,
                    8.20671,
                    10.6903
                ]
            },
            "faces": {
                "north": {
                    "uv": [
                        6.5,
                        2.75,
                        7.25,
                        3.75
                    ],
                    "texture": "#0"
                },
                "east": {
                    "uv": [
                        7.75,
                        2.25,
                        8,
                        3.25
                    ],
                    "texture": "#0"
                },
                "south": {
                    "uv": [
                        6.5,
                        3.75,
                        7.25,
                        4.75
                    ],
                    "texture": "#0"
                },
                "west": {
                    "uv": [
                        7.75,
                        3.25,
                        8,
                        4.25
                    ],
                    "texture": "#0"
                },
                "up": {
                    "uv": [
                        8.75,
                        4,
                        8,
                        3.75
                    ],
                    "texture": "#0"
                },
                "down": {
                    "uv": [
                        8.75,
                        4,
                        8,
                        4.25
                    ],
                    "texture": "#0"
                }
            }
        },
        {
            "from": [
                13.8806,
                6.5,
                4.41342
            ],
            "to": [
                14.8806,
                9.5,
                8.41342
            ],
            "rotation": {
                "angle": 22.5,
                "axis": "y",
                "origin": [
                    9.8806,
                    5.5,
                    8.41342
                ]
            },
            "faces": {
                "north": {
                    "uv": [
                        8,
                        3,
                        8.25,
                        3.75
                    ],
                    "texture": "#0"
                },
                "east": {
                    "uv": [
                        6.5,
                        0,
                        7.5,
                        0.75
                    ],
                    "texture": "#0"
                },
                "south": {
                    "uv": [
                        7.5,
                        8,
                        7.75,
                        8.75
                    ],
                    "texture": "#0"
                },
                "west": {
                    "uv": [
                        2.5,
                        6.5,
                        3.5,
                        7.25
                    ],
                    "texture": "#0"
                },
                "up": {
                    "uv": [
                        7.75,
                        8,
                        7.5,
                        7
                    ],
                    "texture": "#0"
                },
                "down": {
                    "uv": [
                        8,
                        0,
                        7.75,
                        1
                    ],
                    "texture": "#0"
                }
            }
        },
        {
            "from": [
                13.5,
                5.5,
                6.5
            ],
            "to": [
                14.5,
                10.5,
                13.5
            ],
            "rotation": {
                "angle": 0,
                "axis": "y",
                "origin": [
                    9.5,
                    5.5,
                    5.5
                ]
            },
            "faces": {
                "north": {
                    "uv": [
                        7.5,
                        3.5,
                        7.75,
                        4.75
                    ],
                    "texture": "#0"
                },
                "east": {
                    "uv": [
                        4.75,
                        0,
                        6.5,
                        1.25
                    ],
                    "texture": "#0"
                },
                "south": {
                    "uv": [
                        4,
                        7.5,
                        4.25,
                        8.75
                    ],
                    "texture": "#0"
                },
                "west": {
                    "uv": [
                        4.75,
                        4.25,
                        6.5,
                        5.5
                    ],
                    "texture": "#0"
                },
                "up": {
                    "uv": [
                        6.75,
                        8.75,
                        6.5,
                        7
                    ],
                    "texture": "#0"
                },
                "down": {
                    "uv": [
                        7,
                        7,
                        6.75,
                        8.75
                    ],
                    "texture": "#0"
                }
            }
        },
        {
            "from": [
                2.5,
                6.5,
                9.5
            ],
            "to": [
                13.5,
                8.5,
                11.5
            ],
            "rotation": {
                "angle": 0,
                "axis": "y",
                "origin": [
                    5.5,
                    5.5,
                    5.5
                ]
            },
            "faces": {
                "north": {
                    "uv": [
                        4.75,
                        1.25,
                        7.5,
                        1.75
                    ],
                    "texture": "#0"
                },
                "east": {
                    "uv": [
                        7,
                        0.75,
                        7.5,
                        1.25
                    ],
                    "texture": "#0"
                },
                "south": {
                    "uv": [
                        2.5,
                        5.5,
                        5.25,
                        6
                    ],
                    "texture": "#0"
                },
                "west": {
                    "uv": [
                        7.5,
                        4.75,
                        8,
                        5.25
                    ],
                    "texture": "#0"
                },
                "up": {
                    "uv": [
                        8,
                        6,
                        5.25,
                        5.5
                    ],
                    "texture": "#0"
                },
                "down": {
                    "uv": [
                        8.75,
                        1.75,
                        6,
                        2.25
                    ],
                    "texture": "#0"
                }
            }
        },
        {
            "from": [
                5.5,
                4.5,
                6.5
            ],
            "to": [
                10.5,
                11.5,
                13.5
            ],
            "rotation": {
                "angle": 0,
                "axis": "y",
                "origin": [
                    5.5,
                    5.5,
                    5.5
                ]
            },
            "faces": {
                "north": {
                    "uv": [
                        1.75,
                        2.5,
                        3,
                        4.25
                    ],
                    "texture": "#0"
                },
                "east": {
                    "uv": [
                        0,
                        0,
                        1.75,
                        1.75
                    ],
                    "texture": "#0"
                },
                "south": {
                    "uv": [
                        3,
                        2.5,
                        4.25,
                        4.25
                    ],
                    "texture": "#0"
                },
                "west": {
                    "uv": [
                        0,
                        1.75,
                        1.75,
                        3.5
                    ],
                    "texture": "#0"
                },
                "up": {
                    "uv": [
                        1.25,
                        5.25,
                        0,
                        3.5
                    ],
                    "texture": "#0"
                },
                "down": {
                    "uv": [
                        4.75,
                        0,
                        3.5,
                        1.75
                    ],
                    "texture": "#0"
                }
            }
        },
        {
            "from": [
                6,
                -1.5,
                9.5
            ],
            "to": [
                7,
                -0.5,
                12.5
            ],
            "rotation": {
                "angle": -45,
                "axis": "x",
                "origin": [
                    8,
                    -1,
                    8
                ]
            },
            "faces": {
                "north": {
                    "uv": [
                        8.25,
                        4.25,
                        8.5,
                        4.5
                    ],
                    "texture": "#0"
                },
                "east": {
                    "uv": [
                        8,
                        4.75,
                        8.75,
                        5
                    ],
                    "texture": "#0"
                },
                "south": {
                    "uv": [
                        4.5,
                        8.25,
                        4.75,
                        8.5
                    ],
                    "texture": "#0"
                },
                "west": {
                    "uv": [
                        8,
                        5,
                        8.75,
                        5.25
                    ],
                    "texture": "#0"
                },
                "up": {
                    "uv": [
                        8,
                        8.75,
                        7.75,
                        8
                    ],
                    "texture": "#0"
                },
                "down": {
                    "uv": [
                        8.25,
                        8,
                        8,
                        8.75
                    ],
                    "texture": "#0"
                }
            }
        },
        {
            "from": [
                6.5,
                -1.16421,
                7.67157
            ],
            "to": [
                9.5,
                2.83579,
                10.67157
            ],
            "rotation": {
                "angle": 0,
                "axis": "x",
                "origin": [
                    8,
                    -2.41421,
                    5.17157
                ]
            },
            "faces": {
                "north": {
                    "uv": [
                        6.5,
                        6,
                        7.25,
                        7
                    ],
                    "texture": "#0"
                },
                "east": {
                    "uv": [
                        4.5,
                        6.75,
                        5.25,
                        7.75
                    ],
                    "texture": "#0"
                },
                "south": {
                    "uv": [
                        5.25,
                        6.75,
                        6,
                        7.75
                    ],
                    "texture": "#0"
                },
                "west": {
                    "uv": [
                        0,
                        7,
                        0.75,
                        8
                    ],
                    "texture": "#0"
                },
                "up": {
                    "uv": [
                        4.25,
                        2.5,
                        3.5,
                        1.75
                    ],
                    "texture": "#0"
                },
                "down": {
                    "uv": [
                        7.25,
                        4.75,
                        6.5,
                        5.5
                    ],
                    "texture": "#0"
                }
            }
        },
        {
            "from": [
                7,
                0,
                2
            ],
            "to": [
                9,
                2,
                8
            ],
            "rotation": {
                "angle": 0,
                "axis": "x",
                "origin": [
                    7.5,
                    4.75,
                    10.5
                ]
            },
            "faces": {
                "north": {
                    "uv": [
                        1.25,
                        3.5,
                        1.75,
                        4
                    ],
                    "texture": "#0"
                },
                "east": {
                    "uv": [
                        6,
                        2.25,
                        7.5,
                        2.75
                    ],
                    "texture": "#0"
                },
                "south": {
                    "uv": [
                        6.5,
                        0.75,
                        7,
                        1.25
                    ],
                    "texture": "#0"
                },
                "west": {
                    "uv": [
                        2.5,
                        6,
                        4,
                        6.5
                    ],
                    "texture": "#0"
                },
                "up": {
                    "uv": [
                        6.5,
                        4.25,
                        6,
                        2.75
                    ],
                    "texture": "#0"
                },
                "down": {
                    "uv": [
                        4.5,
                        6,
                        4,
                        7.5
                    ],
                    "texture": "#0"
                }
            }
        },
        {
            "from": [
                7.5,
                0.5,
                0
            ],
            "to": [
                8.5,
                1.5,
                6
            ],
            "rotation": {
                "angle": 0,
                "axis": "x",
                "origin": [
                    8,
                    12.25,
                    13.5
                ]
            },
            "faces": {
                "north": {
                    "uv": [
                        6.5,
                        0.75,
                        7,
                        1.25
                    ],
                    "texture": "#0"
                },
                "east": {
                    "uv": [
                        2.5,
                        6,
                        4,
                        6.5
                    ],
                    "texture": "#0"
                },
                "south": {
                    "uv": [
                        1.25,
                        3.5,
                        1.75,
                        4
                    ],
                    "texture": "#0"
                },
                "west": {
                    "uv": [
                        6,
                        2.25,
                        7.5,
                        2.75
                    ],
                    "texture": "#0"
                },
                "up": {
                    "uv": [
                        6,
                        2.75,
                        6.5,
                        4.25
                    ],
                    "texture": "#0"
                },
                "down": {
                    "uv": [
                        4,
                        7.5,
                        4.5,
                        6
                    ],
                    "texture": "#0"
                }
            }
        },
        {
            "from": [
                9,
                -1.5,
                9.5
            ],
            "to": [
                10,
                -0.5,
                12.5
            ],
            "rotation": {
                "angle": -45,
                "axis": "x",
                "origin": [
                    8,
                    -1,
                    8
                ]
            },
            "faces": {
                "north": {
                    "uv": [
                        8.25,
                        4.5,
                        8.5,
                        4.75
                    ],
                    "texture": "#0"
                },
                "east": {
                    "uv": [
                        8,
                        5.5,
                        8.75,
                        5.75
                    ],
                    "texture": "#0"
                },
                "south": {
                    "uv": [
                        4.75,
                        8.25,
                        5,
                        8.5
                    ],
                    "texture": "#0"
                },
                "west": {
                    "uv": [
                        8,
                        5.75,
                        8.75,
                        6
                    ],
                    "texture": "#0"
                },
                "up": {
                    "uv": [
                        0.25,
                        9,
                        0,
                        8.25
                    ],
                    "texture": "#0"
                },
                "down": {
                    "uv": [
                        0.5,
                        8.25,
                        0.25,
                        9
                    ],
                    "texture": "#0"
                }
            }
        },
        {
            "from": [
                9,
                3.8033,
                8.76777
            ],
            "to": [
                10,
                4.8033,
                12.76777
            ],
            "rotation": {
                "angle": 45,
                "axis": "x",
                "origin": [
                    8,
                    4.3033,
                    9.76777
                ]
            },
            "faces": {
                "north": {
                    "uv": [
                        8.5,
                        0.25,
                        8.75,
                        0.5
                    ],
                    "texture": "#0"
                },
                "east": {
                    "uv": [
                        7.75,
                        6,
                        8.75,
                        6.25
                    ],
                    "texture": "#0"
                },
                "south": {
                    "uv": [
                        8.5,
                        0.5,
                        8.75,
                        0.75
                    ],
                    "texture": "#0"
                },
                "west": {
                    "uv": [
                        7.75,
                        6.25,
                        8.75,
                        6.5
                    ],
                    "texture": "#0"
                },
                "up": {
                    "uv": [
                        5.75,
                        8.75,
                        5.5,
                        7.75
                    ],
                    "texture": "#0"
                },
                "down": {
                    "uv": [
                        6,
                        7.75,
                        5.75,
                        8.75
                    ],
                    "texture": "#0"
                }
            }
        },
        {
            "from": [
                6,
                3.8033,
                8.76777
            ],
            "to": [
                7,
                4.8033,
                12.76777
            ],
            "rotation": {
                "angle": 45,
                "axis": "x",
                "origin": [
                    8,
                    4.3033,
                    9.76777
                ]
            },
            "faces": {
                "north": {
                    "uv": [
                        8.25,
                        8,
                        8.5,
                        8.25
                    ],
                    "texture": "#0"
                },
                "east": {
                    "uv": [
                        7.5,
                        1.5,
                        8.5,
                        1.75
                    ],
                    "texture": "#0"
                },
                "south": {
                    "uv": [
                        8.25,
                        8.25,
                        8.5,
                        8.5
                    ],
                    "texture": "#0"
                },
                "west": {
                    "uv": [
                        7.75,
                        1,
                        8.75,
                        1.25
                    ],
                    "texture": "#0"
                },
                "up": {
                    "uv": [
                        5.25,
                        8.75,
                        5,
                        7.75
                    ],
                    "texture": "#0"
                },
                "down": {
                    "uv": [
                        5.5,
                        7.75,
                        5.25,
                        8.75
                    ],
                    "texture": "#0"
                }
            }
        },
        {
            "from": [
                9.5,
                5.5,
                5.5
            ],
            "to": [
                10.5,
                10.5,
                6.5
            ],
            "rotation": {
                "angle": 0,
                "axis": "y",
                "origin": [
                    5.5,
                    5.5,
                    5.5
                ]
            },
            "faces": {
                "north": {
                    "uv": [
                        2,
                        7.25,
                        2.25,
                        8.5
                    ],
                    "texture": "#0"
                },
                "east": {
                    "uv": [
                        2.25,
                        7.25,
                        2.5,
                        8.5
                    ],
                    "texture": "#0"
                },
                "south": {
                    "uv": [
                        2.5,
                        7.25,
                        2.75,
                        8.5
                    ],
                    "texture": "#0"
                },
                "west": {
                    "uv": [
                        2.75,
                        7.25,
                        3,
                        8.5
                    ],
                    "texture": "#0"
                },
                "up": {
                    "uv": [
                        8.5,
                        2.5,
                        8.25,
                        2.25
                    ],
                    "texture": "#0"
                },
                "down": {
                    "uv": [
                        8.5,
                        2.5,
                        8.25,
                        2.75
                    ],
                    "texture": "#0"
                }
            }
        },
        {
            "from": [
                5.5,
                5.5,
                5.5
            ],
            "to": [
                6.5,
                10.5,
                6.5
            ],
            "rotation": {
                "angle": 0,
                "axis": "y",
                "origin": [
                    5.5,
                    5.5,
                    5.5
                ]
            },
            "faces": {
                "north": {
                    "uv": [
                        7.25,
                        2.75,
                        7.5,
                        4
                    ],
                    "texture": "#0"
                },
                "east": {
                    "uv": [
                        3,
                        7.25,
                        3.25,
                        8.5
                    ],
                    "texture": "#0"
                },
                "south": {
                    "uv": [
                        3.25,
                        7.25,
                        3.5,
                        8.5
                    ],
                    "texture": "#0"
                },
                "west": {
                    "uv": [
                        7.25,
                        4,
                        7.5,
                        5.25
                    ],
                    "texture": "#0"
                },
                "up": {
                    "uv": [
                        8.5,
                        3,
                        8.25,
                        2.75
                    ],
                    "texture": "#0"
                },
                "down": {
                    "uv": [
                        8.5,
                        3,
                        8.25,
                        3.25
                    ],
                    "texture": "#0"
                }
            }
        },
        {
            "from": [
                6.5,
                5.5,
                5.5
            ],
            "to": [
                9.5,
                6.5,
                6.5
            ],
            "rotation": {
                "angle": 0,
                "axis": "y",
                "origin": [
                    5.5,
                    5.5,
                    5.5
                ]
            },
            "faces": {
                "north": {
                    "uv": [
                        7.75,
                        6.5,
                        8.5,
                        6.75
                    ],
                    "texture": "#0"
                },
                "east": {
                    "uv": [
                        8.25,
                        3.25,
                        8.5,
                        3.5
                    ],
                    "texture": "#0"
                },
                "south": {
                    "uv": [
                        7.75,
                        6.75,
                        8.5,
                        7
                    ],
                    "texture": "#0"
                },
                "west": {
                    "uv": [
                        3.5,
                        8.25,
                        3.75,
                        8.5
                    ],
                    "texture": "#0"
                },
                "up": {
                    "uv": [
                        8.5,
                        7.25,
                        7.75,
                        7
                    ],
                    "texture": "#0"
                },
                "down": {
                    "uv": [
                        8.5,
                        7.25,
                        7.75,
                        7.5
                    ],
                    "texture": "#0"
                }
            }
        },
        {
            "from": [
                6.5,
                9.5,
                5.5
            ],
            "to": [
                9.5,
                10.5,
                6.5
            ],
            "rotation": {
                "angle": 0,
                "axis": "y",
                "origin": [
                    5.5,
                    5.5,
                    5.5
                ]
            },
            "faces": {
                "north": {
                    "uv": [
                        7.75,
                        7.5,
                        8.5,
                        7.75
                    ],
                    "texture": "#0"
                },
                "east": {
                    "uv": [
                        8.25,
                        3.5,
                        8.5,
                        3.75
                    ],
                    "texture": "#0"
                },
                "south": {
                    "uv": [
                        7.75,
                        7.75,
                        8.5,
                        8
                    ],
                    "texture": "#0"
                },
                "west": {
                    "uv": [
                        3.75,
                        8.25,
                        4,
                        8.5
                    ],
                    "texture": "#0"
                },
                "up": {
                    "uv": [
                        0.75,
                        8.25,
                        0,
                        8
                    ],
                    "texture": "#0"
                },
                "down": {
                    "uv": [
                        8.75,
                        0,
                        8,
                        0.25
                    ],
                    "texture": "#0"
                }
            }
        },
        {
            "from": [
                7,
                7,
                13.5
            ],
            "to": [
                9,
                9,
                14.5
            ],
            "rotation": {
                "angle": 0,
                "axis": "y",
                "origin": [
                    6,
                    3,
                    7.5
                ]
            },
            "faces": {
                "north": {
                    "uv": [
                        7.75,
                        4.25,
                        8.25,
                        4.75
                    ],
                    "texture": "#0"
                },
                "east": {
                    "uv": [
                        8.25,
                        0.25,
                        8.5,
                        0.75
                    ],
                    "texture": "#0"
                },
                "south": {
                    "uv": [
                        4.5,
                        7.75,
                        5,
                        8.25
                    ],
                    "texture": "#0"
                },
                "west": {
                    "uv": [
                        0.5,
                        8.25,
                        0.75,
                        8.75
                    ],
                    "texture": "#0"
                },
                "up": {
                    "uv": [
                        1.75,
                        4.25,
                        1.25,
                        4
                    ],
                    "texture": "#0"
                },
                "down": {
                    "uv": [
                        8.75,
                        0.75,
                        8.25,
                        1
                    ],
                    "texture": "#0"
                }
            }
        }
    ],
    "display": {
        "head": {
            "translation": [
                0,
                0,
                -2.25
            ],
            "scale": [
                2,
                2,
                2
            ]
        }
    }
}