{
	"credit": "Made with Blockbench",
	"texture_size": [64, 64],
	"textures": {
		"1": "item/mob/stone/20045/texture"
	},
	"elements": [
		{
			"name": "head",
			"from": [2.72, 15.68, 2.72],
			"to": [13.28, 16.56, 13.28],
			"rotation": {"angle": 0, "axis": "y", "origin": [0.96, 2.04, 0.96]},
			"faces": {
				"north": {"uv": [6.75, 5.5, 9.5, 5.75], "texture": "#1"},
				"east": {"uv": [6.75, 5.75, 9.5, 6], "texture": "#1"},
				"south": {"uv": [6.75, 6, 9.5, 6.25], "texture": "#1"},
				"west": {"uv": [6.75, 6.25, 9.5, 6.5], "texture": "#1"},
				"up": {"uv": [2.75, 2.75, 0, 0], "texture": "#1"},
				"down": {"uv": [2.75, 2.75, 0, 5.5], "texture": "#1"}
			}
		},
		{
			"name": "head",
			"from": [3.6, 16.56, 3.6],
			"to": [12.4, 19.2, 12.4],
			"rotation": {"angle": 0, "axis": "y", "origin": [0.96, 2.04, 0.96]},
			"faces": {
				"north": {"uv": [4, 6.5, 6.25, 7.25], "texture": "#1"},
				"east": {"uv": [6.25, 6.5, 8.5, 7.25], "texture": "#1"},
				"south": {"uv": [6.75, 4, 9, 4.75], "texture": "#1"},
				"west": {"uv": [6.75, 4.75, 9, 5.5], "texture": "#1"},
				"up": {"uv": [5, 2.25, 2.75, 0], "texture": "#1"},
				"down": {"uv": [5, 2.25, 2.75, 4.5], "texture": "#1"}
			}
		}
	],
	"display": {
		"head": {
			"translation": [0, -11.5, 0],
			"scale": [1.65, 1.65, 1.65]
		}
	},
	"groups": [
		{
			"name": "steve",
			"origin": [8, 8, 8],
			"color": 0,
			"children": [0, 1]
		}
	]
}