{
    "credit": "Made with Blockbench",
    "textures": {
        "0": "item/mob/stone/20055/angel",
        "particle": "item/mob/stone/20055/angel"
    },
    "elements": [
        {
            "name": "left_arm",
            "from": [
                1,
                11.5,
                6
            ],
            "to": [
                4,
                23.5,
                10
            ],
            "faces": {
                "north": {
                    "uv": [
                        9,
                        13,
                        9.75,
                        16
                    ],
                    "texture": "#0"
                },
                "east": {
                    "uv": [
                        8,
                        13,
                        9,
                        16
                    ],
                    "texture": "#0"
                },
                "south": {
                    "uv": [
                        10.75,
                        13,
                        11.5,
                        16
                    ],
                    "texture": "#0"
                },
                "west": {
                    "uv": [
                        9.75,
                        13,
                        10.75,
                        16
                    ],
                    "texture": "#0"
                },
                "up": {
                    "uv": [
                        9.75,
                        13,
                        9,
                        12
                    ],
                    "texture": "#0"
                },
                "down": {
                    "uv": [
                        10.5,
                        12,
                        9.75,
                        13
                    ],
                    "texture": "#0"
                }
            }
        },
        {
            "name": "left_arm_2nd_layer",
            "from": [
                0.5,
                11,
                5.5
            ],
            "to": [
                4.5,
                24,
                10.5
            ],
            "faces": {
                "north": {
                    "uv": [
                        13,
                        13,
                        13.75,
                        16
                    ],
                    "texture": "#0"
                },
                "east": {
                    "uv": [
                        12,
                        13,
                        13,
                        16
                    ],
                    "texture": "#0"
                },
                "south": {
                    "uv": [
                        14.75,
                        13,
                        15.5,
                        16
                    ],
                    "texture": "#0"
                },
                "west": {
                    "uv": [
                        13.75,
                        13,
                        14.75,
                        16
                    ],
                    "texture": "#0"
                },
                "up": {
                    "uv": [
                        13.75,
                        13,
                        13,
                        12
                    ],
                    "texture": "#0"
                },
                "down": {
                    "uv": [
                        14.5,
                        12,
                        13.75,
                        13
                    ],
                    "texture": "#0"
                }
            }
        }
    ],
    "display": {
        "thirdperson_righthand": {
            "rotation": [
                90,
                0,
                0
            ],
            "translation": [
                -6,
                -1.75,
                -3.5
            ]
        },
        "thirdperson_lefthand": {
            "rotation": [
                90,
                0,
                0
            ],
            "translation": [
                -6,
                -1.75,
                -3.5
            ]
        },
        "head": {
            "translation": [
                0,
                -29,
                0
            ],
            "scale": [
                1.6,
                1.6,
                1.6
            ]
        }
    }
}