{
    "credit": "Made with Blockbench",
    "texture_size": [
        64,
        64
    ],
    "textures": {
        "2": "entity/bee/bee_angry",
        "main": "item/mob/stone/20054/wing1",
        "particle": "entity/bee/bee_angry"
    },
    "elements": [
        {
            "from": [
                4.5,
                3.82077,
                2.30157
            ],
            "to": [
                11.5,
                10.82077,
                12.30157
            ],
            "rotation": {
                "angle": 0,
                "axis": "y",
                "origin": [
                    1.5,
                    1.82077,
                    2.30157
                ]
            },
            "faces": {
                "north": {
                    "uv": [
                        2.5,
                        2.5,
                        4.25,
                        4.25
                    ],
                    "texture": "#2"
                },
                "east": {
                    "uv": [
                        0,
                        2.5,
                        2.5,
                        4.25
                    ],
                    "texture": "#2"
                },
                "south": {
                    "uv": [
                        6.75,
                        2.5,
                        8.5,
                        4.25
                    ],
                    "texture": "#2"
                },
                "west": {
                    "uv": [
                        4.25,
                        2.5,
                        6.75,
                        4.25
                    ],
                    "texture": "#2"
                },
                "up": {
                    "uv": [
                        2.5,
                        0,
                        4.25,
                        2.5
                    ],
                    "texture": "#2"
                },
                "down": {
                    "uv": [
                        4.25,
                        0,
                        6,
                        2.5
                    ],
                    "texture": "#2"
                }
            }
        },
        {
            "from": [
                4.5,
                1.82077,
                4.30157
            ],
            "to": [
                11.5,
                3.82077,
                4.30157
            ],
            "rotation": {
                "angle": 0,
                "axis": "y",
                "origin": [
                    11.5,
                    2.82077,
                    7.30157
                ]
            },
            "faces": {
                "north": {
                    "uv": [
                        6.5,
                        0.25,
                        8.25,
                        0.75
                    ],
                    "texture": "#2"
                },
                "south": {
                    "uv": [
                        6.5,
                        0.25,
                        8.25,
                        0.75
                    ],
                    "texture": "#2"
                }
            }
        },
        {
            "from": [
                9.5,
                8.82077,
                -4.69843
            ],
            "to": [
                9.5,
                10.82077,
                2.30157
            ],
            "rotation": {
                "angle": 0,
                "axis": "y",
                "origin": [
                    8,
                    2.82077,
                    -1.69843
                ]
            },
            "faces": {
                "east": {
                    "uv": [
                        2.25,
                        1.5,
                        0.5,
                        2
                    ],
                    "texture": "#2"
                },
                "west": {
                    "uv": [
                        0.5,
                        1.5,
                        2.25,
                        2
                    ],
                    "texture": "#2"
                }
            }
        },
        {
            "from": [
                6.5,
                8.82077,
                -4.69843
            ],
            "to": [
                6.5,
                10.82077,
                2.30157
            ],
            "rotation": {
                "angle": 0,
                "axis": "y",
                "origin": [
                    8,
                    2.82077,
                    -1.69843
                ]
            },
            "faces": {
                "east": {
                    "uv": [
                        2.25,
                        1.5,
                        0.5,
                        2
                    ],
                    "texture": "#2"
                },
                "west": {
                    "uv": [
                        0.5,
                        1.5,
                        2.25,
                        2
                    ],
                    "texture": "#2"
                }
            }
        },
        {
            "from": [
                4.5,
                2.22077,
                7.30157
            ],
            "to": [
                11.5,
                4.22077,
                7.30157
            ],
            "rotation": {
                "angle": -45,
                "axis": "x",
                "origin": [
                    11.5,
                    2.82077,
                    7.30157
                ]
            },
            "faces": {
                "north": {
                    "uv": [
                        6.5,
                        0.75,
                        8.25,
                        1.25
                    ],
                    "texture": "#2"
                },
                "south": {
                    "uv": [
                        6.5,
                        0.75,
                        8.25,
                        1.25
                    ],
                    "texture": "#2"
                }
            }
        },
        {
            "from": [
                4.5,
                0.22077,
                9.30157
            ],
            "to": [
                11.5,
                2.22077,
                9.30157
            ],
            "rotation": {
                "angle": -45,
                "axis": "x",
                "origin": [
                    11.5,
                    2.82077,
                    7.30157
                ]
            },
            "faces": {
                "north": {
                    "uv": [
                        6.5,
                        0.75,
                        8.25,
                        1.25
                    ],
                    "texture": "#2"
                },
                "south": {
                    "uv": [
                        6.5,
                        0.75,
                        8.25,
                        1.25
                    ],
                    "texture": "#2"
                }
            }
        },
        {
            "from": [
                9.6394,
                10.32517,
                -1.11725
            ],
            "to": [
                21.6394,
                10.32517,
                18.88275
            ],
            "rotation": {
                "angle": 22.5,
                "axis": "z",
                "origin": [
                    9.54829,
                    13.85828,
                    9.84525
                ]
            },
            "faces": {
                "north": {
                    "uv": [
                        8,
                        0,
                        9.5,
                        2.5
                    ],
                    "rotation": 180,
                    "texture": "#main"
                },
                "east": {
                    "uv": [
                        8,
                        0,
                        9.5,
                        2.5
                    ],
                    "rotation": 90,
                    "texture": "#main"
                },
                "south": {
                    "uv": [
                        8,
                        0,
                        9.5,
                        2.5
                    ],
                    "texture": "#main"
                },
                "west": {
                    "uv": [
                        8,
                        0,
                        9.5,
                        2.5
                    ],
                    "rotation": 270,
                    "texture": "#main"
                },
                "up": {
                    "uv": [
                        8,
                        0,
                        9.5,
                        2.5
                    ],
                    "texture": "#main"
                },
                "down": {
                    "uv": [
                        9.5,
                        0,
                        8,
                        2.5
                    ],
                    "rotation": 180,
                    "texture": "#main"
                }
            }
        },
        {
            "from": [
                11.03074,
                10.90055,
                -1.11725
            ],
            "to": [
                23.03074,
                10.90055,
                18.88275
            ],
            "rotation": {
                "angle": 0,
                "axis": "z",
                "origin": [
                    10.72209,
                    10.74889,
                    8.88275
                ]
            },
            "faces": {
                "north": {
                    "uv": [
                        0,
                        2.5,
                        1.5,
                        0
                    ],
                    "rotation": 180,
                    "texture": "#main"
                },
                "east": {
                    "uv": [
                        1.5,
                        0,
                        0,
                        2.5
                    ],
                    "rotation": 90,
                    "texture": "#main"
                },
                "south": {
                    "uv": [
                        0,
                        2.5,
                        1.5,
                        0
                    ],
                    "texture": "#main"
                },
                "west": {
                    "uv": [
                        1.5,
                        0,
                        0,
                        2.5
                    ],
                    "rotation": 270,
                    "texture": "#main"
                },
                "up": {
                    "uv": [
                        0,
                        0,
                        1.5,
                        2.5
                    ],
                    "texture": "#main"
                },
                "down": {
                    "uv": [
                        1.5,
                        0,
                        0,
                        2.5
                    ],
                    "rotation": 180,
                    "texture": "#main"
                }
            }
        },
        {
            "from": [
                -5.6394,
                10.32517,
                -1.11725
            ],
            "to": [
                6.3606,
                10.32517,
                18.88275
            ],
            "rotation": {
                "angle": -22.5,
                "axis": "z",
                "origin": [
                    6.45171,
                    13.85828,
                    9.84525
                ]
            },
            "faces": {
                "north": {
                    "uv": [
                        9.5,
                        0,
                        8,
                        2.5
                    ],
                    "rotation": 180,
                    "texture": "#main"
                },
                "east": {
                    "uv": [
                        8,
                        2.5,
                        9.5,
                        0
                    ],
                    "rotation": 270,
                    "texture": "#main"
                },
                "south": {
                    "uv": [
                        9.5,
                        0,
                        8,
                        2.5
                    ],
                    "texture": "#main"
                },
                "west": {
                    "uv": [
                        8,
                        2.5,
                        9.5,
                        0
                    ],
                    "rotation": 90,
                    "texture": "#main"
                },
                "up": {
                    "uv": [
                        9.5,
                        0,
                        8,
                        2.5
                    ],
                    "texture": "#main"
                },
                "down": {
                    "uv": [
                        8,
                        0,
                        9.5,
                        2.5
                    ],
                    "rotation": 180,
                    "texture": "#main"
                }
            }
        },
        {
            "from": [
                -7.03074,
                10.90055,
                -1.11725
            ],
            "to": [
                4.96926,
                10.90055,
                18.88275
            ],
            "rotation": {
                "angle": 0,
                "axis": "z",
                "origin": [
                    5.27791,
                    10.74889,
                    8.88275
                ]
            },
            "faces": {
                "north": {
                    "uv": [
                        1.5,
                        2.5,
                        0,
                        0
                    ],
                    "rotation": 180,
                    "texture": "#main"
                },
                "east": {
                    "uv": [
                        1.5,
                        2.5,
                        0,
                        0
                    ],
                    "rotation": 270,
                    "texture": "#main"
                },
                "south": {
                    "uv": [
                        1.5,
                        2.5,
                        0,
                        0
                    ],
                    "texture": "#main"
                },
                "west": {
                    "uv": [
                        1.5,
                        2.5,
                        0,
                        0
                    ],
                    "rotation": 90,
                    "texture": "#main"
                },
                "up": {
                    "uv": [
                        1.5,
                        0,
                        0,
                        2.5
                    ],
                    "texture": "#main"
                },
                "down": {
                    "uv": [
                        0,
                        0,
                        1.5,
                        2.5
                    ],
                    "rotation": 180,
                    "texture": "#main"
                }
            }
        }
    ],
    "display": {
        "head": {
            "translation": [
                0,
                5.5,
                1.5
            ],
            "scale": [
                2.99,
                2.99,
                2.99
            ]
        }
    },
    "groups": [
        {
            "name": "group",
            "origin": [
                8.08045,
                11.67494,
                7.68681
            ],
            "color": 0,
            "children": [
                0,
                1,
                2,
                3,
                4,
                5
            ]
        },
        {
            "name": "glass",
            "origin": [
                8,
                8,
                8
            ],
            "color": 0,
            "children": [
                6,
                7,
                {
                    "name": "group",
                    "origin": [
                        8.08045,
                        11.67494,
                        7.68681
                    ],
                    "color": 0,
                    "children": []
                }
            ]
        },
        {
            "name": "glass",
            "origin": [
                8,
                8,
                8
            ],
            "color": 0,
            "children": [
                8,
                9,
                {
                    "name": "group",
                    "origin": [
                        8.08045,
                        11.67494,
                        7.68681
                    ],
                    "color": 0,
                    "children": []
                }
            ]
        }
    ]
}