{
	"credit": "Made with Blockbench",
	"texture_size": [64, 64],
	"textures": {
		"0": "item/mob/stone/20052/texture",
		"main": "item/mob/stone/20052/wing1"
	},
	"elements": [
		{
			"from": [10.83398, 6.99953, 4.78864],
			"to": [15.83398, 8.99953, 6.78864],
			"rotation": {"angle": -22.5, "axis": "x", "origin": [6.08045, 11.67494, 2.68681]},
			"faces": {
				"north": {"uv": [0, 14.25, 1.25, 14.75], "texture": "#0"},
				"east": {"uv": [11.25, 14.75, 11.75, 15.25], "texture": "#0"},
				"south": {"uv": [9, 14, 10.25, 14.5], "texture": "#0"},
				"west": {"uv": [13.75, 14.75, 14.25, 15.25], "texture": "#0"},
				"up": {"uv": [10.75, 15.25, 10.25, 14], "rotation": 90, "texture": "#0"},
				"down": {"uv": [1.75, 14.25, 1.25, 15.5], "rotation": 270, "texture": "#0"}
			}
		},
		{
			"from": [13.83398, 6.99953, -0.21136],
			"to": [15.83398, 8.99953, 4.78864],
			"rotation": {"angle": -22.5, "axis": "x", "origin": [6.08045, 11.67494, 2.68681]},
			"faces": {
				"north": {"uv": [14.75, 14.75, 15.25, 15.25], "texture": "#0"},
				"east": {"uv": [13.25, 12.75, 15.5, 13.25], "texture": "#0"},
				"south": {"uv": [14.25, 14.75, 14.75, 15.25], "texture": "#0"},
				"west": {"uv": [13.25, 13.25, 15.5, 13.75], "texture": "#0"},
				"up": {"uv": [15.75, 2, 13.5, 1.5], "rotation": 90, "texture": "#0"},
				"down": {"uv": [15.75, 2, 13.5, 2.5], "rotation": 270, "texture": "#0"}
			}
		},
		{
			"from": [9.83869, 14.15276, 6.35899],
			"to": [14.83869, 16.15276, 8.35899],
			"rotation": {"angle": 0, "axis": "z", "origin": [6.08045, 11.67494, 2.68681]},
			"faces": {
				"north": {"uv": [10.75, 14.25, 12, 14.75], "texture": "#0"},
				"east": {"uv": [15, 3.5, 15.5, 4], "texture": "#0"},
				"south": {"uv": [1.75, 14.25, 3, 14.75], "texture": "#0"},
				"west": {"uv": [4, 15, 4.5, 15.5], "texture": "#0"},
				"up": {"uv": [12.5, 15.5, 12, 14.25], "rotation": 90, "texture": "#0"},
				"down": {"uv": [13, 14.25, 12.5, 15.5], "rotation": 270, "texture": "#0"}
			}
		},
		{
			"from": [9.83869, 11.15276, 6.35899],
			"to": [14.83869, 13.15276, 8.35899],
			"rotation": {"angle": 0, "axis": "z", "origin": [6.08045, 11.67494, 2.68681]},
			"faces": {
				"north": {"uv": [14.5, 0.75, 15.75, 1.25], "texture": "#0"},
				"east": {"uv": [5.5, 15, 6, 15.5], "texture": "#0"},
				"south": {"uv": [13.75, 14.25, 15, 14.75], "texture": "#0"},
				"west": {"uv": [6, 15, 6.5, 15.5], "texture": "#0"},
				"up": {"uv": [3.5, 15.75, 3, 14.5], "rotation": 90, "texture": "#0"},
				"down": {"uv": [4, 14.5, 3.5, 15.75], "rotation": 270, "texture": "#0"}
			}
		},
		{
			"from": [14.34266, 14.15276, -0.42441],
			"to": [16.34266, 16.15276, 4.57559],
			"rotation": {"angle": -22.5, "axis": "y", "origin": [6.08045, 11.67494, 2.68681]},
			"faces": {
				"north": {"uv": [7, 15, 7.5, 15.5], "texture": "#0"},
				"east": {"uv": [13.5, 2.5, 15.75, 3], "texture": "#0"},
				"south": {"uv": [6.5, 15, 7, 15.5], "texture": "#0"},
				"west": {"uv": [13.5, 3, 15.75, 3.5], "texture": "#0"},
				"up": {"uv": [6.25, 14, 4, 13.5], "rotation": 90, "texture": "#0"},
				"down": {"uv": [8.5, 13.5, 6.25, 14], "rotation": 270, "texture": "#0"}
			}
		},
		{
			"from": [14.34266, 11.15276, -0.42441],
			"to": [16.34266, 13.15276, 4.57559],
			"rotation": {"angle": -22.5, "axis": "y", "origin": [6.08045, 11.67494, 2.68681]},
			"faces": {
				"north": {"uv": [9, 15, 9.5, 15.5], "texture": "#0"},
				"east": {"uv": [8.5, 13.5, 10.75, 14], "texture": "#0"},
				"south": {"uv": [7.5, 15, 8, 15.5], "texture": "#0"},
				"west": {"uv": [13.5, 11.75, 15.75, 12.25], "texture": "#0"},
				"up": {"uv": [15.75, 12.75, 13.5, 12.25], "rotation": 90, "texture": "#0"},
				"down": {"uv": [2.25, 13.75, 0, 14.25], "rotation": 270, "texture": "#0"}
			}
		},
		{
			"from": [0.70055, 6.99953, 4.78864],
			"to": [5.70055, 8.99953, 6.78864],
			"rotation": {"angle": -22.5, "axis": "x", "origin": [11.08045, 11.67494, 2.68681]},
			"faces": {
				"north": {"uv": [3.25, 14, 4.5, 14.5], "texture": "#0"},
				"east": {"uv": [1.75, 14.75, 2.25, 15.25], "texture": "#0"},
				"south": {"uv": [13.75, 13.75, 15, 14.25], "texture": "#0"},
				"west": {"uv": [2.25, 14.75, 2.75, 15.25], "texture": "#0"},
				"up": {"uv": [5, 15.25, 4.5, 14], "rotation": 90, "texture": "#0"},
				"down": {"uv": [5.5, 14, 5, 15.25], "rotation": 270, "texture": "#0"}
			}
		},
		{
			"from": [0.70055, 6.99953, -0.21136],
			"to": [2.70055, 8.99953, 4.78864],
			"rotation": {"angle": -22.5, "axis": "x", "origin": [11.08045, 11.67494, 2.68681]},
			"faces": {
				"north": {"uv": [0.75, 14.75, 1.25, 15.25], "texture": "#0"},
				"east": {"uv": [13, 7.75, 15.25, 8.25], "texture": "#0"},
				"south": {"uv": [9.75, 14.5, 10.25, 15], "texture": "#0"},
				"west": {"uv": [13, 8.25, 15.25, 8.75], "texture": "#0"},
				"up": {"uv": [15.25, 9.25, 13, 8.75], "rotation": 90, "texture": "#0"},
				"down": {"uv": [15.25, 9.25, 13, 9.75], "rotation": 270, "texture": "#0"}
			}
		},
		{
			"from": [1.69584, 14.15276, 6.35899],
			"to": [6.69584, 16.15276, 8.35899],
			"rotation": {"angle": 0, "axis": "z", "origin": [11.08045, 11.67494, 2.68681]},
			"faces": {
				"north": {"uv": [5.75, 11.25, 7, 11.75], "texture": "#0"},
				"east": {"uv": [5, 2.5, 5.5, 3], "texture": "#0"},
				"south": {"uv": [11, 4, 12.25, 4.5], "texture": "#0"},
				"west": {"uv": [10.5, 1.75, 11, 2.25], "texture": "#0"},
				"up": {"uv": [4.5, 11.25, 4, 10], "rotation": 90, "texture": "#0"},
				"down": {"uv": [13.75, 13.75, 13.25, 15], "rotation": 270, "texture": "#0"}
			}
		},
		{
			"from": [1.69584, 11.15276, 6.35899],
			"to": [6.69584, 13.15276, 8.35899],
			"rotation": {"angle": 0, "axis": "z", "origin": [11.08045, 11.67494, 2.68681]},
			"faces": {
				"north": {"uv": [6.75, 14, 8, 14.5], "texture": "#0"},
				"east": {"uv": [14.75, 5.5, 15.25, 6], "texture": "#0"},
				"south": {"uv": [5.5, 14, 6.75, 14.5], "texture": "#0"},
				"west": {"uv": [10.75, 14.75, 11.25, 15.25], "texture": "#0"},
				"up": {"uv": [8.5, 15.25, 8, 14], "rotation": 90, "texture": "#0"},
				"down": {"uv": [9, 14, 8.5, 15.25], "rotation": 270, "texture": "#0"}
			}
		},
		{
			"from": [0.23955, 14.15276, -0.66412],
			"to": [2.23955, 16.15276, 4.33588],
			"rotation": {"angle": 22.5, "axis": "y", "origin": [11.08045, 11.67494, 2.68681]},
			"faces": {
				"north": {"uv": [7.5, 14.5, 8, 15], "texture": "#0"},
				"east": {"uv": [12.25, 6.75, 14.5, 7.25], "texture": "#0"},
				"south": {"uv": [4, 14.5, 4.5, 15], "texture": "#0"},
				"west": {"uv": [12.25, 7.25, 14.5, 7.75], "texture": "#0"},
				"up": {"uv": [15, 4, 12.75, 3.5], "rotation": 90, "texture": "#0"},
				"down": {"uv": [15.25, 6.25, 13, 6.75], "rotation": 270, "texture": "#0"}
			}
		},
		{
			"from": [0.23955, 11.15276, -0.66412],
			"to": [2.23955, 13.15276, 4.33588],
			"rotation": {"angle": 22.5, "axis": "y", "origin": [11.08045, 11.67494, 2.68681]},
			"faces": {
				"north": {"uv": [14.75, 5, 15.25, 5.5], "texture": "#0"},
				"east": {"uv": [13, 9.75, 15.25, 10.25], "texture": "#0"},
				"south": {"uv": [14.75, 4.5, 15.25, 5], "texture": "#0"},
				"west": {"uv": [13, 10.25, 15.25, 10.75], "texture": "#0"},
				"up": {"uv": [15.25, 11.25, 13, 10.75], "rotation": 90, "texture": "#0"},
				"down": {"uv": [15.25, 11.25, 13, 11.75], "rotation": 270, "texture": "#0"}
			}
		},
		{
			"from": [11.76727, 21.39691, 1.50738],
			"to": [11.76727, 28.39691, 8.50738],
			"rotation": {"angle": -22.5, "axis": "x", "origin": [8.08045, 11.67494, 7.68681]},
			"faces": {
				"north": {"uv": [0, 0, 0, 1.75], "texture": "#0"},
				"east": {"uv": [0, 12, 1.75, 13.75], "rotation": 270, "texture": "#0"},
				"south": {"uv": [0, 0, 0, 1.75], "texture": "#0"},
				"west": {"uv": [0, 12, 1.75, 13.75], "texture": "#0"},
				"up": {"uv": [1.75, 0, 0, 0], "rotation": 90, "texture": "#0"},
				"down": {"uv": [1.75, 0, 0, 0], "rotation": 270, "texture": "#0"}
			}
		},
		{
			"from": [4.76727, 21.39691, 1.50738],
			"to": [4.76727, 28.39691, 8.50738],
			"rotation": {"angle": -22.5, "axis": "x", "origin": [8.08045, 11.67494, 7.68681]},
			"faces": {
				"north": {"uv": [0, 0, 0, 1.75], "texture": "#0"},
				"east": {"uv": [0, 12, 1.75, 13.75], "rotation": 270, "texture": "#0"},
				"south": {"uv": [0, 0, 0, 1.75], "texture": "#0"},
				"west": {"uv": [0, 12, 1.75, 13.75], "texture": "#0"},
				"up": {"uv": [1.75, 0, 0, 0], "rotation": 90, "texture": "#0"},
				"down": {"uv": [1.75, 0, 0, 0], "rotation": 270, "texture": "#0"}
			}
		},
		{
			"from": [2.69584, -3.00049, 1.11809],
			"to": [12.69584, 6.99951, 9.11809],
			"rotation": {"angle": -22.5, "axis": "x", "origin": [7.69584, 2.08971, 0.83585]},
			"faces": {
				"north": {"uv": [0, 5.5, 2.5, 8], "texture": "#0"},
				"east": {"uv": [7.5, 0, 9.5, 2.5], "texture": "#0"},
				"south": {"uv": [5, 0, 7.5, 2.5], "texture": "#0"},
				"west": {"uv": [2.5, 7.5, 4.5, 10], "texture": "#0"},
				"up": {"uv": [9.75, 7, 7.75, 4.5], "rotation": 90, "texture": "#0"},
				"down": {"uv": [9.75, 7, 7.75, 9.5], "rotation": 270, "texture": "#0"}
			}
		},
		{
			"from": [2.69584, 10.92423, 5.54005],
			"to": [12.69584, 13.92423, 14.54005],
			"rotation": {"angle": 22.5, "axis": "x", "origin": [8.08045, 11.67494, 7.68681]},
			"faces": {
				"north": {"uv": [12.25, 0, 14.75, 0.75], "texture": "#0"},
				"east": {"uv": [12.25, 0.75, 14.5, 1.5], "texture": "#0"},
				"south": {"uv": [11, 12, 13.5, 12.75], "texture": "#0"},
				"west": {"uv": [12.25, 4, 14.5, 4.75], "texture": "#0"},
				"up": {"uv": [7.75, 7, 5.5, 4.5], "rotation": 90, "texture": "#0"},
				"down": {"uv": [7.75, 7, 5.5, 9.5], "rotation": 270, "texture": "#0"}
			}
		},
		{
			"from": [3.76727, 10.17724, 6.80228],
			"to": [11.76727, 19.17724, 13.80228],
			"rotation": {"angle": 0, "axis": "z", "origin": [8.08045, 11.67494, 7.68681]},
			"faces": {
				"north": {"uv": [9.25, 9.5, 11.25, 11.75], "texture": "#0"},
				"east": {"uv": [11, 1.75, 12.75, 4], "texture": "#0"},
				"south": {"uv": [7.25, 9.5, 9.25, 11.75], "texture": "#0"},
				"west": {"uv": [4, 11.25, 5.75, 13.5], "texture": "#0"},
				"up": {"uv": [13, 10, 11.25, 8], "rotation": 90, "texture": "#0"},
				"down": {"uv": [13, 10, 11.25, 12], "rotation": 270, "texture": "#0"}
			}
		},
		{
			"from": [1.69584, 2.92423, 5.04005],
			"to": [13.69584, 10.92423, 15.04005],
			"rotation": {"angle": 22.5, "axis": "x", "origin": [8.08045, 11.67494, 7.68681]},
			"faces": {
				"north": {"uv": [5.5, 2.5, 8.5, 4.5], "texture": "#0"},
				"east": {"uv": [0, 8, 2.5, 10], "texture": "#0"},
				"south": {"uv": [2.5, 5.5, 5.5, 7.5], "texture": "#0"},
				"west": {"uv": [8.5, 2.5, 11, 4.5], "texture": "#0"},
				"up": {"uv": [2.5, 3, 0, 0], "rotation": 90, "texture": "#0"},
				"down": {"uv": [5, 0, 2.5, 3], "rotation": 270, "texture": "#0"}
			}
		},
		{
			"from": [3.69584, -2.00049, -1.88191],
			"to": [11.69584, 5.99951, 1.11809],
			"rotation": {"angle": -22.5, "axis": "x", "origin": [7.69584, 2.08971, 0.83585]},
			"faces": {
				"north": {"uv": [2, 10, 4, 12], "texture": "#0"},
				"east": {"uv": [4.5, 7.5, 5.25, 9.5], "texture": "#0"},
				"south": {"uv": [0, 10, 2, 12], "texture": "#0"},
				"west": {"uv": [3.25, 12, 4, 14], "texture": "#0"},
				"up": {"uv": [13, 6.75, 12.25, 4.75], "rotation": 90, "texture": "#0"},
				"down": {"uv": [13.5, 1.5, 12.75, 3.5], "rotation": 270, "texture": "#0"}
			}
		},
		{
			"from": [4.69584, -1.91635, -3.56439],
			"to": [10.69584, 4.08365, -0.56439],
			"rotation": {"angle": 0, "axis": "z", "origin": [7.69584, 2.08971, 0.83585]},
			"faces": {
				"north": {"uv": [1.75, 12, 3.25, 13.5], "texture": "#0"},
				"east": {"uv": [11, 12.75, 11.75, 14.25], "texture": "#0"},
				"south": {"uv": [9.75, 8, 11.25, 9.5], "texture": "#0"},
				"west": {"uv": [11.75, 12.75, 12.5, 14.25], "texture": "#0"},
				"up": {"uv": [13.25, 14.25, 12.5, 12.75], "rotation": 90, "texture": "#0"},
				"down": {"uv": [13.75, 4.75, 13, 6.25], "rotation": 270, "texture": "#0"}
			}
		},
		{
			"from": [2.76727, 15.39691, 6.50738],
			"to": [12.76727, 22.39691, 17.50738],
			"rotation": {"angle": -22.5, "axis": "x", "origin": [8.08045, 11.67494, 7.68681]},
			"faces": {
				"north": {"uv": [9.75, 6.25, 12.25, 8], "texture": "#0"},
				"east": {"uv": [9.5, 0, 12.25, 1.75], "texture": "#0"},
				"south": {"uv": [9.75, 4.5, 12.25, 6.25], "texture": "#0"},
				"west": {"uv": [4.5, 9.5, 7.25, 11.25], "texture": "#0"},
				"up": {"uv": [2.75, 5.5, 0, 3], "rotation": 90, "texture": "#0"},
				"down": {"uv": [5.5, 3, 2.75, 5.5], "rotation": 270, "texture": "#0"}
			}
		},
		{
			"from": [11.57056, 3, 13.78834],
			"to": [11.57056, 23, 25.78834],
			"rotation": {"angle": 22.5, "axis": "y", "origin": [11.57056, 13, 14.13148]},
			"faces": {
				"north": {"uv": [8, 0, 9.5, 2.5], "texture": "#main"},
				"east": {"uv": [9.5, 0, 8, 2.5], "texture": "#main"},
				"south": {"uv": [8, 0, 9.5, 2.5], "texture": "#main"},
				"west": {"uv": [8, 0, 9.5, 2.5], "texture": "#main"},
				"up": {"uv": [8, 0, 9.5, 2.5], "rotation": 90, "texture": "#main"},
				"down": {"uv": [8, 0, 9.5, 2.5], "rotation": 270, "texture": "#main"}
			}
		},
		{
			"from": [4.67107, 3, 13.49545],
			"to": [4.67107, 23, 25.49545],
			"rotation": {"angle": -22.5, "axis": "y", "origin": [3.96396, 13, 13.13149]},
			"faces": {
				"north": {"uv": [9.5, 0, 8, 2.5], "texture": "#main"},
				"east": {"uv": [9.5, 0, 8, 2.5], "texture": "#main"},
				"south": {"uv": [9.5, 0, 8, 2.5], "texture": "#main"},
				"west": {"uv": [8, 0, 9.5, 2.5], "texture": "#main"},
				"up": {"uv": [8, 2.5, 9.5, 0], "rotation": 90, "texture": "#main"},
				"down": {"uv": [8, 2.5, 9.5, 0], "rotation": 270, "texture": "#main"}
			}
		},
		{
			"from": [11.57056, 3, 13.78834],
			"to": [11.57056, 23, 25.78834],
			"rotation": {"angle": 45, "axis": "y", "origin": [11.57056, 13, 14.13148]},
			"faces": {
				"north": {"uv": [0, 0, 1.5, 2.5], "texture": "#main"},
				"east": {"uv": [1.5, 0, 0, 2.5], "texture": "#main"},
				"south": {"uv": [0, 0, 1.5, 2.5], "texture": "#main"},
				"west": {"uv": [0, 0, 1.5, 2.5], "texture": "#main"},
				"up": {"uv": [0, 0, 1.5, 2.5], "rotation": 90, "texture": "#main"},
				"down": {"uv": [0, 0, 1.5, 2.5], "rotation": 270, "texture": "#main"}
			}
		},
		{
			"from": [4.67107, 3, 13.49545],
			"to": [4.67107, 23, 25.49545],
			"rotation": {"angle": -45, "axis": "y", "origin": [3.96396, 13, 13.13149]},
			"faces": {
				"north": {"uv": [1.5, 0, 0, 2.5], "texture": "#main"},
				"east": {"uv": [1.5, 0, 0, 2.5], "texture": "#main"},
				"south": {"uv": [1.5, 0, 0, 2.5], "texture": "#main"},
				"west": {"uv": [0, 0, 1.5, 2.5], "texture": "#main"},
				"up": {"uv": [0, 2.5, 1.5, 0], "rotation": 90, "texture": "#main"},
				"down": {"uv": [0, 2.5, 1.5, 0], "rotation": 270, "texture": "#main"}
			}
		}
	],
	"display": {
		"head": {
			"translation": [0, -15.25, 0],
			"scale": [3.51, 3.51, 3.51]
		}
	},
	"groups": [
		{
			"name": "group",
			"origin": [17.2083, 11.15276, 19.8759],
			"color": 0,
			"children": [
				0,
				1,
				2,
				3,
				4,
				5,
				{
					"name": "group",
					"origin": [17.2083, 11.15276, 19.8759],
					"color": 0,
					"children": [6, 7, 8, 9, 10, 11]
				}
			]
		},
		{
			"name": "group",
			"origin": [8.90179, 6.80674, 8.06122],
			"color": 0,
			"children": [12, 13]
		},
		{
			"name": "group",
			"origin": [8.08045, 11.67494, 7.68681],
			"color": 0,
			"children": []
		},
		{
			"name": "group",
			"origin": [7.69584, 2.08971, 0.83585],
			"color": 0,
			"children": [14, 15, 16, 17, 18, 19, 20]
		},
		{
			"name": "glass",
			"origin": [8, 8, 8],
			"color": 0,
			"children": [
				21,
				22,
				{
					"name": "group",
					"origin": [8.08045, 11.67494, 7.68681],
					"color": 0,
					"children": [23, 24]
				}
			]
		}
	]
}