{
	"credit": "Made with Blockbench",
	"texture_size": [64, 64],
	"textures": {
		"0": "item/mob/stone/20053/texture",
		"main": "item/mob/stone/20053/wing1"
	},
	"elements": [
		{
			"from": [10.83398, 9.51343, 8.69541],
			"to": [15.83398, 11.51343, 10.69541],
			"rotation": {"angle": -45, "axis": "x", "origin": [8.04829, 12.03751, 7.54368]},
			"faces": {
				"north": {"uv": [10.75, 15.25, 10.25, 14], "rotation": 270, "texture": "#0"},
				"east": {"uv": [11.25, 14.75, 11.75, 15.25], "rotation": 90, "texture": "#0"},
				"south": {"uv": [1.75, 14.25, 1.25, 15.5], "rotation": 270, "texture": "#0"},
				"west": {"uv": [13.75, 14.75, 14.25, 15.25], "rotation": 270, "texture": "#0"},
				"up": {"uv": [9, 14, 10.25, 14.5], "texture": "#0"},
				"down": {"uv": [0, 14.25, 1.25, 14.75], "rotation": 180, "texture": "#0"}
			}
		},
		{
			"from": [13.83398, 4.51343, 8.69541],
			"to": [15.83398, 9.51343, 10.69541],
			"rotation": {"angle": -45, "axis": "x", "origin": [8.04829, 12.03751, 7.54368]},
			"faces": {
				"north": {"uv": [15.75, 2, 13.5, 1.5], "rotation": 270, "texture": "#0"},
				"east": {"uv": [13.25, 12.75, 15.5, 13.25], "rotation": 90, "texture": "#0"},
				"south": {"uv": [15.75, 2, 13.5, 2.5], "rotation": 270, "texture": "#0"},
				"west": {"uv": [13.25, 13.25, 15.5, 13.75], "rotation": 270, "texture": "#0"},
				"up": {"uv": [14.25, 14.75, 14.75, 15.25], "texture": "#0"},
				"down": {"uv": [14.75, 14.75, 15.25, 15.25], "rotation": 180, "texture": "#0"}
			}
		},
		{
			"from": [9.83869, 10.85282, 3.42842],
			"to": [14.83869, 12.85282, 5.42842],
			"rotation": {"angle": -22.5, "axis": "x", "origin": [8.04829, 12.03751, 7.54368]},
			"faces": {
				"north": {"uv": [12.5, 15.5, 12, 14.25], "rotation": 270, "texture": "#0"},
				"east": {"uv": [15, 3.5, 15.5, 4], "rotation": 90, "texture": "#0"},
				"south": {"uv": [13, 14.25, 12.5, 15.5], "rotation": 270, "texture": "#0"},
				"west": {"uv": [4, 15, 4.5, 15.5], "rotation": 270, "texture": "#0"},
				"up": {"uv": [1.75, 14.25, 3, 14.75], "texture": "#0"},
				"down": {"uv": [10.75, 14.25, 12, 14.75], "rotation": 180, "texture": "#0"}
			}
		},
		{
			"from": [9.83869, 10.85282, 6.42842],
			"to": [14.83869, 12.85282, 8.42842],
			"rotation": {"angle": -22.5, "axis": "x", "origin": [8.04829, 12.03751, 7.54368]},
			"faces": {
				"north": {"uv": [3.5, 15.75, 3, 14.5], "rotation": 270, "texture": "#0"},
				"east": {"uv": [5.5, 15, 6, 15.5], "rotation": 90, "texture": "#0"},
				"south": {"uv": [4, 14.5, 3.5, 15.75], "rotation": 270, "texture": "#0"},
				"west": {"uv": [6, 15, 6.5, 15.5], "rotation": 270, "texture": "#0"},
				"up": {"uv": [13.75, 14.25, 15, 14.75], "texture": "#0"},
				"down": {"uv": [14.5, 0.75, 15.75, 1.25], "rotation": 180, "texture": "#0"}
			}
		},
		{
			"from": [12.83869, 5.80253, 3.17561],
			"to": [14.83869, 10.80253, 5.17561],
			"rotation": {"angle": -22.5, "axis": "x", "origin": [8.25317, 12.64785, 7.29086]},
			"faces": {
				"north": {"uv": [6.25, 14, 4, 13.5], "rotation": 270, "texture": "#0"},
				"east": {"uv": [13.5, 2.5, 15.75, 3], "rotation": 90, "texture": "#0"},
				"south": {"uv": [8.5, 13.5, 6.25, 14], "rotation": 270, "texture": "#0"},
				"west": {"uv": [13.5, 3, 15.75, 3.5], "rotation": 270, "texture": "#0"},
				"up": {"uv": [6.5, 15, 7, 15.5], "texture": "#0"},
				"down": {"uv": [7, 15, 7.5, 15.5], "rotation": 180, "texture": "#0"}
			}
		},
		{
			"from": [12.83869, 5.80253, 6.17561],
			"to": [14.83869, 10.80253, 8.17561],
			"rotation": {"angle": -22.5, "axis": "x", "origin": [8.25317, 12.64785, 7.29086]},
			"faces": {
				"north": {"uv": [15.75, 12.75, 13.5, 12.25], "rotation": 270, "texture": "#0"},
				"east": {"uv": [8.5, 13.5, 10.75, 14], "rotation": 90, "texture": "#0"},
				"south": {"uv": [2.25, 13.75, 0, 14.25], "rotation": 270, "texture": "#0"},
				"west": {"uv": [13.5, 11.75, 15.75, 12.25], "rotation": 270, "texture": "#0"},
				"up": {"uv": [7.5, 15, 8, 15.5], "texture": "#0"},
				"down": {"uv": [9, 15, 9.5, 15.5], "rotation": 180, "texture": "#0"}
			}
		},
		{
			"from": [0.70055, 9.51343, 8.69541],
			"to": [5.70055, 11.51343, 10.69541],
			"rotation": {"angle": -45, "axis": "x", "origin": [8.04829, 12.03751, 7.54368]},
			"faces": {
				"north": {"uv": [5, 15.25, 4.5, 14], "rotation": 270, "texture": "#0"},
				"east": {"uv": [1.75, 14.75, 2.25, 15.25], "rotation": 90, "texture": "#0"},
				"south": {"uv": [5.5, 14, 5, 15.25], "rotation": 270, "texture": "#0"},
				"west": {"uv": [2.25, 14.75, 2.75, 15.25], "rotation": 270, "texture": "#0"},
				"up": {"uv": [13.75, 13.75, 15, 14.25], "texture": "#0"},
				"down": {"uv": [3.25, 14, 4.5, 14.5], "rotation": 180, "texture": "#0"}
			}
		},
		{
			"from": [0.70055, 4.51343, 8.69541],
			"to": [2.70055, 9.51343, 10.69541],
			"rotation": {"angle": -45, "axis": "x", "origin": [8.04829, 12.03751, 7.54368]},
			"faces": {
				"north": {"uv": [15.25, 9.25, 13, 8.75], "rotation": 270, "texture": "#0"},
				"east": {"uv": [13, 7.75, 15.25, 8.25], "rotation": 90, "texture": "#0"},
				"south": {"uv": [15.25, 9.25, 13, 9.75], "rotation": 270, "texture": "#0"},
				"west": {"uv": [13, 8.25, 15.25, 8.75], "rotation": 270, "texture": "#0"},
				"up": {"uv": [9.75, 14.5, 10.25, 15], "texture": "#0"},
				"down": {"uv": [0.75, 14.75, 1.25, 15.25], "rotation": 180, "texture": "#0"}
			}
		},
		{
			"from": [1.69584, 10.85282, 3.42842],
			"to": [6.69584, 12.85282, 5.42842],
			"rotation": {"angle": -22.5, "axis": "x", "origin": [8.04829, 12.03751, 7.54368]},
			"faces": {
				"north": {"uv": [4.5, 11.25, 4, 10], "rotation": 270, "texture": "#0"},
				"east": {"uv": [5, 2.5, 5.5, 3], "rotation": 90, "texture": "#0"},
				"south": {"uv": [13.75, 13.75, 13.25, 15], "rotation": 270, "texture": "#0"},
				"west": {"uv": [10.5, 1.75, 11, 2.25], "rotation": 270, "texture": "#0"},
				"up": {"uv": [11, 4, 12.25, 4.5], "texture": "#0"},
				"down": {"uv": [5.75, 11.25, 7, 11.75], "rotation": 180, "texture": "#0"}
			}
		},
		{
			"from": [1.69584, 10.85282, 6.42842],
			"to": [6.69584, 12.85282, 8.42842],
			"rotation": {"angle": -22.5, "axis": "x", "origin": [8.04829, 12.03751, 7.54368]},
			"faces": {
				"north": {"uv": [8.5, 15.25, 8, 14], "rotation": 270, "texture": "#0"},
				"east": {"uv": [14.75, 5.5, 15.25, 6], "rotation": 90, "texture": "#0"},
				"south": {"uv": [9, 14, 8.5, 15.25], "rotation": 270, "texture": "#0"},
				"west": {"uv": [10.75, 14.75, 11.25, 15.25], "rotation": 270, "texture": "#0"},
				"up": {"uv": [5.5, 14, 6.75, 14.5], "texture": "#0"},
				"down": {"uv": [6.75, 14, 8, 14.5], "rotation": 180, "texture": "#0"}
			}
		},
		{
			"from": [1.69584, 5.81529, 3.23974],
			"to": [3.69584, 10.81529, 5.23974],
			"rotation": {"angle": -22.5, "axis": "x", "origin": [7.87674, 12.49302, 7.355]},
			"faces": {
				"north": {"uv": [15, 4, 12.75, 3.5], "rotation": 270, "texture": "#0"},
				"east": {"uv": [12.25, 6.75, 14.5, 7.25], "rotation": 90, "texture": "#0"},
				"south": {"uv": [15.25, 6.25, 13, 6.75], "rotation": 270, "texture": "#0"},
				"west": {"uv": [12.25, 7.25, 14.5, 7.75], "rotation": 270, "texture": "#0"},
				"up": {"uv": [4, 14.5, 4.5, 15], "texture": "#0"},
				"down": {"uv": [7.5, 14.5, 8, 15], "rotation": 180, "texture": "#0"}
			}
		},
		{
			"from": [1.69584, 5.81529, 6.23974],
			"to": [3.69584, 10.81529, 8.23974],
			"rotation": {"angle": -22.5, "axis": "x", "origin": [7.87674, 12.49302, 7.355]},
			"faces": {
				"north": {"uv": [15.25, 11.25, 13, 10.75], "rotation": 270, "texture": "#0"},
				"east": {"uv": [13, 9.75, 15.25, 10.25], "rotation": 90, "texture": "#0"},
				"south": {"uv": [15.25, 11.25, 13, 11.75], "rotation": 270, "texture": "#0"},
				"west": {"uv": [13, 10.25, 15.25, 10.75], "rotation": 270, "texture": "#0"},
				"up": {"uv": [14.75, 4.5, 15.25, 5], "texture": "#0"},
				"down": {"uv": [14.75, 5, 15.25, 5.5], "rotation": 180, "texture": "#0"}
			}
		},
		{
			"from": [11.76727, 1.05266, -10.02339],
			"to": [11.76727, 8.05266, -3.02339],
			"rotation": {"angle": 45, "axis": "x", "origin": [8.1006, 11.12863, 1.13347]},
			"faces": {
				"north": {"uv": [1.75, 0, 0, 0], "rotation": 270, "texture": "#0"},
				"east": {"uv": [0, 12, 1.75, 13.75], "texture": "#0"},
				"south": {"uv": [1.75, 0, 0, 0], "rotation": 270, "texture": "#0"},
				"west": {"uv": [0, 12, 1.75, 13.75], "rotation": 270, "texture": "#0"},
				"up": {"uv": [0, 0, 0, 1.75], "texture": "#0"},
				"down": {"uv": [0, 0, 0, 1.75], "rotation": 180, "texture": "#0"}
			}
		},
		{
			"from": [4.76727, 1.05266, -10.02339],
			"to": [4.76727, 8.05266, -3.02339],
			"rotation": {"angle": 45, "axis": "x", "origin": [8.1006, 11.12863, 1.13347]},
			"faces": {
				"north": {"uv": [1.75, 0, 0, 0], "rotation": 270, "texture": "#0"},
				"east": {"uv": [0, 12, 1.75, 13.75], "texture": "#0"},
				"south": {"uv": [1.75, 0, 0, 0], "rotation": 270, "texture": "#0"},
				"west": {"uv": [0, 12, 1.75, 13.75], "rotation": 270, "texture": "#0"},
				"up": {"uv": [0, 0, 0, 1.75], "texture": "#0"},
				"down": {"uv": [0, 0, 0, 1.75], "rotation": 180, "texture": "#0"}
			}
		},
		{
			"from": [2.69584, 6.73734, 12.01898],
			"to": [12.69584, 16.73734, 20.01898],
			"rotation": {"angle": 22.5, "axis": "x", "origin": [7.69584, 11.64714, 20.30122]},
			"faces": {
				"north": {"uv": [5, 0, 7.5, 2.5], "rotation": 180, "texture": "#0"},
				"east": {"uv": [7.5, 0, 9.5, 2.5], "rotation": 180, "texture": "#0"},
				"south": {"uv": [0, 5.5, 2.5, 8], "rotation": 180, "texture": "#0"},
				"west": {"uv": [2.5, 7.5, 4.5, 10], "rotation": 180, "texture": "#0"},
				"up": {"uv": [9.75, 7, 7.75, 9.5], "rotation": 270, "texture": "#0"},
				"down": {"uv": [9.75, 7, 7.75, 4.5], "rotation": 90, "texture": "#0"}
			}
		},
		{
			"from": [2.69584, 10.16173, 5.57458],
			"to": [12.69584, 19.16173, 8.57458],
			"rotation": {"angle": 0, "axis": "x", "origin": [8.04829, 12.03751, 7.54368]},
			"faces": {
				"north": {"uv": [7.75, 7, 5.5, 4.5], "rotation": 270, "texture": "#0"},
				"east": {"uv": [12.25, 0.75, 14.5, 1.5], "rotation": 90, "texture": "#0"},
				"south": {"uv": [7.75, 7, 5.5, 9.5], "rotation": 270, "texture": "#0"},
				"west": {"uv": [12.25, 4, 14.5, 4.75], "rotation": 270, "texture": "#0"},
				"up": {"uv": [11, 12, 13.5, 12.75], "texture": "#0"},
				"down": {"uv": [12.25, 0, 14.75, 0.75], "rotation": 180, "texture": "#0"}
			}
		},
		{
			"from": [3.76727, 11.29611, 0.40394],
			"to": [11.76727, 18.29611, 9.40394],
			"rotation": {"angle": -22.5, "axis": "x", "origin": [8.04829, 12.03751, 7.54368]},
			"faces": {
				"north": {"uv": [13, 10, 11.25, 8], "rotation": 270, "texture": "#0"},
				"east": {"uv": [11, 1.75, 12.75, 4], "rotation": 90, "texture": "#0"},
				"south": {"uv": [13, 10, 11.25, 12], "rotation": 270, "texture": "#0"},
				"west": {"uv": [4, 11.25, 5.75, 13.5], "rotation": 270, "texture": "#0"},
				"up": {"uv": [7.25, 9.5, 9.25, 11.75], "texture": "#0"},
				"down": {"uv": [9.25, 9.5, 11.25, 11.75], "rotation": 180, "texture": "#0"}
			}
		},
		{
			"from": [1.69584, 9.66173, 8.57458],
			"to": [13.69584, 19.66173, 16.57458],
			"rotation": {"angle": 0, "axis": "x", "origin": [8.04829, 12.03751, 7.54368]},
			"faces": {
				"north": {"uv": [2.5, 3, 0, 0], "rotation": 270, "texture": "#0"},
				"east": {"uv": [0, 8, 2.5, 10], "rotation": 90, "texture": "#0"},
				"south": {"uv": [5, 0, 2.5, 3], "rotation": 270, "texture": "#0"},
				"west": {"uv": [8.5, 2.5, 11, 4.5], "rotation": 270, "texture": "#0"},
				"up": {"uv": [2.5, 5.5, 5.5, 7.5], "texture": "#0"},
				"down": {"uv": [5.5, 2.5, 8.5, 4.5], "rotation": 180, "texture": "#0"}
			}
		},
		{
			"from": [3.69584, 7.73734, 20.01898],
			"to": [11.69584, 15.73734, 23.01898],
			"rotation": {"angle": 22.5, "axis": "x", "origin": [7.69584, 11.64714, 20.30122]},
			"faces": {
				"north": {"uv": [0, 10, 2, 12], "rotation": 180, "texture": "#0"},
				"east": {"uv": [4.5, 7.5, 5.25, 9.5], "rotation": 180, "texture": "#0"},
				"south": {"uv": [2, 10, 4, 12], "rotation": 180, "texture": "#0"},
				"west": {"uv": [3.25, 12, 4, 14], "rotation": 180, "texture": "#0"},
				"up": {"uv": [13.5, 1.5, 12.75, 3.5], "rotation": 270, "texture": "#0"},
				"down": {"uv": [13, 6.75, 12.25, 4.75], "rotation": 90, "texture": "#0"}
			}
		},
		{
			"from": [4.69584, 7.2469, 18.30728],
			"to": [10.69584, 10.2469, 24.30728],
			"rotation": {"angle": -45, "axis": "x", "origin": [7.69584, 11.64714, 20.30122]},
			"faces": {
				"north": {"uv": [13.25, 14.25, 12.5, 12.75], "rotation": 270, "texture": "#0"},
				"east": {"uv": [11, 12.75, 11.75, 14.25], "rotation": 90, "texture": "#0"},
				"south": {"uv": [13.75, 4.75, 13, 6.25], "rotation": 270, "texture": "#0"},
				"west": {"uv": [11.75, 12.75, 12.5, 14.25], "rotation": 270, "texture": "#0"},
				"up": {"uv": [9.75, 8, 11.25, 9.5], "texture": "#0"},
				"down": {"uv": [1.75, 12, 3.25, 13.5], "rotation": 180, "texture": "#0"}
			}
		},
		{
			"from": [2.76727, 6.05266, -4.02339],
			"to": [12.76727, 17.05266, 2.97661],
			"rotation": {"angle": 45, "axis": "x", "origin": [8.1006, 11.12863, 1.13347]},
			"faces": {
				"north": {"uv": [2.75, 5.5, 0, 3], "rotation": 270, "texture": "#0"},
				"east": {"uv": [9.5, 0, 12.25, 1.75], "rotation": 90, "texture": "#0"},
				"south": {"uv": [5.5, 3, 2.75, 5.5], "rotation": 270, "texture": "#0"},
				"west": {"uv": [4.5, 9.5, 7.25, 11.25], "rotation": 270, "texture": "#0"},
				"up": {"uv": [9.75, 4.5, 12.25, 6.25], "texture": "#0"},
				"down": {"uv": [9.75, 6.25, 12.25, 8], "rotation": 180, "texture": "#0"}
			}
		},
		{
			"from": [10.7814, 19.12862, -0.41882],
			"to": [10.7814, 31.12862, 19.58118],
			"rotation": {"angle": -22.5, "axis": "z", "origin": [10.94906, 19.30114, 8.43448]},
			"faces": {
				"north": {"uv": [8, 0, 9.5, 2.5], "rotation": 270, "texture": "#main"},
				"east": {"uv": [9.5, 0, 8, 2.5], "rotation": 90, "texture": "#main"},
				"south": {"uv": [8, 0, 9.5, 2.5], "rotation": 270, "texture": "#main"},
				"west": {"uv": [8, 0, 9.5, 2.5], "rotation": 270, "texture": "#main"},
				"up": {"uv": [8, 0, 9.5, 2.5], "texture": "#main"},
				"down": {"uv": [8, 0, 9.5, 2.5], "rotation": 180, "texture": "#main"}
			}
		},
		{
			"from": [10.75482, 19.4688, -0.52802],
			"to": [22.75482, 19.4688, 19.47198],
			"rotation": {"angle": 45, "axis": "z", "origin": [10.94906, 19.30114, 8.43448]},
			"faces": {
				"north": {"uv": [0, 0, 1.5, 2.5], "rotation": 180, "texture": "#main"},
				"east": {"uv": [0, 0, 1.5, 2.5], "rotation": 90, "texture": "#main"},
				"south": {"uv": [0, 0, 1.5, 2.5], "texture": "#main"},
				"west": {"uv": [0, 0, 1.5, 2.5], "rotation": 270, "texture": "#main"},
				"up": {"uv": [0, 0, 1.5, 2.5], "texture": "#main"},
				"down": {"uv": [1.5, 0, 0, 2.5], "rotation": 180, "texture": "#main"}
			}
		},
		{
			"from": [5.2186, 19.12862, -0.41882],
			"to": [5.2186, 31.12862, 19.58118],
			"rotation": {"angle": 22.5, "axis": "z", "origin": [5.05094, 19.30114, 8.43448]},
			"faces": {
				"north": {"uv": [8, 2.5, 9.5, 0], "rotation": 270, "texture": "#main"},
				"east": {"uv": [8, 2.5, 9.5, 0], "rotation": 270, "texture": "#main"},
				"south": {"uv": [8, 2.5, 9.5, 0], "rotation": 270, "texture": "#main"},
				"west": {"uv": [9.5, 2.5, 8, 0], "rotation": 90, "texture": "#main"},
				"up": {"uv": [9.5, 0, 8, 2.5], "texture": "#main"},
				"down": {"uv": [9.5, 0, 8, 2.5], "rotation": 180, "texture": "#main"}
			}
		},
		{
			"from": [-6.75482, 19.4688, -0.52802],
			"to": [5.24518, 19.4688, 19.47198],
			"rotation": {"angle": -45, "axis": "z", "origin": [5.05094, 19.30114, 8.43448]},
			"faces": {
				"north": {"uv": [1.5, 0, 0, 2.5], "rotation": 180, "texture": "#main"},
				"east": {"uv": [0, 2.5, 1.5, 0], "rotation": 270, "texture": "#main"},
				"south": {"uv": [1.5, 0, 0, 2.5], "texture": "#main"},
				"west": {"uv": [0, 2.5, 1.5, 0], "rotation": 90, "texture": "#main"},
				"up": {"uv": [1.5, 0, 0, 2.5], "texture": "#main"},
				"down": {"uv": [0, 0, 1.5, 2.5], "rotation": 180, "texture": "#main"}
			}
		}
	],
	"display": {
		"head": {
			"translation": [0, -29.5, 0],
			"scale": [3.51, 3.51, 3.51]
		}
	},
	"groups": [
		{
			"name": "group",
			"origin": [17.2083, 11.15276, 19.8759],
			"color": 0,
			"children": [
				0,
				1,
				2,
				3,
				4,
				5,
				{
					"name": "group",
					"origin": [17.2083, 11.15276, 19.8759],
					"color": 0,
					"children": [6, 7, 8, 9, 10, 11]
				}
			]
		},
		{
			"name": "group",
			"origin": [8.90179, 6.80674, 8.06122],
			"color": 0,
			"children": [12, 13]
		},
		{
			"name": "group",
			"origin": [8.08045, 11.67494, 7.68681],
			"color": 0,
			"children": []
		},
		{
			"name": "group",
			"origin": [7.69584, 2.08971, 0.83585],
			"color": 0,
			"children": [14, 15, 16, 17, 18, 19, 20]
		},
		{
			"name": "glass",
			"origin": [8, 8, 8],
			"color": 0,
			"children": [
				21,
				22,
				23,
				24,
				{
					"name": "group",
					"origin": [8.08045, 11.67494, 7.68681],
					"color": 0,
					"children": []
				}
			]
		}
	]
}