{
	"credit": "Made with Blockbench",
	"textures": {
		"0": "item/mob/stone/20057/angel",
		"1": "item/mob/stone/20057/rod",
		"particle": "item/mob/stone/20057/angel"
	},
	"elements": [
		{
			"name": "right_arm",
			"from": [12, 11.5, 6],
			"to": [15, 23.5, 10],
			"faces": {
				"north": {"uv": [11, 5, 11.75, 8], "texture": "#0"},
				"east": {"uv": [10, 5, 11, 8], "texture": "#0"},
				"south": {"uv": [12.75, 5, 13.5, 8], "texture": "#0"},
				"west": {"uv": [11.75, 5, 12.75, 8], "texture": "#0"},
				"up": {"uv": [11.75, 5, 11, 4], "texture": "#0"},
				"down": {"uv": [12.5, 4, 11.75, 5], "texture": "#0"}
			}
		},
		{
			"name": "right_arm_2nd_layer",
			"from": [11.5, 11, 5.5],
			"to": [15.5, 24, 10.5],
			"faces": {
				"north": {"uv": [10.75, 9, 11.5, 12], "texture": "#0"},
				"east": {"uv": [10, 9, 11, 12], "texture": "#0"},
				"south": {"uv": [12.75, 9, 13.5, 12], "texture": "#0"},
				"west": {"uv": [11.75, 9, 12.75, 12], "texture": "#0"},
				"up": {"uv": [11.75, 9, 11, 8], "texture": "#0"},
				"down": {"uv": [12.5, 8, 11.75, 9], "texture": "#0"}
			}
		},
		{
			"name": "rod_0",
			"from": [13.59, 0, -15.06],
			"to": [14.32, 2.19, -12.87],
			"rotation": {"angle": 45, "axis": "x", "origin": [-3.68, 0, 3.46]},
			"faces": {
				"north": {"uv": [11.5, 0, 12, 1.5], "rotation": 180, "texture": "#1"},
				"east": {"uv": [10.5, 1.5, 12, 0], "texture": "#1"},
				"south": {"uv": [10.5, 0, 11, 1.5], "rotation": 180, "texture": "#1"},
				"west": {"uv": [10.5, 0, 12, 1.5], "rotation": 180, "texture": "#1"},
				"up": {"uv": [10.5, 1, 12, 1.5], "rotation": 270, "texture": "#1"},
				"down": {"uv": [12, 0, 10.5, 0.5], "rotation": 270, "texture": "#1"}
			}
		},
		{
			"name": "rod_1",
			"from": [13.59, 0.73, -12.87],
			"to": [14.32, 7.3, -11.41],
			"rotation": {"angle": 45, "axis": "x", "origin": [-3.68, 0, 3.46]},
			"faces": {
				"north": {"uv": [10, 0.5, 10.5, 5], "rotation": 180, "texture": "#1"},
				"east": {"uv": [9.5, 5, 10.5, 0.5], "texture": "#1"},
				"south": {"uv": [9.5, 0.5, 10, 5], "rotation": 180, "texture": "#1"},
				"west": {"uv": [9.5, 0.5, 10.5, 5], "rotation": 180, "texture": "#1"},
				"up": {"uv": [9.5, 4.5, 10.5, 5], "rotation": 270, "texture": "#1"},
				"down": {"uv": [10.5, 0.5, 9.5, 1], "rotation": 270, "texture": "#1"}
			}
		},
		{
			"name": "rod_2",
			"from": [13.59, 1.46, -9.22],
			"to": [14.32, 9.49, -7.76],
			"rotation": {"angle": 45, "axis": "x", "origin": [-3.68, 0, 3.46]},
			"faces": {
				"north": {"uv": [7.5, 1, 8, 6.5], "rotation": 180, "texture": "#1"},
				"east": {"uv": [7, 6.5, 8, 1], "texture": "#1"},
				"south": {"uv": [7, 1, 7.5, 6.5], "rotation": 180, "texture": "#1"},
				"west": {"uv": [7, 1, 8, 6.5], "rotation": 180, "texture": "#1"},
				"up": {"uv": [7, 6, 8, 6.5], "rotation": 270, "texture": "#1"},
				"down": {"uv": [8, 1, 7, 1.5], "rotation": 270, "texture": "#1"}
			}
		},
		{
			"name": "rod_3",
			"from": [13.59, 1.46, -11.41],
			"to": [14.32, 10.22, -10.68],
			"rotation": {"angle": 45, "axis": "x", "origin": [-3.68, 0, 3.46]},
			"faces": {
				"north": {"uv": [9, 1, 9.5, 7], "rotation": 180, "texture": "#1"},
				"east": {"uv": [9, 7, 9.5, 1], "texture": "#1"},
				"south": {"uv": [9, 1, 9.5, 7], "rotation": 180, "texture": "#1"},
				"west": {"uv": [9, 1, 9.5, 7], "rotation": 180, "texture": "#1"},
				"up": {"uv": [9, 6.5, 9.5, 7], "rotation": 270, "texture": "#1"},
				"down": {"uv": [9.5, 1, 9, 1.5], "rotation": 270, "texture": "#1"}
			}
		},
		{
			"name": "rod_4",
			"from": [13.59, 2.19, -7.76],
			"to": [14.32, 2.92, -7.03],
			"rotation": {"angle": 45, "axis": "x", "origin": [-3.68, 0, 3.46]},
			"faces": {
				"north": {"uv": [6.5, 1.5, 7, 2], "rotation": 180, "texture": "#1"},
				"east": {"uv": [6.5, 2, 7, 1.5], "texture": "#1"},
				"south": {"uv": [6.5, 1.5, 7, 2], "rotation": 180, "texture": "#1"},
				"west": {"uv": [6.5, 1.5, 7, 2], "rotation": 180, "texture": "#1"},
				"up": {"uv": [6.5, 1.5, 7, 2], "rotation": 270, "texture": "#1"},
				"down": {"uv": [7, 1.5, 6.5, 2], "rotation": 270, "texture": "#1"}
			}
		},
		{
			"name": "rod_5",
			"from": [13.59, 2.19, -10.68],
			"to": [14.32, 8.76, -9.22],
			"rotation": {"angle": 45, "axis": "x", "origin": [-3.68, 0, 3.46]},
			"faces": {
				"north": {"uv": [8.5, 1.5, 9, 6], "rotation": 180, "texture": "#1"},
				"east": {"uv": [8, 6, 9, 1.5], "texture": "#1"},
				"south": {"uv": [8, 1.5, 8.5, 6], "rotation": 180, "texture": "#1"},
				"west": {"uv": [8, 1.5, 9, 6], "rotation": 180, "texture": "#1"},
				"up": {"uv": [8, 5.5, 9, 6], "rotation": 270, "texture": "#1"},
				"down": {"uv": [9, 1.5, 8, 2], "rotation": 270, "texture": "#1"}
			}
		},
		{
			"name": "rod_6",
			"from": [13.59, 2.19, -14.33],
			"to": [14.32, 3.65, -12.87],
			"rotation": {"angle": 45, "axis": "x", "origin": [-3.68, 0, 3.46]},
			"faces": {
				"north": {"uv": [11, 1.5, 11.5, 2.5], "rotation": 180, "texture": "#1"},
				"east": {"uv": [10.5, 2.5, 11.5, 1.5], "texture": "#1"},
				"south": {"uv": [10.5, 1.5, 11, 2.5], "rotation": 180, "texture": "#1"},
				"west": {"uv": [10.5, 1.5, 11.5, 2.5], "rotation": 180, "texture": "#1"},
				"up": {"uv": [10.5, 2, 11.5, 2.5], "rotation": 270, "texture": "#1"},
				"down": {"uv": [11.5, 1.5, 10.5, 2], "rotation": 270, "texture": "#1"}
			}
		},
		{
			"name": "rod_7",
			"from": [13.59, 2.92, -6.3],
			"to": [14.32, 4.38, -4.84],
			"rotation": {"angle": 45, "axis": "x", "origin": [-3.68, 0, 3.46]},
			"faces": {
				"north": {"uv": [5.5, 2, 6, 3], "rotation": 180, "texture": "#1"},
				"east": {"uv": [5, 3, 6, 2], "texture": "#1"},
				"south": {"uv": [5, 2, 5.5, 3], "rotation": 180, "texture": "#1"},
				"west": {"uv": [5, 2, 6, 3], "rotation": 180, "texture": "#1"},
				"up": {"uv": [5, 2.5, 6, 3], "rotation": 270, "texture": "#1"},
				"down": {"uv": [6, 2, 5, 2.5], "rotation": 270, "texture": "#1"}
			}
		},
		{
			"name": "rod_8",
			"from": [13.59, 3.65, -7.76],
			"to": [14.32, 9.49, -6.3],
			"rotation": {"angle": 45, "axis": "x", "origin": [-3.68, 0, 3.46]},
			"faces": {
				"north": {"uv": [6.5, 2.5, 7, 6.5], "rotation": 180, "texture": "#1"},
				"east": {"uv": [6, 6.5, 7, 2.5], "texture": "#1"},
				"south": {"uv": [6, 2.5, 6.5, 6.5], "rotation": 180, "texture": "#1"},
				"west": {"uv": [6, 2.5, 7, 6.5], "rotation": 180, "texture": "#1"},
				"up": {"uv": [6, 6, 7, 6.5], "rotation": 270, "texture": "#1"},
				"down": {"uv": [7, 2.5, 6, 3], "rotation": 270, "texture": "#1"}
			}
		},
		{
			"name": "rod_9",
			"from": [13.59, 3.65, -13.6],
			"to": [14.32, 4.38, -12.87],
			"rotation": {"angle": 45, "axis": "x", "origin": [-3.68, 0, 3.46]},
			"faces": {
				"north": {"uv": [10.5, 2.5, 11, 3], "rotation": 180, "texture": "#1"},
				"east": {"uv": [10.5, 3, 11, 2.5], "texture": "#1"},
				"south": {"uv": [10.5, 2.5, 11, 3], "rotation": 180, "texture": "#1"},
				"west": {"uv": [10.5, 2.5, 11, 3], "rotation": 180, "texture": "#1"},
				"up": {"uv": [10.5, 2.5, 11, 3], "rotation": 270, "texture": "#1"},
				"down": {"uv": [11, 2.5, 10.5, 3], "rotation": 270, "texture": "#1"}
			}
		},
		{
			"name": "rod_10",
			"from": [13.59, 4.38, -6.3],
			"to": [14.32, 5.11, -5.57],
			"rotation": {"angle": 45, "axis": "x", "origin": [-3.68, 0, 3.46]},
			"faces": {
				"north": {"uv": [5.5, 3, 6, 3.5], "rotation": 180, "texture": "#1"},
				"east": {"uv": [5.5, 3.5, 6, 3], "texture": "#1"},
				"south": {"uv": [5.5, 3, 6, 3.5], "rotation": 180, "texture": "#1"},
				"west": {"uv": [5.5, 3, 6, 3.5], "rotation": 180, "texture": "#1"},
				"up": {"uv": [5.5, 3, 6, 3.5], "rotation": 270, "texture": "#1"},
				"down": {"uv": [6, 3, 5.5, 3.5], "rotation": 270, "texture": "#1"}
			}
		},
		{
			"name": "rod_11",
			"from": [13.59, 5.84, -6.3],
			"to": [14.32, 6.57, -4.84],
			"rotation": {"angle": 45, "axis": "x", "origin": [-3.68, 0, 3.46]},
			"faces": {
				"north": {"uv": [5.5, 4, 6, 4.5], "rotation": 180, "texture": "#1"},
				"east": {"uv": [5, 4.5, 6, 4], "texture": "#1"},
				"south": {"uv": [5, 4, 5.5, 4.5], "rotation": 180, "texture": "#1"},
				"west": {"uv": [5, 4, 6, 4.5], "rotation": 180, "texture": "#1"},
				"up": {"uv": [5, 4, 6, 4.5], "rotation": 270, "texture": "#1"},
				"down": {"uv": [6, 4, 5, 4.5], "rotation": 270, "texture": "#1"}
			}
		},
		{
			"name": "rod_12",
			"from": [13.59, 5.84, -13.6],
			"to": [14.32, 7.3, -12.87],
			"rotation": {"angle": 45, "axis": "x", "origin": [-3.68, 0, 3.46]},
			"faces": {
				"north": {"uv": [10.5, 4, 11, 5], "rotation": 180, "texture": "#1"},
				"east": {"uv": [10.5, 5, 11, 4], "texture": "#1"},
				"south": {"uv": [10.5, 4, 11, 5], "rotation": 180, "texture": "#1"},
				"west": {"uv": [10.5, 4, 11, 5], "rotation": 180, "texture": "#1"},
				"up": {"uv": [10.5, 4.5, 11, 5], "rotation": 270, "texture": "#1"},
				"down": {"uv": [11, 4, 10.5, 4.5], "rotation": 270, "texture": "#1"}
			}
		},
		{
			"name": "rod_13",
			"from": [13.59, 6.57, -6.3],
			"to": [14.32, 10.22, -5.57],
			"rotation": {"angle": 45, "axis": "x", "origin": [-3.68, 0, 3.46]},
			"faces": {
				"north": {"uv": [5.5, 4.5, 6, 7], "rotation": 180, "texture": "#1"},
				"east": {"uv": [5.5, 7, 6, 4.5], "texture": "#1"},
				"south": {"uv": [5.5, 4.5, 6, 7], "rotation": 180, "texture": "#1"},
				"west": {"uv": [5.5, 4.5, 6, 7], "rotation": 180, "texture": "#1"},
				"up": {"uv": [5.5, 6.5, 6, 7], "rotation": 270, "texture": "#1"},
				"down": {"uv": [6, 4.5, 5.5, 5], "rotation": 270, "texture": "#1"}
			}
		},
		{
			"name": "rod_14",
			"from": [13.59, 7.3, -12.87],
			"to": [14.32, 8.03, -12.14],
			"rotation": {"angle": 45, "axis": "x", "origin": [-3.68, 0, 3.46]},
			"faces": {
				"north": {"uv": [10, 5, 10.5, 5.5], "rotation": 180, "texture": "#1"},
				"east": {"uv": [10, 5.5, 10.5, 5], "texture": "#1"},
				"south": {"uv": [10, 5, 10.5, 5.5], "rotation": 180, "texture": "#1"},
				"west": {"uv": [10, 5, 10.5, 5.5], "rotation": 180, "texture": "#1"},
				"up": {"uv": [10, 5, 10.5, 5.5], "rotation": 270, "texture": "#1"},
				"down": {"uv": [10.5, 5, 10, 5.5], "rotation": 270, "texture": "#1"}
			}
		},
		{
			"name": "rod_15",
			"from": [13.59, 8.76, -5.57],
			"to": [14.32, 11.68, -4.84],
			"rotation": {"angle": 45, "axis": "x", "origin": [-3.68, 0, 3.46]},
			"faces": {
				"north": {"uv": [5, 6, 5.5, 8], "rotation": 180, "texture": "#1"},
				"east": {"uv": [5, 8, 5.5, 6], "texture": "#1"},
				"south": {"uv": [5, 6, 5.5, 8], "rotation": 180, "texture": "#1"},
				"west": {"uv": [5, 6, 5.5, 8], "rotation": 180, "texture": "#1"},
				"up": {"uv": [5, 7.5, 5.5, 8], "rotation": 270, "texture": "#1"},
				"down": {"uv": [5.5, 6, 5, 6.5], "rotation": 270, "texture": "#1"}
			}
		},
		{
			"name": "rod_16",
			"from": [13.59, 8.76, -10.68],
			"to": [14.32, 9.49, -9.95],
			"rotation": {"angle": 45, "axis": "x", "origin": [-3.68, 0, 3.46]},
			"faces": {
				"north": {"uv": [8.5, 6, 9, 6.5], "rotation": 180, "texture": "#1"},
				"east": {"uv": [8.5, 6.5, 9, 6], "texture": "#1"},
				"south": {"uv": [8.5, 6, 9, 6.5], "rotation": 180, "texture": "#1"},
				"west": {"uv": [8.5, 6, 9, 6.5], "rotation": 180, "texture": "#1"},
				"up": {"uv": [8.5, 6, 9, 6.5], "rotation": 270, "texture": "#1"},
				"down": {"uv": [9, 6, 8.5, 6.5], "rotation": 270, "texture": "#1"}
			}
		},
		{
			"name": "rod_17",
			"from": [13.59, 8.76, -12.14],
			"to": [14.32, 10.22, -11.41],
			"rotation": {"angle": 45, "axis": "x", "origin": [-3.68, 0, 3.46]},
			"faces": {
				"north": {"uv": [9.5, 6, 10, 7], "rotation": 180, "texture": "#1"},
				"east": {"uv": [9.5, 7, 10, 6], "texture": "#1"},
				"south": {"uv": [9.5, 6, 10, 7], "rotation": 180, "texture": "#1"},
				"west": {"uv": [9.5, 6, 10, 7], "rotation": 180, "texture": "#1"},
				"up": {"uv": [9.5, 6.5, 10, 7], "rotation": 270, "texture": "#1"},
				"down": {"uv": [10, 6, 9.5, 6.5], "rotation": 270, "texture": "#1"}
			}
		},
		{
			"name": "rod_18",
			"from": [13.59, 9.49, -4.84],
			"to": [14.32, 12.41, -3.38],
			"rotation": {"angle": 45, "axis": "x", "origin": [-3.68, 0, 3.46]},
			"faces": {
				"north": {"uv": [4.5, 6.5, 5, 8.5], "rotation": 180, "texture": "#1"},
				"east": {"uv": [4, 8.5, 5, 6.5], "texture": "#1"},
				"south": {"uv": [4, 6.5, 4.5, 8.5], "rotation": 180, "texture": "#1"},
				"west": {"uv": [4, 6.5, 5, 8.5], "rotation": 180, "texture": "#1"},
				"up": {"uv": [4, 8, 5, 8.5], "rotation": 270, "texture": "#1"},
				"down": {"uv": [5, 6.5, 4, 7], "rotation": 270, "texture": "#1"}
			}
		},
		{
			"name": "rod_19",
			"from": [13.59, 9.49, -9.22],
			"to": [14.32, 10.22, -8.49],
			"rotation": {"angle": 45, "axis": "x", "origin": [-3.68, 0, 3.46]},
			"faces": {
				"north": {"uv": [7.5, 6.5, 8, 7], "rotation": 180, "texture": "#1"},
				"east": {"uv": [7.5, 7, 8, 6.5], "texture": "#1"},
				"south": {"uv": [7.5, 6.5, 8, 7], "rotation": 180, "texture": "#1"},
				"west": {"uv": [7.5, 6.5, 8, 7], "rotation": 180, "texture": "#1"},
				"up": {"uv": [7.5, 6.5, 8, 7], "rotation": 270, "texture": "#1"},
				"down": {"uv": [8, 6.5, 7.5, 7], "rotation": 270, "texture": "#1"}
			}
		},
		{
			"name": "rod_20",
			"from": [13.59, 10.22, -3.38],
			"to": [14.32, 13.14, -2.65],
			"rotation": {"angle": 45, "axis": "x", "origin": [-3.68, 0, 3.46]},
			"faces": {
				"north": {"uv": [3.5, 7, 4, 9], "rotation": 180, "texture": "#1"},
				"east": {"uv": [3.5, 9, 4, 7], "texture": "#1"},
				"south": {"uv": [3.5, 7, 4, 9], "rotation": 180, "texture": "#1"},
				"west": {"uv": [3.5, 7, 4, 9], "rotation": 180, "texture": "#1"},
				"up": {"uv": [3.5, 8.5, 4, 9], "rotation": 270, "texture": "#1"},
				"down": {"uv": [4, 7, 3.5, 7.5], "rotation": 270, "texture": "#1"}
			}
		},
		{
			"name": "rod_21",
			"from": [13.59, 11.68, -2.65],
			"to": [14.32, 13.87, -1.92],
			"rotation": {"angle": 45, "axis": "x", "origin": [-3.68, 0, 3.46]},
			"faces": {
				"north": {"uv": [3, 8, 3.5, 9.5], "rotation": 180, "texture": "#1"},
				"east": {"uv": [3, 9.5, 3.5, 8], "texture": "#1"},
				"south": {"uv": [3, 8, 3.5, 9.5], "rotation": 180, "texture": "#1"},
				"west": {"uv": [3, 8, 3.5, 9.5], "rotation": 180, "texture": "#1"},
				"up": {"uv": [3, 9, 3.5, 9.5], "rotation": 270, "texture": "#1"},
				"down": {"uv": [3.5, 8, 3, 8.5], "rotation": 270, "texture": "#1"}
			}
		},
		{
			"name": "rod_22",
			"from": [13.59, 12.41, -1.92],
			"to": [14.32, 14.6, -1.19],
			"rotation": {"angle": 45, "axis": "x", "origin": [-3.68, 0, 3.46]},
			"faces": {
				"north": {"uv": [2.5, 8.5, 3, 10], "rotation": 180, "texture": "#1"},
				"east": {"uv": [2.5, 10, 3, 8.5], "texture": "#1"},
				"south": {"uv": [2.5, 8.5, 3, 10], "rotation": 180, "texture": "#1"},
				"west": {"uv": [2.5, 8.5, 3, 10], "rotation": 180, "texture": "#1"},
				"up": {"uv": [2.5, 9.5, 3, 10], "rotation": 270, "texture": "#1"},
				"down": {"uv": [3, 8.5, 2.5, 9], "rotation": 270, "texture": "#1"}
			}
		},
		{
			"name": "rod_23",
			"from": [13.59, 13.14, -1.19],
			"to": [14.32, 16.06, -0.46],
			"rotation": {"angle": 45, "axis": "x", "origin": [-3.68, 0, 3.46]},
			"faces": {
				"north": {"uv": [2, 9, 2.5, 11], "rotation": 180, "texture": "#1"},
				"east": {"uv": [2, 11, 2.5, 9], "texture": "#1"},
				"south": {"uv": [2, 9, 2.5, 11], "rotation": 180, "texture": "#1"},
				"west": {"uv": [2, 9, 2.5, 11], "rotation": 180, "texture": "#1"},
				"up": {"uv": [2, 10.5, 2.5, 11], "rotation": 270, "texture": "#1"},
				"down": {"uv": [2.5, 9, 2, 9.5], "rotation": 270, "texture": "#1"}
			}
		},
		{
			"name": "rod_24",
			"from": [13.59, 13.87, -0.46],
			"to": [14.32, 16.06, 1],
			"rotation": {"angle": 45, "axis": "x", "origin": [-3.68, 0, 3.46]},
			"faces": {
				"north": {"uv": [1.5, 9.5, 2, 11], "rotation": 180, "texture": "#1"},
				"east": {"uv": [1, 11, 2, 9.5], "texture": "#1"},
				"south": {"uv": [1, 9.5, 1.5, 11], "rotation": 180, "texture": "#1"},
				"west": {"uv": [1, 9.5, 2, 11], "rotation": 180, "texture": "#1"},
				"up": {"uv": [1, 10.5, 2, 11], "rotation": 270, "texture": "#1"},
				"down": {"uv": [2, 9.5, 1, 10], "rotation": 270, "texture": "#1"}
			}
		},
		{
			"name": "rod_25",
			"from": [13.59, 15.33, 1],
			"to": [14.32, 17.52, 2.46],
			"rotation": {"angle": 45, "axis": "x", "origin": [-3.68, 0, 3.46]},
			"faces": {
				"north": {"uv": [0.5, 10.5, 1, 12], "rotation": 180, "texture": "#1"},
				"east": {"uv": [0, 12, 1, 10.5], "texture": "#1"},
				"south": {"uv": [0, 10.5, 0.5, 12], "rotation": 180, "texture": "#1"},
				"west": {"uv": [0, 10.5, 1, 12], "rotation": 180, "texture": "#1"},
				"up": {"uv": [0, 11.5, 1, 12], "rotation": 270, "texture": "#1"},
				"down": {"uv": [1, 10.5, 0, 11], "rotation": 270, "texture": "#1"}
			}
		},
		{
			"name": "rod_26",
			"from": [13.59, 16.06, 0.27],
			"to": [14.32, 17.52, 1],
			"rotation": {"angle": 45, "axis": "x", "origin": [-3.68, 0, 3.46]},
			"faces": {
				"north": {"uv": [1, 11, 1.5, 12], "rotation": 180, "texture": "#1"},
				"east": {"uv": [1, 12, 1.5, 11], "texture": "#1"},
				"south": {"uv": [1, 11, 1.5, 12], "rotation": 180, "texture": "#1"},
				"west": {"uv": [1, 11, 1.5, 12], "rotation": 180, "texture": "#1"},
				"up": {"uv": [1, 11.5, 1.5, 12], "rotation": 270, "texture": "#1"},
				"down": {"uv": [1.5, 11, 1, 11.5], "rotation": 270, "texture": "#1"}
			}
		}
	],
	"display": {
		"thirdperson_righthand": {
			"rotation": [90, 0, 0],
			"translation": [-6, -1.75, -3.5]
		},
		"thirdperson_lefthand": {
			"rotation": [90, 0, 0],
			"translation": [-6, -1.75, -3.5]
		},
		"head": {
			"translation": [0, -29, 0],
			"scale": [1.6, 1.6, 1.6]
		}
	},
	"groups": [
		{
			"name": "Arm",
			"origin": [0, 0, 0],
			"color": 0,
			"children": [0, 1]
		},
		{
			"name": "rod",
			"origin": [8, 8, 8],
			"color": 0,
			"children": [2, 3, 4, 5, 6, 7, 8, 9, 10, 11, 12, 13, 14, 15, 16, 17, 18, 19, 20, 21, 22, 23, 24, 25, 26, 27, 28]
		}
	]
}