{
	"credit": "Made with Blockbench",
	"parent": "warped_fungus_on_a_stick",
	"texture_size": [64, 64],
	"textures": {
		"0": "item/windows95_pc",
		"particle": "item/windows95_pc"
	},
	"elements": [
		{
			"from": [5, 0, 1],
			"to": [15, 1, 5],
			"faces": {
				"north": {"uv": [9, 3, 11.5, 3.25], "texture": "#0"},
				"east": {"uv": [0, 10, 1, 10.25], "texture": "#0"},
				"south": {"uv": [9, 3.25, 11.5, 3.5], "texture": "#0"},
				"west": {"uv": [1, 10, 2, 10.25], "texture": "#0"},
				"up": {"uv": [2.5, 9, 0, 8], "texture": "#0"},
				"down": {"uv": [10.5, 3.5, 8, 4.5], "texture": "#0"}
			}
		},
		{
			"from": [1, 0, 1],
			"to": [3, 1, 4],
			"faces": {
				"north": {"uv": [2.5, 8, 3, 8.25], "texture": "#0"},
				"east": {"uv": [3, 9.75, 3.75, 10], "texture": "#0"},
				"south": {"uv": [2.5, 8.25, 3, 8.5], "texture": "#0"},
				"west": {"uv": [2, 10, 2.75, 10.25], "texture": "#0"},
				"up": {"uv": [4.25, 10.25, 3.75, 9.5], "texture": "#0"},
				"down": {"uv": [4.75, 9.5, 4.25, 10.25], "texture": "#0"}
			}
		},
		{
			"from": [1.75, 1, 2.75],
			"to": [2.25, 1.25, 3.75],
			"faces": {
				"north": {"uv": [4.75, 10, 4.875, 10.125], "texture": "#0"},
				"east": {"uv": [2.75, 10, 3, 10.125], "texture": "#0"},
				"south": {"uv": [5, 10, 5.125, 10.125], "texture": "#0"},
				"west": {"uv": [3, 10, 3.25, 10.125], "texture": "#0"},
				"up": {"uv": [3.375, 10.25, 3.25, 10], "texture": "#0"},
				"down": {"uv": [3.625, 10, 3.5, 10.25], "texture": "#0"}
			}
		},
		{
			"from": [2, 2, 6.5],
			"to": [14, 6, 16],
			"faces": {
				"north": {"uv": [3, 6.5, 6, 7.5], "texture": "#0"},
				"east": {"uv": [8, 4.5, 10.375, 5.5], "texture": "#0"},
				"south": {"uv": [0, 7, 3, 8], "texture": "#0"},
				"west": {"uv": [8, 5.5, 10.375, 6.5], "texture": "#0"},
				"up": {"uv": [3, 2.375, 0, 0], "texture": "#0"},
				"down": {"uv": [3, 2.5, 0, 4.875], "texture": "#0"}
			}
		},
		{
			"from": [2, 6, 6],
			"to": [14, 10, 15],
			"faces": {
				"north": {"uv": [3, 7.5, 6, 8.5], "texture": "#0"},
				"east": {"uv": [8, 6.5, 10.25, 7.5], "texture": "#0"},
				"south": {"uv": [6, 7.5, 9, 8.5], "texture": "#0"},
				"west": {"uv": [2.5, 8.5, 4.75, 9.5], "texture": "#0"},
				"up": {"uv": [6, 2.25, 3, 0], "texture": "#0"},
				"down": {"uv": [6, 2.25, 3, 4.5], "texture": "#0"}
			}
		},
		{
			"from": [2, 10, 6],
			"to": [14, 12.5, 14],
			"faces": {
				"north": {"uv": [7.75, 8.5, 10.75, 9.125], "texture": "#0"},
				"east": {"uv": [0, 9, 2, 9.625], "texture": "#0"},
				"south": {"uv": [9, 0, 12, 0.625], "texture": "#0"},
				"west": {"uv": [9, 1.75, 11, 2.375], "texture": "#0"},
				"up": {"uv": [6, 6.5, 3, 4.5], "texture": "#0"},
				"down": {"uv": [3, 5, 0, 7], "texture": "#0"}
			}
		},
		{
			"from": [2, 12.5, 6],
			"to": [14, 13.5, 13],
			"faces": {
				"north": {"uv": [9, 2.5, 12, 2.75], "texture": "#0"},
				"east": {"uv": [7.75, 9.25, 9.5, 9.5], "texture": "#0"},
				"south": {"uv": [9, 2.75, 12, 3], "texture": "#0"},
				"west": {"uv": [2, 9.5, 3.75, 9.75], "texture": "#0"},
				"up": {"uv": [9, 1.75, 6, 0], "texture": "#0"},
				"down": {"uv": [9, 1.75, 6, 3.5], "texture": "#0"}
			}
		},
		{
			"from": [2, 4, 6],
			"to": [14, 6, 6.5],
			"faces": {
				"north": {"uv": [9, 0.75, 12, 1.25], "texture": "#0"},
				"east": {"uv": [2, 9, 2.125, 9.5], "texture": "#0"},
				"south": {"uv": [9, 1.25, 12, 1.75], "texture": "#0"},
				"west": {"uv": [2.25, 9, 2.375, 9.5], "texture": "#0"},
				"up": {"uv": [10.75, 9.625, 7.75, 9.5], "texture": "#0"},
				"down": {"uv": [12.5, 9.25, 9.5, 9.375], "texture": "#0"}
			}
		},
		{
			"from": [5, 1, 8],
			"to": [11, 2, 14],
			"faces": {
				"north": {"uv": [0, 9.75, 1.5, 10], "texture": "#0"},
				"east": {"uv": [1.5, 9.75, 3, 10], "texture": "#0"},
				"south": {"uv": [7.75, 9.75, 9.25, 10], "texture": "#0"},
				"west": {"uv": [9.25, 9.75, 10.75, 10], "texture": "#0"},
				"up": {"uv": [6.25, 10, 4.75, 8.5], "texture": "#0"},
				"down": {"uv": [7.75, 8.5, 6.25, 10], "texture": "#0"}
			}
		},
		{
			"from": [4, 0, 7],
			"to": [12, 1, 15],
			"faces": {
				"north": {"uv": [9, 7.5, 11, 7.75], "texture": "#0"},
				"east": {"uv": [9, 7.75, 11, 8], "texture": "#0"},
				"south": {"uv": [9, 8, 11, 8.25], "texture": "#0"},
				"west": {"uv": [9, 8.25, 11, 8.5], "texture": "#0"},
				"up": {"uv": [8, 5.5, 6, 3.5], "texture": "#0"},
				"down": {"uv": [8, 5.5, 6, 7.5], "texture": "#0"}
			}
		}
	],
	"display": {
		"thirdperson_righthand": {
			"rotation": [75, 45, 0],
			"translation": [0, 2.5, 0],
			"scale": [0.375, 0.375, 0.375]
		},
		"thirdperson_lefthand": {
			"rotation": [75, 45, 0],
			"translation": [0, 2.5, 0],
			"scale": [0.375, 0.375, 0.375]
		},
		"firstperson_righthand": {
			"rotation": [0, 45, 0],
			"scale": [0.4, 0.4, 0.4]
		},
		"firstperson_lefthand": {
			"rotation": [0, 225, 0],
			"scale": [0.4, 0.4, 0.4]
		},
		"ground": {
			"translation": [0, 3, 0],
			"scale": [0.25, 0.25, 0.25]
		},
		"gui": {
			"rotation": [30, 225, 0],
			"scale": [0.625, 0.625, 0.625]
		},
		"fixed": {
			"rotation": [-90, 0, 0],
			"translation": [0, 0, -16],
			"scale": [2, 2, 2]
		}
	}
}