{
    "credit": "Made with Blockbench",
    "texture_size": [
        64,
        64
    ],
    "textures": {
        "2": "item/other/stick/20101/texture",
        "particle": "sword"
    },
    "elements": [
        {
            "from": [
                2.5,
                0,
                2.5
            ],
            "to": [
                13.5,
                3,
                13.5
            ],
            "rotation": {
                "angle": 0,
                "axis": "y",
                "origin": [
                    7.5,
                    8.5,
                    2.5
                ]
            },
            "faces": {
                "north": {
                    "uv": [
                        8.75,
                        6.5,
                        12,
                        7.25
                    ],
                    "texture": "#2"
                },
                "east": {
                    "uv": [
                        8.75,
                        7.25,
                        12,
                        8
                    ],
                    "texture": "#2"
                },
                "south": {
                    "uv": [
                        8.75,
                        8,
                        12,
                        8.75
                    ],
                    "texture": "#2"
                },
                "west": {
                    "uv": [
                        8.75,
                        8.75,
                        12,
                        9.5
                    ],
                    "texture": "#2"
                },
                "up": {
                    "uv": [
                        3.25,
                        3.25,
                        0,
                        0
                    ],
                    "texture": "#2"
                },
                "down": {
                    "uv": [
                        3.25,
                        3.25,
                        0,
                        6.5
                    ],
                    "texture": "#2"
                }
            }
        },
        {
            "from": [
                3.5,
                3,
                3.5
            ],
            "to": [
                12.5,
                5,
                12.5
            ],
            "rotation": {
                "angle": 0,
                "axis": "y",
                "origin": [
                    7.5,
                    9.5,
                    2.5
                ]
            },
            "faces": {
                "north": {
                    "uv": [
                        8.75,
                        9.5,
                        11,
                        10
                    ],
                    "texture": "#2"
                },
                "east": {
                    "uv": [
                        0,
                        9.75,
                        2.25,
                        10.25
                    ],
                    "texture": "#2"
                },
                "south": {
                    "uv": [
                        9.75,
                        0,
                        12,
                        0.5
                    ],
                    "texture": "#2"
                },
                "west": {
                    "uv": [
                        9.75,
                        0.5,
                        12,
                        1
                    ],
                    "texture": "#2"
                },
                "up": {
                    "uv": [
                        8.75,
                        8.75,
                        6.5,
                        6.5
                    ],
                    "texture": "#2"
                },
                "down": {
                    "uv": [
                        8.75,
                        8.75,
                        6.5,
                        11
                    ],
                    "texture": "#2"
                }
            }
        }
    ],
    "display": {
        "head": {
            "rotation": [
                0,
                90,
                0
            ],
            "translation": [
                0,
                -26.5,
                0
            ],
            "scale": [
                2,
                2,
                2
            ]
        }
    }
}