{
    "credit": "Made with Blockbench",
    "texture_size": [
        32,
        32
    ],
    "textures": {
        "0": "item/other/stick/20100/sword",
        "3": "item/other/stick/20100/texture",
        "particle": "item/other/stick/20100/sword"
    },
    "elements": [
        {
            "from": [
                2.5,
                0,
                2.5
            ],
            "to": [
                13.5,
                3,
                13.5
            ],
            "rotation": {
                "angle": 0,
                "axis": "y",
                "origin": [
                    7.5,
                    8.5,
                    2.5
                ]
            },
            "faces": {
                "north": {
                    "uv": [
                        5.5,
                        9,
                        11,
                        10.5
                    ],
                    "texture": "#3"
                },
                "east": {
                    "uv": [
                        10,
                        0,
                        15.5,
                        1.5
                    ],
                    "texture": "#3"
                },
                "south": {
                    "uv": [
                        10,
                        1.5,
                        15.5,
                        3
                    ],
                    "texture": "#3"
                },
                "west": {
                    "uv": [
                        10,
                        3,
                        15.5,
                        4.5
                    ],
                    "texture": "#3"
                },
                "up": {
                    "uv": [
                        5.5,
                        5.5,
                        0,
                        0
                    ],
                    "texture": "#3"
                },
                "down": {
                    "uv": [
                        5.5,
                        5.5,
                        0,
                        11
                    ],
                    "texture": "#3"
                }
            }
        },
        {
            "from": [
                3.5,
                3,
                3.5
            ],
            "to": [
                12.5,
                5,
                12.5
            ],
            "rotation": {
                "angle": 0,
                "axis": "y",
                "origin": [
                    7.5,
                    9.5,
                    2.5
                ]
            },
            "faces": {
                "north": {
                    "uv": [
                        10,
                        4.5,
                        14.5,
                        5.5
                    ],
                    "texture": "#3"
                },
                "east": {
                    "uv": [
                        10,
                        5.5,
                        14.5,
                        6.5
                    ],
                    "texture": "#3"
                },
                "south": {
                    "uv": [
                        10,
                        6.5,
                        14.5,
                        7.5
                    ],
                    "texture": "#3"
                },
                "west": {
                    "uv": [
                        10,
                        7.5,
                        14.5,
                        8.5
                    ],
                    "texture": "#3"
                },
                "up": {
                    "uv": [
                        10,
                        4.5,
                        5.5,
                        0
                    ],
                    "texture": "#3"
                },
                "down": {
                    "uv": [
                        10,
                        4.5,
                        5.5,
                        9
                    ],
                    "texture": "#3"
                }
            }
        },
        {
            "name": "sword_0",
            "from": [
                7.58983,
                -0.89638,
                6.90655
            ],
            "to": [
                8.19983,
                0.93362,
                9.34655
            ],
            "rotation": {
                "angle": 45,
                "axis": "x",
                "origin": [
                    5.45483,
                    0.545,
                    10.67138
                ]
            },
            "faces": {
                "north": {
                    "uv": [
                        10.5,
                        4.5,
                        11,
                        6
                    ],
                    "rotation": 180,
                    "texture": "#0"
                },
                "east": {
                    "uv": [
                        10.5,
                        4.5,
                        12.5,
                        6
                    ],
                    "rotation": 180,
                    "texture": "#0"
                },
                "south": {
                    "uv": [
                        12,
                        4.5,
                        12.5,
                        6
                    ],
                    "rotation": 180,
                    "texture": "#0"
                },
                "west": {
                    "uv": [
                        10.5,
                        6,
                        12.5,
                        4.5
                    ],
                    "texture": "#0"
                },
                "up": {
                    "uv": [
                        10.5,
                        5.5,
                        12.5,
                        6
                    ],
                    "rotation": 90,
                    "texture": "#0"
                },
                "down": {
                    "uv": [
                        12.5,
                        4.5,
                        10.5,
                        5
                    ],
                    "rotation": 90,
                    "texture": "#0"
                }
            }
        },
        {
            "name": "sword_1",
            "from": [
                7.58983,
                -0.89638,
                9.34655
            ],
            "to": [
                8.19983,
                0.32362,
                9.95655
            ],
            "rotation": {
                "angle": 45,
                "axis": "x",
                "origin": [
                    5.45483,
                    0.545,
                    10.67138
                ]
            },
            "faces": {
                "north": {
                    "uv": [
                        12.5,
                        4.5,
                        13,
                        5.5
                    ],
                    "rotation": 180,
                    "texture": "#0"
                },
                "east": {
                    "uv": [
                        12.5,
                        4.5,
                        13,
                        5.5
                    ],
                    "rotation": 180,
                    "texture": "#0"
                },
                "south": {
                    "uv": [
                        12.5,
                        4.5,
                        13,
                        5.5
                    ],
                    "rotation": 180,
                    "texture": "#0"
                },
                "west": {
                    "uv": [
                        12.5,
                        5.5,
                        13,
                        4.5
                    ],
                    "texture": "#0"
                },
                "up": {
                    "uv": [
                        12.5,
                        5,
                        13,
                        5.5
                    ],
                    "rotation": 90,
                    "texture": "#0"
                },
                "down": {
                    "uv": [
                        13,
                        4.5,
                        12.5,
                        5
                    ],
                    "rotation": 90,
                    "texture": "#0"
                }
            }
        },
        {
            "name": "sword_2",
            "from": [
                7.58983,
                -0.28638,
                5.68655
            ],
            "to": [
                8.19983,
                2.76362,
                6.90655
            ],
            "rotation": {
                "angle": 45,
                "axis": "x",
                "origin": [
                    5.45483,
                    0.545,
                    10.67138
                ]
            },
            "faces": {
                "north": {
                    "uv": [
                        9.5,
                        5,
                        10,
                        7.5
                    ],
                    "rotation": 180,
                    "texture": "#0"
                },
                "east": {
                    "uv": [
                        9.5,
                        5,
                        10.5,
                        7.5
                    ],
                    "rotation": 180,
                    "texture": "#0"
                },
                "south": {
                    "uv": [
                        10,
                        5,
                        10.5,
                        7.5
                    ],
                    "rotation": 180,
                    "texture": "#0"
                },
                "west": {
                    "uv": [
                        9.5,
                        7.5,
                        10.5,
                        5
                    ],
                    "texture": "#0"
                },
                "up": {
                    "uv": [
                        9.5,
                        7,
                        10.5,
                        7.5
                    ],
                    "rotation": 90,
                    "texture": "#0"
                },
                "down": {
                    "uv": [
                        10.5,
                        5,
                        9.5,
                        5.5
                    ],
                    "rotation": 90,
                    "texture": "#0"
                }
            }
        },
        {
            "name": "sword_3",
            "from": [
                7.58983,
                0.32362,
                4.46655
            ],
            "to": [
                8.19983,
                3.98362,
                5.68655
            ],
            "rotation": {
                "angle": 45,
                "axis": "x",
                "origin": [
                    5.45483,
                    0.545,
                    10.67138
                ]
            },
            "faces": {
                "north": {
                    "uv": [
                        8.5,
                        5.5,
                        9,
                        8.5
                    ],
                    "rotation": 180,
                    "texture": "#0"
                },
                "east": {
                    "uv": [
                        8.5,
                        5.5,
                        9.5,
                        8.5
                    ],
                    "rotation": 180,
                    "texture": "#0"
                },
                "south": {
                    "uv": [
                        9,
                        5.5,
                        9.5,
                        8.5
                    ],
                    "rotation": 180,
                    "texture": "#0"
                },
                "west": {
                    "uv": [
                        8.5,
                        8.5,
                        9.5,
                        5.5
                    ],
                    "texture": "#0"
                },
                "up": {
                    "uv": [
                        8.5,
                        8,
                        9.5,
                        8.5
                    ],
                    "rotation": 90,
                    "texture": "#0"
                },
                "down": {
                    "uv": [
                        9.5,
                        5.5,
                        8.5,
                        6
                    ],
                    "rotation": 90,
                    "texture": "#0"
                }
            }
        },
        {
            "name": "sword_4",
            "from": [
                7.58983,
                0.93362,
                3.85655
            ],
            "to": [
                8.19983,
                4.59362,
                4.46655
            ],
            "rotation": {
                "angle": 45,
                "axis": "x",
                "origin": [
                    5.45483,
                    0.545,
                    10.67138
                ]
            },
            "faces": {
                "north": {
                    "uv": [
                        8,
                        6,
                        8.5,
                        9
                    ],
                    "rotation": 180,
                    "texture": "#0"
                },
                "east": {
                    "uv": [
                        8,
                        6,
                        8.5,
                        9
                    ],
                    "rotation": 180,
                    "texture": "#0"
                },
                "south": {
                    "uv": [
                        8,
                        6,
                        8.5,
                        9
                    ],
                    "rotation": 180,
                    "texture": "#0"
                },
                "west": {
                    "uv": [
                        8,
                        9,
                        8.5,
                        6
                    ],
                    "texture": "#0"
                },
                "up": {
                    "uv": [
                        8,
                        8.5,
                        8.5,
                        9
                    ],
                    "rotation": 90,
                    "texture": "#0"
                },
                "down": {
                    "uv": [
                        8.5,
                        6,
                        8,
                        6.5
                    ],
                    "rotation": 90,
                    "texture": "#0"
                }
            }
        },
        {
            "name": "sword_5",
            "from": [
                7.58983,
                0.93362,
                6.90655
            ],
            "to": [
                8.19983,
                2.15362,
                8.12655
            ],
            "rotation": {
                "angle": 45,
                "axis": "x",
                "origin": [
                    5.45483,
                    0.545,
                    10.67138
                ]
            },
            "faces": {
                "north": {
                    "uv": [
                        10.5,
                        6,
                        11,
                        7
                    ],
                    "rotation": 180,
                    "texture": "#0"
                },
                "east": {
                    "uv": [
                        10.5,
                        6,
                        11.5,
                        7
                    ],
                    "rotation": 180,
                    "texture": "#0"
                },
                "south": {
                    "uv": [
                        11,
                        6,
                        11.5,
                        7
                    ],
                    "rotation": 180,
                    "texture": "#0"
                },
                "west": {
                    "uv": [
                        10.5,
                        7,
                        11.5,
                        6
                    ],
                    "texture": "#0"
                },
                "up": {
                    "uv": [
                        10.5,
                        6.5,
                        11.5,
                        7
                    ],
                    "rotation": 90,
                    "texture": "#0"
                },
                "down": {
                    "uv": [
                        11.5,
                        6,
                        10.5,
                        6.5
                    ],
                    "rotation": 90,
                    "texture": "#0"
                }
            }
        },
        {
            "name": "sword_6",
            "from": [
                7.58983,
                0.93362,
                8.12655
            ],
            "to": [
                8.19983,
                1.54362,
                8.73655
            ],
            "rotation": {
                "angle": 45,
                "axis": "x",
                "origin": [
                    5.45483,
                    0.545,
                    10.67138
                ]
            },
            "faces": {
                "north": {
                    "uv": [
                        11.5,
                        6,
                        12,
                        6.5
                    ],
                    "rotation": 180,
                    "texture": "#0"
                },
                "east": {
                    "uv": [
                        11.5,
                        6,
                        12,
                        6.5
                    ],
                    "rotation": 180,
                    "texture": "#0"
                },
                "south": {
                    "uv": [
                        11.5,
                        6,
                        12,
                        6.5
                    ],
                    "rotation": 180,
                    "texture": "#0"
                },
                "west": {
                    "uv": [
                        11.5,
                        6.5,
                        12,
                        6
                    ],
                    "texture": "#0"
                },
                "up": {
                    "uv": [
                        11.5,
                        6,
                        12,
                        6.5
                    ],
                    "rotation": 90,
                    "texture": "#0"
                },
                "down": {
                    "uv": [
                        12,
                        6,
                        11.5,
                        6.5
                    ],
                    "rotation": 90,
                    "texture": "#0"
                }
            }
        },
        {
            "name": "sword_7",
            "from": [
                7.58983,
                1.54362,
                3.24655
            ],
            "to": [
                8.19983,
                5.20362,
                3.85655
            ],
            "rotation": {
                "angle": 45,
                "axis": "x",
                "origin": [
                    5.45483,
                    0.545,
                    10.67138
                ]
            },
            "faces": {
                "north": {
                    "uv": [
                        7.5,
                        6.5,
                        8,
                        9.5
                    ],
                    "rotation": 180,
                    "texture": "#0"
                },
                "east": {
                    "uv": [
                        7.5,
                        6.5,
                        8,
                        9.5
                    ],
                    "rotation": 180,
                    "texture": "#0"
                },
                "south": {
                    "uv": [
                        7.5,
                        6.5,
                        8,
                        9.5
                    ],
                    "rotation": 180,
                    "texture": "#0"
                },
                "west": {
                    "uv": [
                        7.5,
                        9.5,
                        8,
                        6.5
                    ],
                    "texture": "#0"
                },
                "up": {
                    "uv": [
                        7.5,
                        9,
                        8,
                        9.5
                    ],
                    "rotation": 90,
                    "texture": "#0"
                },
                "down": {
                    "uv": [
                        8,
                        6.5,
                        7.5,
                        7
                    ],
                    "rotation": 90,
                    "texture": "#0"
                }
            }
        },
        {
            "name": "sword_8",
            "from": [
                7.58983,
                2.15362,
                2.63655
            ],
            "to": [
                8.19983,
                5.81362,
                3.24655
            ],
            "rotation": {
                "angle": 45,
                "axis": "x",
                "origin": [
                    5.45483,
                    0.545,
                    10.67138
                ]
            },
            "faces": {
                "north": {
                    "uv": [
                        7,
                        7,
                        7.5,
                        10
                    ],
                    "rotation": 180,
                    "texture": "#0"
                },
                "east": {
                    "uv": [
                        7,
                        7,
                        7.5,
                        10
                    ],
                    "rotation": 180,
                    "texture": "#0"
                },
                "south": {
                    "uv": [
                        7,
                        7,
                        7.5,
                        10
                    ],
                    "rotation": 180,
                    "texture": "#0"
                },
                "west": {
                    "uv": [
                        7,
                        10,
                        7.5,
                        7
                    ],
                    "texture": "#0"
                },
                "up": {
                    "uv": [
                        7,
                        9.5,
                        7.5,
                        10
                    ],
                    "rotation": 90,
                    "texture": "#0"
                },
                "down": {
                    "uv": [
                        7.5,
                        7,
                        7,
                        7.5
                    ],
                    "rotation": 90,
                    "texture": "#0"
                }
            }
        },
        {
            "name": "sword_9",
            "from": [
                7.58983,
                2.76362,
                2.02655
            ],
            "to": [
                8.19983,
                3.98362,
                2.63655
            ],
            "rotation": {
                "angle": 45,
                "axis": "x",
                "origin": [
                    5.45483,
                    0.545,
                    10.67138
                ]
            },
            "faces": {
                "north": {
                    "uv": [
                        6.5,
                        7.5,
                        7,
                        8.5
                    ],
                    "rotation": 180,
                    "texture": "#0"
                },
                "east": {
                    "uv": [
                        6.5,
                        7.5,
                        7,
                        8.5
                    ],
                    "rotation": 180,
                    "texture": "#0"
                },
                "south": {
                    "uv": [
                        6.5,
                        7.5,
                        7,
                        8.5
                    ],
                    "rotation": 180,
                    "texture": "#0"
                },
                "west": {
                    "uv": [
                        6.5,
                        8.5,
                        7,
                        7.5
                    ],
                    "texture": "#0"
                },
                "up": {
                    "uv": [
                        6.5,
                        8,
                        7,
                        8.5
                    ],
                    "rotation": 90,
                    "texture": "#0"
                },
                "down": {
                    "uv": [
                        7,
                        7.5,
                        6.5,
                        8
                    ],
                    "rotation": 90,
                    "texture": "#0"
                }
            }
        },
        {
            "name": "sword_10",
            "from": [
                7.58983,
                2.76362,
                5.68655
            ],
            "to": [
                8.19983,
                3.37362,
                6.29655
            ],
            "rotation": {
                "angle": 45,
                "axis": "x",
                "origin": [
                    5.45483,
                    0.545,
                    10.67138
                ]
            },
            "faces": {
                "north": {
                    "uv": [
                        9.5,
                        7.5,
                        10,
                        8
                    ],
                    "rotation": 180,
                    "texture": "#0"
                },
                "east": {
                    "uv": [
                        9.5,
                        7.5,
                        10,
                        8
                    ],
                    "rotation": 180,
                    "texture": "#0"
                },
                "south": {
                    "uv": [
                        9.5,
                        7.5,
                        10,
                        8
                    ],
                    "rotation": 180,
                    "texture": "#0"
                },
                "west": {
                    "uv": [
                        9.5,
                        8,
                        10,
                        7.5
                    ],
                    "texture": "#0"
                },
                "up": {
                    "uv": [
                        9.5,
                        7.5,
                        10,
                        8
                    ],
                    "rotation": 90,
                    "texture": "#0"
                },
                "down": {
                    "uv": [
                        10,
                        7.5,
                        9.5,
                        8
                    ],
                    "rotation": 90,
                    "texture": "#0"
                }
            }
        },
        {
            "name": "sword_11",
            "from": [
                7.58983,
                3.37362,
                1.41655
            ],
            "to": [
                8.19983,
                4.59362,
                2.02655
            ],
            "rotation": {
                "angle": 45,
                "axis": "x",
                "origin": [
                    5.45483,
                    0.545,
                    10.67138
                ]
            },
            "faces": {
                "north": {
                    "uv": [
                        6,
                        8,
                        6.5,
                        9
                    ],
                    "rotation": 180,
                    "texture": "#0"
                },
                "east": {
                    "uv": [
                        6,
                        8,
                        6.5,
                        9
                    ],
                    "rotation": 180,
                    "texture": "#0"
                },
                "south": {
                    "uv": [
                        6,
                        8,
                        6.5,
                        9
                    ],
                    "rotation": 180,
                    "texture": "#0"
                },
                "west": {
                    "uv": [
                        6,
                        9,
                        6.5,
                        8
                    ],
                    "texture": "#0"
                },
                "up": {
                    "uv": [
                        6,
                        8.5,
                        6.5,
                        9
                    ],
                    "rotation": 90,
                    "texture": "#0"
                },
                "down": {
                    "uv": [
                        6.5,
                        8,
                        6,
                        8.5
                    ],
                    "rotation": 90,
                    "texture": "#0"
                }
            }
        },
        {
            "name": "sword_12",
            "from": [
                7.58983,
                3.98362,
                0.80655
            ],
            "to": [
                8.19983,
                5.20362,
                1.41655
            ],
            "rotation": {
                "angle": 45,
                "axis": "x",
                "origin": [
                    5.45483,
                    0.545,
                    10.67138
                ]
            },
            "faces": {
                "north": {
                    "uv": [
                        5.5,
                        8.5,
                        6,
                        9.5
                    ],
                    "rotation": 180,
                    "texture": "#0"
                },
                "east": {
                    "uv": [
                        5.5,
                        8.5,
                        6,
                        9.5
                    ],
                    "rotation": 180,
                    "texture": "#0"
                },
                "south": {
                    "uv": [
                        5.5,
                        8.5,
                        6,
                        9.5
                    ],
                    "rotation": 180,
                    "texture": "#0"
                },
                "west": {
                    "uv": [
                        5.5,
                        9.5,
                        6,
                        8.5
                    ],
                    "texture": "#0"
                },
                "up": {
                    "uv": [
                        5.5,
                        9,
                        6,
                        9.5
                    ],
                    "rotation": 90,
                    "texture": "#0"
                },
                "down": {
                    "uv": [
                        6,
                        8.5,
                        5.5,
                        9
                    ],
                    "rotation": 90,
                    "texture": "#0"
                }
            }
        },
        {
            "name": "sword_13",
            "from": [
                7.58983,
                4.59362,
                0.19655
            ],
            "to": [
                8.19983,
                5.81362,
                0.80655
            ],
            "rotation": {
                "angle": 45,
                "axis": "x",
                "origin": [
                    5.45483,
                    0.545,
                    10.67138
                ]
            },
            "faces": {
                "north": {
                    "uv": [
                        5,
                        9,
                        5.5,
                        10
                    ],
                    "rotation": 180,
                    "texture": "#0"
                },
                "east": {
                    "uv": [
                        5,
                        9,
                        5.5,
                        10
                    ],
                    "rotation": 180,
                    "texture": "#0"
                },
                "south": {
                    "uv": [
                        5,
                        9,
                        5.5,
                        10
                    ],
                    "rotation": 180,
                    "texture": "#0"
                },
                "west": {
                    "uv": [
                        5,
                        10,
                        5.5,
                        9
                    ],
                    "texture": "#0"
                },
                "up": {
                    "uv": [
                        5,
                        9.5,
                        5.5,
                        10
                    ],
                    "rotation": 90,
                    "texture": "#0"
                },
                "down": {
                    "uv": [
                        5.5,
                        9,
                        5,
                        9.5
                    ],
                    "rotation": 90,
                    "texture": "#0"
                }
            }
        },
        {
            "name": "sword_14",
            "from": [
                7.58983,
                4.59362,
                2.02655
            ],
            "to": [
                8.19983,
                7.03362,
                2.63655
            ],
            "rotation": {
                "angle": 45,
                "axis": "x",
                "origin": [
                    5.45483,
                    0.545,
                    10.67138
                ]
            },
            "faces": {
                "north": {
                    "uv": [
                        6.5,
                        9,
                        7,
                        11
                    ],
                    "rotation": 180,
                    "texture": "#0"
                },
                "east": {
                    "uv": [
                        6.5,
                        9,
                        7,
                        11
                    ],
                    "rotation": 180,
                    "texture": "#0"
                },
                "south": {
                    "uv": [
                        6.5,
                        9,
                        7,
                        11
                    ],
                    "rotation": 180,
                    "texture": "#0"
                },
                "west": {
                    "uv": [
                        6.5,
                        11,
                        7,
                        9
                    ],
                    "texture": "#0"
                },
                "up": {
                    "uv": [
                        6.5,
                        10.5,
                        7,
                        11
                    ],
                    "rotation": 90,
                    "texture": "#0"
                },
                "down": {
                    "uv": [
                        7,
                        9,
                        6.5,
                        9.5
                    ],
                    "rotation": 90,
                    "texture": "#0"
                }
            }
        },
        {
            "name": "sword_15",
            "from": [
                7.58983,
                5.20362,
                -0.41345
            ],
            "to": [
                8.19983,
                11.30362,
                0.19655
            ],
            "rotation": {
                "angle": 45,
                "axis": "x",
                "origin": [
                    5.45483,
                    0.545,
                    10.67138
                ]
            },
            "faces": {
                "north": {
                    "uv": [
                        4.5,
                        9.5,
                        5,
                        14.5
                    ],
                    "rotation": 180,
                    "texture": "#0"
                },
                "east": {
                    "uv": [
                        4.5,
                        9.5,
                        5,
                        14.5
                    ],
                    "rotation": 180,
                    "texture": "#0"
                },
                "south": {
                    "uv": [
                        4.5,
                        9.5,
                        5,
                        14.5
                    ],
                    "rotation": 180,
                    "texture": "#0"
                },
                "west": {
                    "uv": [
                        4.5,
                        14.5,
                        5,
                        9.5
                    ],
                    "texture": "#0"
                },
                "up": {
                    "uv": [
                        4.5,
                        14,
                        5,
                        14.5
                    ],
                    "rotation": 90,
                    "texture": "#0"
                },
                "down": {
                    "uv": [
                        5,
                        9.5,
                        4.5,
                        10
                    ],
                    "rotation": 90,
                    "texture": "#0"
                }
            }
        },
        {
            "name": "sword_16",
            "from": [
                7.58983,
                5.20362,
                1.41655
            ],
            "to": [
                8.19983,
                7.64362,
                2.02655
            ],
            "rotation": {
                "angle": 45,
                "axis": "x",
                "origin": [
                    5.45483,
                    0.545,
                    10.67138
                ]
            },
            "faces": {
                "north": {
                    "uv": [
                        6,
                        9.5,
                        6.5,
                        11.5
                    ],
                    "rotation": 180,
                    "texture": "#0"
                },
                "east": {
                    "uv": [
                        6,
                        9.5,
                        6.5,
                        11.5
                    ],
                    "rotation": 180,
                    "texture": "#0"
                },
                "south": {
                    "uv": [
                        6,
                        9.5,
                        6.5,
                        11.5
                    ],
                    "rotation": 180,
                    "texture": "#0"
                },
                "west": {
                    "uv": [
                        6,
                        11.5,
                        6.5,
                        9.5
                    ],
                    "texture": "#0"
                },
                "up": {
                    "uv": [
                        6,
                        11,
                        6.5,
                        11.5
                    ],
                    "rotation": 90,
                    "texture": "#0"
                },
                "down": {
                    "uv": [
                        6.5,
                        9.5,
                        6,
                        10
                    ],
                    "rotation": 90,
                    "texture": "#0"
                }
            }
        },
        {
            "name": "sword_17",
            "from": [
                7.58983,
                5.81362,
                -1.02345
            ],
            "to": [
                8.19983,
                11.91362,
                -0.41345
            ],
            "rotation": {
                "angle": 45,
                "axis": "x",
                "origin": [
                    5.45483,
                    0.545,
                    10.67138
                ]
            },
            "faces": {
                "north": {
                    "uv": [
                        4,
                        10,
                        4.5,
                        15
                    ],
                    "rotation": 180,
                    "texture": "#0"
                },
                "east": {
                    "uv": [
                        4,
                        10,
                        4.5,
                        15
                    ],
                    "rotation": 180,
                    "texture": "#0"
                },
                "south": {
                    "uv": [
                        4,
                        10,
                        4.5,
                        15
                    ],
                    "rotation": 180,
                    "texture": "#0"
                },
                "west": {
                    "uv": [
                        4,
                        15,
                        4.5,
                        10
                    ],
                    "texture": "#0"
                },
                "up": {
                    "uv": [
                        4,
                        14.5,
                        4.5,
                        15
                    ],
                    "rotation": 90,
                    "texture": "#0"
                },
                "down": {
                    "uv": [
                        4.5,
                        10,
                        4,
                        10.5
                    ],
                    "rotation": 90,
                    "texture": "#0"
                }
            }
        },
        {
            "name": "sword_18",
            "from": [
                7.58983,
                5.81362,
                0.80655
            ],
            "to": [
                8.19983,
                8.25362,
                1.41655
            ],
            "rotation": {
                "angle": 45,
                "axis": "x",
                "origin": [
                    5.45483,
                    0.545,
                    10.67138
                ]
            },
            "faces": {
                "north": {
                    "uv": [
                        5.5,
                        10,
                        6,
                        12
                    ],
                    "rotation": 180,
                    "texture": "#0"
                },
                "east": {
                    "uv": [
                        5.5,
                        10,
                        6,
                        12
                    ],
                    "rotation": 180,
                    "texture": "#0"
                },
                "south": {
                    "uv": [
                        5.5,
                        10,
                        6,
                        12
                    ],
                    "rotation": 180,
                    "texture": "#0"
                },
                "west": {
                    "uv": [
                        5.5,
                        12,
                        6,
                        10
                    ],
                    "texture": "#0"
                },
                "up": {
                    "uv": [
                        5.5,
                        11.5,
                        6,
                        12
                    ],
                    "rotation": 90,
                    "texture": "#0"
                },
                "down": {
                    "uv": [
                        6,
                        10,
                        5.5,
                        10.5
                    ],
                    "rotation": 90,
                    "texture": "#0"
                }
            }
        },
        {
            "name": "sword_19",
            "from": [
                7.58983,
                6.42362,
                -2.24345
            ],
            "to": [
                8.19983,
                11.30362,
                -1.02345
            ],
            "rotation": {
                "angle": 45,
                "axis": "x",
                "origin": [
                    5.45483,
                    0.545,
                    10.67138
                ]
            },
            "faces": {
                "north": {
                    "uv": [
                        3,
                        10.5,
                        3.5,
                        14.5
                    ],
                    "rotation": 180,
                    "texture": "#0"
                },
                "east": {
                    "uv": [
                        3,
                        10.5,
                        4,
                        14.5
                    ],
                    "rotation": 180,
                    "texture": "#0"
                },
                "south": {
                    "uv": [
                        3.5,
                        10.5,
                        4,
                        14.5
                    ],
                    "rotation": 180,
                    "texture": "#0"
                },
                "west": {
                    "uv": [
                        3,
                        14.5,
                        4,
                        10.5
                    ],
                    "texture": "#0"
                },
                "up": {
                    "uv": [
                        3,
                        14,
                        4,
                        14.5
                    ],
                    "rotation": 90,
                    "texture": "#0"
                },
                "down": {
                    "uv": [
                        4,
                        10.5,
                        3,
                        11
                    ],
                    "rotation": 90,
                    "texture": "#0"
                }
            }
        },
        {
            "name": "sword_20",
            "from": [
                7.58983,
                6.42362,
                0.19655
            ],
            "to": [
                8.19983,
                9.47362,
                0.80655
            ],
            "rotation": {
                "angle": 45,
                "axis": "x",
                "origin": [
                    5.45483,
                    0.545,
                    10.67138
                ]
            },
            "faces": {
                "north": {
                    "uv": [
                        5,
                        10.5,
                        5.5,
                        13
                    ],
                    "rotation": 180,
                    "texture": "#0"
                },
                "east": {
                    "uv": [
                        5,
                        10.5,
                        5.5,
                        13
                    ],
                    "rotation": 180,
                    "texture": "#0"
                },
                "south": {
                    "uv": [
                        5,
                        10.5,
                        5.5,
                        13
                    ],
                    "rotation": 180,
                    "texture": "#0"
                },
                "west": {
                    "uv": [
                        5,
                        13,
                        5.5,
                        10.5
                    ],
                    "texture": "#0"
                },
                "up": {
                    "uv": [
                        5,
                        12.5,
                        5.5,
                        13
                    ],
                    "rotation": 90,
                    "texture": "#0"
                },
                "down": {
                    "uv": [
                        5.5,
                        10.5,
                        5,
                        11
                    ],
                    "rotation": 90,
                    "texture": "#0"
                }
            }
        },
        {
            "name": "sword_21",
            "from": [
                7.58983,
                7.03362,
                -4.07345
            ],
            "to": [
                8.19983,
                11.30362,
                -2.24345
            ],
            "rotation": {
                "angle": 45,
                "axis": "x",
                "origin": [
                    5.45483,
                    0.545,
                    10.67138
                ]
            },
            "faces": {
                "north": {
                    "uv": [
                        1.5,
                        11,
                        2,
                        14.5
                    ],
                    "rotation": 180,
                    "texture": "#0"
                },
                "east": {
                    "uv": [
                        1.5,
                        11,
                        3,
                        14.5
                    ],
                    "rotation": 180,
                    "texture": "#0"
                },
                "south": {
                    "uv": [
                        2.5,
                        11,
                        3,
                        14.5
                    ],
                    "rotation": 180,
                    "texture": "#0"
                },
                "west": {
                    "uv": [
                        1.5,
                        14.5,
                        3,
                        11
                    ],
                    "texture": "#0"
                },
                "up": {
                    "uv": [
                        1.5,
                        14,
                        3,
                        14.5
                    ],
                    "rotation": 90,
                    "texture": "#0"
                },
                "down": {
                    "uv": [
                        3,
                        11,
                        1.5,
                        11.5
                    ],
                    "rotation": 90,
                    "texture": "#0"
                }
            }
        },
        {
            "name": "sword_22",
            "from": [
                7.58983,
                7.64362,
                -4.68345
            ],
            "to": [
                8.19983,
                8.25362,
                -4.07345
            ],
            "rotation": {
                "angle": 45,
                "axis": "x",
                "origin": [
                    5.45483,
                    0.545,
                    10.67138
                ]
            },
            "faces": {
                "north": {
                    "uv": [
                        1,
                        11.5,
                        1.5,
                        12
                    ],
                    "rotation": 180,
                    "texture": "#0"
                },
                "east": {
                    "uv": [
                        1,
                        11.5,
                        1.5,
                        12
                    ],
                    "rotation": 180,
                    "texture": "#0"
                },
                "south": {
                    "uv": [
                        1,
                        11.5,
                        1.5,
                        12
                    ],
                    "rotation": 180,
                    "texture": "#0"
                },
                "west": {
                    "uv": [
                        1,
                        12,
                        1.5,
                        11.5
                    ],
                    "texture": "#0"
                },
                "up": {
                    "uv": [
                        1,
                        11.5,
                        1.5,
                        12
                    ],
                    "rotation": 90,
                    "texture": "#0"
                },
                "down": {
                    "uv": [
                        1.5,
                        11.5,
                        1,
                        12
                    ],
                    "rotation": 90,
                    "texture": "#0"
                }
            }
        },
        {
            "name": "sword_23",
            "from": [
                7.58983,
                8.86362,
                -4.68345
            ],
            "to": [
                8.19983,
                9.47362,
                -4.07345
            ],
            "rotation": {
                "angle": 45,
                "axis": "x",
                "origin": [
                    5.45483,
                    0.545,
                    10.67138
                ]
            },
            "faces": {
                "north": {
                    "uv": [
                        1,
                        12.5,
                        1.5,
                        13
                    ],
                    "rotation": 180,
                    "texture": "#0"
                },
                "east": {
                    "uv": [
                        1,
                        12.5,
                        1.5,
                        13
                    ],
                    "rotation": 180,
                    "texture": "#0"
                },
                "south": {
                    "uv": [
                        1,
                        12.5,
                        1.5,
                        13
                    ],
                    "rotation": 180,
                    "texture": "#0"
                },
                "west": {
                    "uv": [
                        1,
                        13,
                        1.5,
                        12.5
                    ],
                    "texture": "#0"
                },
                "up": {
                    "uv": [
                        1,
                        12.5,
                        1.5,
                        13
                    ],
                    "rotation": 90,
                    "texture": "#0"
                },
                "down": {
                    "uv": [
                        1.5,
                        12.5,
                        1,
                        13
                    ],
                    "rotation": 90,
                    "texture": "#0"
                }
            }
        },
        {
            "name": "sword_24",
            "from": [
                7.58983,
                10.69362,
                -4.68345
            ],
            "to": [
                8.19983,
                12.52362,
                -4.07345
            ],
            "rotation": {
                "angle": 45,
                "axis": "x",
                "origin": [
                    5.45483,
                    0.545,
                    10.67138
                ]
            },
            "faces": {
                "north": {
                    "uv": [
                        1,
                        14,
                        1.5,
                        15.5
                    ],
                    "rotation": 180,
                    "texture": "#0"
                },
                "east": {
                    "uv": [
                        1,
                        14,
                        1.5,
                        15.5
                    ],
                    "rotation": 180,
                    "texture": "#0"
                },
                "south": {
                    "uv": [
                        1,
                        14,
                        1.5,
                        15.5
                    ],
                    "rotation": 180,
                    "texture": "#0"
                },
                "west": {
                    "uv": [
                        1,
                        15.5,
                        1.5,
                        14
                    ],
                    "texture": "#0"
                },
                "up": {
                    "uv": [
                        1,
                        15,
                        1.5,
                        15.5
                    ],
                    "rotation": 90,
                    "texture": "#0"
                },
                "down": {
                    "uv": [
                        1.5,
                        14,
                        1,
                        14.5
                    ],
                    "rotation": 90,
                    "texture": "#0"
                }
            }
        },
        {
            "name": "sword_25",
            "from": [
                7.58983,
                11.30362,
                -5.29345
            ],
            "to": [
                8.19983,
                13.13362,
                -4.68345
            ],
            "rotation": {
                "angle": 45,
                "axis": "x",
                "origin": [
                    5.45483,
                    0.545,
                    10.67138
                ]
            },
            "faces": {
                "north": {
                    "uv": [
                        0.5,
                        14.5,
                        1,
                        16
                    ],
                    "rotation": 180,
                    "texture": "#0"
                },
                "east": {
                    "uv": [
                        0.5,
                        14.5,
                        1,
                        16
                    ],
                    "rotation": 180,
                    "texture": "#0"
                },
                "south": {
                    "uv": [
                        0.5,
                        14.5,
                        1,
                        16
                    ],
                    "rotation": 180,
                    "texture": "#0"
                },
                "west": {
                    "uv": [
                        0.5,
                        16,
                        1,
                        14.5
                    ],
                    "texture": "#0"
                },
                "up": {
                    "uv": [
                        0.5,
                        15.5,
                        1,
                        16
                    ],
                    "rotation": 90,
                    "texture": "#0"
                },
                "down": {
                    "uv": [
                        1,
                        14.5,
                        0.5,
                        15
                    ],
                    "rotation": 90,
                    "texture": "#0"
                }
            }
        },
        {
            "name": "sword_26",
            "from": [
                7.58983,
                11.30362,
                -4.07345
            ],
            "to": [
                8.19983,
                11.91362,
                -3.46345
            ],
            "rotation": {
                "angle": 45,
                "axis": "x",
                "origin": [
                    5.45483,
                    0.545,
                    10.67138
                ]
            },
            "faces": {
                "north": {
                    "uv": [
                        1.5,
                        14.5,
                        2,
                        15
                    ],
                    "rotation": 180,
                    "texture": "#0"
                },
                "east": {
                    "uv": [
                        1.5,
                        14.5,
                        2,
                        15
                    ],
                    "rotation": 180,
                    "texture": "#0"
                },
                "south": {
                    "uv": [
                        1.5,
                        14.5,
                        2,
                        15
                    ],
                    "rotation": 180,
                    "texture": "#0"
                },
                "west": {
                    "uv": [
                        1.5,
                        15,
                        2,
                        14.5
                    ],
                    "texture": "#0"
                },
                "up": {
                    "uv": [
                        1.5,
                        14.5,
                        2,
                        15
                    ],
                    "rotation": 90,
                    "texture": "#0"
                },
                "down": {
                    "uv": [
                        2,
                        14.5,
                        1.5,
                        15
                    ],
                    "rotation": 90,
                    "texture": "#0"
                }
            }
        },
        {
            "name": "sword_27",
            "from": [
                7.58983,
                11.30362,
                -2.24345
            ],
            "to": [
                8.19983,
                11.91362,
                -1.63345
            ],
            "rotation": {
                "angle": 45,
                "axis": "x",
                "origin": [
                    5.45483,
                    0.545,
                    10.67138
                ]
            },
            "faces": {
                "north": {
                    "uv": [
                        3,
                        14.5,
                        3.5,
                        15
                    ],
                    "rotation": 180,
                    "texture": "#0"
                },
                "east": {
                    "uv": [
                        3,
                        14.5,
                        3.5,
                        15
                    ],
                    "rotation": 180,
                    "texture": "#0"
                },
                "south": {
                    "uv": [
                        3,
                        14.5,
                        3.5,
                        15
                    ],
                    "rotation": 180,
                    "texture": "#0"
                },
                "west": {
                    "uv": [
                        3,
                        15,
                        3.5,
                        14.5
                    ],
                    "texture": "#0"
                },
                "up": {
                    "uv": [
                        3,
                        14.5,
                        3.5,
                        15
                    ],
                    "rotation": 90,
                    "texture": "#0"
                },
                "down": {
                    "uv": [
                        3.5,
                        14.5,
                        3,
                        15
                    ],
                    "rotation": 90,
                    "texture": "#0"
                }
            }
        },
        {
            "name": "sword_28",
            "from": [
                7.58983,
                11.91362,
                -5.90345
            ],
            "to": [
                8.19983,
                13.13362,
                -5.29345
            ],
            "rotation": {
                "angle": 45,
                "axis": "x",
                "origin": [
                    5.45483,
                    0.545,
                    10.67138
                ]
            },
            "faces": {
                "north": {
                    "uv": [
                        0,
                        15,
                        0.5,
                        16
                    ],
                    "rotation": 180,
                    "texture": "#0"
                },
                "east": {
                    "uv": [
                        0,
                        15,
                        0.5,
                        16
                    ],
                    "rotation": 180,
                    "texture": "#0"
                },
                "south": {
                    "uv": [
                        0,
                        15,
                        0.5,
                        16
                    ],
                    "rotation": 180,
                    "texture": "#0"
                },
                "west": {
                    "uv": [
                        0,
                        16,
                        0.5,
                        15
                    ],
                    "texture": "#0"
                },
                "up": {
                    "uv": [
                        0,
                        15.5,
                        0.5,
                        16
                    ],
                    "rotation": 90,
                    "texture": "#0"
                },
                "down": {
                    "uv": [
                        0.5,
                        15,
                        0,
                        15.5
                    ],
                    "rotation": 90,
                    "texture": "#0"
                }
            }
        }
    ],
    "display": {
        "head": {
            "rotation": [
                0,
                90,
                0
            ],
            "translation": [
                0,
                -26.5,
                0
            ],
            "scale": [
                2,
                2,
                2
            ]
        }
    },
    "groups": [
        0,
        1,
        {
            "name": "sword",
            "origin": [
                8,
                8,
                8
            ],
            "color": 0,
            "children": [
                2,
                3,
                4,
                5,
                6,
                7,
                8,
                9,
                10,
                11,
                12,
                13,
                14,
                15,
                16,
                17,
                18,
                19,
                20,
                21,
                22,
                23,
                24,
                25,
                26,
                27,
                28,
                29,
                30
            ]
        }
    ]
}