{
    "credit": "by yavu",
    "texture_size": [
        128,
        128
    ],
    "textures": {
        "0": "block/glass",
        "3": "item/other/stick/20115/toy_machine",
        "6": "item/other/stick/20115/capsule",
        "particle": "item/other/stick/20115/toy_machine"
    },
    "elements": [
        {
            "from": [
                8,
                6,
                0.99
            ],
            "to": [
                15,
                11,
                1.99
            ],
            "rotation": {
                "angle": 22.5,
                "axis": "z",
                "origin": [
                    11.5,
                    8.5,
                    1.16333
                ]
            },
            "faces": {
                "north": {
                    "uv": [
                        0.5,
                        8.75,
                        1.375,
                        9.375
                    ],
                    "texture": "#3"
                },
                "east": {
                    "uv": [
                        3.625,
                        5.75,
                        3.75,
                        6.375
                    ],
                    "texture": "#3"
                },
                "south": {
                    "uv": [
                        5.25,
                        8.75,
                        6.125,
                        9.375
                    ],
                    "texture": "#3"
                },
                "west": {
                    "uv": [
                        7.375,
                        1.25,
                        7.5,
                        1.875
                    ],
                    "texture": "#3"
                },
                "up": {
                    "uv": [
                        8.875,
                        1.25,
                        8,
                        1.125
                    ],
                    "texture": "#3"
                },
                "down": {
                    "uv": [
                        10,
                        3.25,
                        9.125,
                        3.375
                    ],
                    "texture": "#3"
                }
            }
        },
        {
            "from": [
                9,
                5,
                1
            ],
            "to": [
                14,
                12,
                2
            ],
            "rotation": {
                "angle": 22.5,
                "axis": "z",
                "origin": [
                    11.5,
                    8.5,
                    1.16333
                ]
            },
            "faces": {
                "north": {
                    "uv": [
                        1.375,
                        8.75,
                        2,
                        9.625
                    ],
                    "texture": "#3"
                },
                "east": {
                    "uv": [
                        3.375,
                        5.75,
                        3.5,
                        6.625
                    ],
                    "texture": "#3"
                },
                "south": {
                    "uv": [
                        8.375,
                        8.75,
                        9,
                        9.625
                    ],
                    "texture": "#3"
                },
                "west": {
                    "uv": [
                        3.5,
                        5.75,
                        3.625,
                        6.625
                    ],
                    "texture": "#3"
                },
                "up": {
                    "uv": [
                        9.75,
                        3.5,
                        9.125,
                        3.375
                    ],
                    "texture": "#3"
                },
                "down": {
                    "uv": [
                        9.75,
                        3.5,
                        9.125,
                        3.625
                    ],
                    "texture": "#3"
                }
            }
        },
        {
            "from": [
                9,
                8,
                0
            ],
            "to": [
                14,
                9,
                1
            ],
            "rotation": {
                "angle": 22.5,
                "axis": "z",
                "origin": [
                    11.5,
                    8.5,
                    1.16333
                ]
            },
            "faces": {
                "north": {
                    "uv": [
                        9.125,
                        3.625,
                        9.75,
                        3.75
                    ],
                    "texture": "#3"
                },
                "east": {
                    "uv": [
                        3.625,
                        6.375,
                        3.75,
                        6.5
                    ],
                    "texture": "#3"
                },
                "south": {
                    "uv": [
                        9.125,
                        3.75,
                        9.75,
                        3.875
                    ],
                    "texture": "#3"
                },
                "west": {
                    "uv": [
                        3.625,
                        6.5,
                        3.75,
                        6.625
                    ],
                    "texture": "#3"
                },
                "up": {
                    "uv": [
                        9.75,
                        4,
                        9.125,
                        3.875
                    ],
                    "texture": "#3"
                },
                "down": {
                    "uv": [
                        9.75,
                        4,
                        9.125,
                        4.125
                    ],
                    "texture": "#3"
                }
            }
        },
        {
            "from": [
                0,
                0,
                0
            ],
            "to": [
                16,
                3,
                16
            ],
            "faces": {
                "north": {
                    "uv": [
                        8,
                        0.75,
                        10,
                        1.125
                    ],
                    "texture": "#3"
                },
                "east": {
                    "uv": [
                        0,
                        8.375,
                        2,
                        8.75
                    ],
                    "texture": "#3"
                },
                "south": {
                    "uv": [
                        8.375,
                        5.5,
                        10.375,
                        5.875
                    ],
                    "texture": "#3"
                },
                "west": {
                    "uv": [
                        8.375,
                        5.875,
                        10.375,
                        6.25
                    ],
                    "texture": "#3"
                },
                "up": {
                    "uv": [
                        2,
                        2,
                        0,
                        0
                    ],
                    "texture": "#3"
                },
                "down": {
                    "uv": [
                        2,
                        2,
                        0,
                        4
                    ],
                    "texture": "#3"
                }
            }
        },
        {
            "from": [
                0,
                3,
                6
            ],
            "to": [
                16,
                14,
                16
            ],
            "faces": {
                "north": {
                    "uv": [
                        3.75,
                        4,
                        5.75,
                        5.375
                    ],
                    "texture": "#3"
                },
                "east": {
                    "uv": [
                        4,
                        6.75,
                        5.25,
                        8.125
                    ],
                    "texture": "#3"
                },
                "south": {
                    "uv": [
                        3.75,
                        5.375,
                        5.75,
                        6.75
                    ],
                    "texture": "#3"
                },
                "west": {
                    "uv": [
                        5.25,
                        7.375,
                        6.5,
                        8.75
                    ],
                    "texture": "#3"
                },
                "up": {
                    "uv": [
                        8,
                        1.25,
                        6,
                        0
                    ],
                    "texture": "#3"
                },
                "down": {
                    "uv": [
                        7.75,
                        6.125,
                        5.75,
                        7.375
                    ],
                    "texture": "#3"
                }
            }
        },
        {
            "from": [
                6,
                3,
                2
            ],
            "to": [
                16,
                13,
                6
            ],
            "faces": {
                "north": {
                    "uv": [
                        6.5,
                        7.375,
                        7.75,
                        8.625
                    ],
                    "texture": "#3"
                },
                "east": {
                    "uv": [
                        8.375,
                        6.25,
                        8.875,
                        7.5
                    ],
                    "texture": "#3"
                },
                "south": {
                    "uv": [
                        7.75,
                        1.25,
                        9,
                        2.5
                    ],
                    "texture": "#3"
                },
                "west": {
                    "uv": [
                        8.375,
                        7.5,
                        8.875,
                        8.75
                    ],
                    "texture": "#3"
                },
                "up": {
                    "uv": [
                        3.25,
                        9,
                        2,
                        8.5
                    ],
                    "texture": "#3"
                },
                "down": {
                    "uv": [
                        7.75,
                        8.625,
                        6.5,
                        9.125
                    ],
                    "texture": "#3"
                }
            }
        },
        {
            "from": [
                1,
                9,
                2
            ],
            "to": [
                6,
                13,
                6
            ],
            "faces": {
                "north": {
                    "uv": [
                        8.875,
                        8.25,
                        9.5,
                        8.75
                    ],
                    "texture": "#3"
                },
                "east": {
                    "uv": [
                        5.25,
                        6.75,
                        5.75,
                        7.25
                    ],
                    "texture": "#3"
                },
                "south": {
                    "uv": [
                        9,
                        1.125,
                        9.625,
                        1.625
                    ],
                    "texture": "#3"
                },
                "west": {
                    "uv": [
                        2.625,
                        9,
                        3.125,
                        9.5
                    ],
                    "texture": "#3"
                },
                "up": {
                    "uv": [
                        9.625,
                        2.125,
                        9,
                        1.625
                    ],
                    "texture": "#3"
                },
                "down": {
                    "uv": [
                        2.625,
                        9,
                        2,
                        9.5
                    ],
                    "texture": "#3"
                }
            }
        },
        {
            "from": [
                0,
                13,
                1
            ],
            "to": [
                16,
                14,
                6
            ],
            "faces": {
                "north": {
                    "uv": [
                        9,
                        2.125,
                        11,
                        2.25
                    ],
                    "texture": "#3"
                },
                "east": {
                    "uv": [
                        9.125,
                        4.125,
                        9.75,
                        4.25
                    ],
                    "texture": "#3"
                },
                "south": {
                    "uv": [
                        9,
                        2.25,
                        11,
                        2.375
                    ],
                    "texture": "#3"
                },
                "west": {
                    "uv": [
                        6.5,
                        9.125,
                        7.125,
                        9.25
                    ],
                    "texture": "#3"
                },
                "up": {
                    "uv": [
                        9.75,
                        4.875,
                        7.75,
                        4.25
                    ],
                    "texture": "#3"
                },
                "down": {
                    "uv": [
                        9.75,
                        4.875,
                        7.75,
                        5.5
                    ],
                    "texture": "#3"
                }
            }
        },
        {
            "from": [
                0,
                3,
                1
            ],
            "to": [
                16,
                4,
                2
            ],
            "faces": {
                "north": {
                    "uv": [
                        9,
                        2.375,
                        11,
                        2.5
                    ],
                    "texture": "#3"
                },
                "east": {
                    "uv": [
                        3.375,
                        6.625,
                        3.5,
                        6.75
                    ],
                    "texture": "#3"
                },
                "south": {
                    "uv": [
                        9,
                        8.75,
                        11,
                        8.875
                    ],
                    "texture": "#3"
                },
                "west": {
                    "uv": [
                        3.5,
                        6.625,
                        3.625,
                        6.75
                    ],
                    "texture": "#3"
                },
                "up": {
                    "uv": [
                        11,
                        9,
                        9,
                        8.875
                    ],
                    "texture": "#3"
                },
                "down": {
                    "uv": [
                        11,
                        9,
                        9,
                        9.125
                    ],
                    "texture": "#3"
                }
            }
        },
        {
            "from": [
                0,
                3,
                2
            ],
            "to": [
                1,
                13,
                6
            ],
            "faces": {
                "north": {
                    "uv": [
                        7.75,
                        9,
                        7.875,
                        10.25
                    ],
                    "texture": "#3"
                },
                "east": {
                    "uv": [
                        3.25,
                        8.5,
                        3.75,
                        9.75
                    ],
                    "texture": "#3"
                },
                "south": {
                    "uv": [
                        7.875,
                        9,
                        8,
                        10.25
                    ],
                    "texture": "#3"
                },
                "west": {
                    "uv": [
                        0,
                        8.75,
                        0.5,
                        10
                    ],
                    "texture": "#3"
                },
                "up": {
                    "uv": [
                        8.375,
                        9.5,
                        8.25,
                        9
                    ],
                    "texture": "#3"
                },
                "down": {
                    "uv": [
                        7.25,
                        9.125,
                        7.125,
                        9.625
                    ],
                    "texture": "#3"
                }
            }
        },
        {
            "from": [
                0,
                30,
                0
            ],
            "to": [
                16,
                32,
                16
            ],
            "faces": {
                "north": {
                    "uv": [
                        8.875,
                        6.25,
                        10.875,
                        6.5
                    ],
                    "texture": "#3"
                },
                "east": {
                    "uv": [
                        8.875,
                        6.5,
                        10.875,
                        6.75
                    ],
                    "texture": "#3"
                },
                "south": {
                    "uv": [
                        8.875,
                        6.75,
                        10.875,
                        7
                    ],
                    "texture": "#3"
                },
                "west": {
                    "uv": [
                        8.875,
                        7,
                        10.875,
                        7.25
                    ],
                    "texture": "#3"
                },
                "up": {
                    "uv": [
                        4,
                        2,
                        2,
                        0
                    ],
                    "texture": "#3"
                },
                "down": {
                    "uv": [
                        4,
                        2,
                        2,
                        4
                    ],
                    "texture": "#3"
                }
            }
        },
        {
            "from": [
                0,
                14,
                0
            ],
            "to": [
                16,
                16,
                16
            ],
            "faces": {
                "north": {
                    "uv": [
                        8.875,
                        7.25,
                        10.875,
                        7.5
                    ],
                    "texture": "#3"
                },
                "east": {
                    "uv": [
                        8.875,
                        7.5,
                        10.875,
                        7.75
                    ],
                    "texture": "#3"
                },
                "south": {
                    "uv": [
                        8.875,
                        7.75,
                        10.875,
                        8
                    ],
                    "texture": "#3"
                },
                "west": {
                    "uv": [
                        8.875,
                        8,
                        10.875,
                        8.25
                    ],
                    "texture": "#3"
                },
                "up": {
                    "uv": [
                        2,
                        6,
                        0,
                        4
                    ],
                    "texture": "#3"
                },
                "down": {
                    "uv": [
                        6,
                        0,
                        4,
                        2
                    ],
                    "texture": "#3"
                }
            }
        },
        {
            "from": [
                15,
                16,
                11
            ],
            "to": [
                16,
                30,
                16
            ],
            "faces": {
                "north": {
                    "uv": [
                        3.75,
                        8.5,
                        3.875,
                        10.25
                    ],
                    "texture": "#3"
                },
                "east": {
                    "uv": [
                        7.75,
                        5.5,
                        8.375,
                        7.25
                    ],
                    "texture": "#3"
                },
                "south": {
                    "uv": [
                        3.875,
                        8.5,
                        4,
                        10.25
                    ],
                    "texture": "#3"
                },
                "west": {
                    "uv": [
                        7.75,
                        7.25,
                        8.375,
                        9
                    ],
                    "texture": "#3"
                },
                "up": {
                    "uv": [
                        7.625,
                        1.875,
                        7.5,
                        1.25
                    ],
                    "texture": "#3"
                },
                "down": {
                    "uv": [
                        7.75,
                        1.25,
                        7.625,
                        1.875
                    ],
                    "texture": "#3"
                }
            }
        },
        {
            "from": [
                0,
                16,
                11
            ],
            "to": [
                1,
                30,
                16
            ],
            "faces": {
                "north": {
                    "uv": [
                        6.125,
                        8.75,
                        6.25,
                        10.5
                    ],
                    "texture": "#3"
                },
                "east": {
                    "uv": [
                        4,
                        8.125,
                        4.625,
                        9.875
                    ],
                    "texture": "#3"
                },
                "south": {
                    "uv": [
                        6.25,
                        8.75,
                        6.375,
                        10.5
                    ],
                    "texture": "#3"
                },
                "west": {
                    "uv": [
                        4.625,
                        8.125,
                        5.25,
                        9.875
                    ],
                    "texture": "#3"
                },
                "up": {
                    "uv": [
                        8.125,
                        9.625,
                        8,
                        9
                    ],
                    "texture": "#3"
                },
                "down": {
                    "uv": [
                        8.25,
                        9,
                        8.125,
                        9.625
                    ],
                    "texture": "#3"
                }
            }
        },
        {
            "from": [
                1,
                16,
                15
            ],
            "to": [
                15,
                30,
                16
            ],
            "faces": {
                "north": {
                    "uv": [
                        2,
                        4,
                        3.75,
                        5.75
                    ],
                    "texture": "#3"
                },
                "east": {
                    "uv": [
                        6.375,
                        8.75,
                        6.5,
                        10.5
                    ],
                    "texture": "#3"
                },
                "south": {
                    "uv": [
                        4,
                        2,
                        5.75,
                        3.75
                    ],
                    "texture": "#3"
                },
                "west": {
                    "uv": [
                        3.125,
                        9,
                        3.25,
                        10.75
                    ],
                    "texture": "#3"
                },
                "up": {
                    "uv": [
                        5.75,
                        3.875,
                        4,
                        3.75
                    ],
                    "texture": "#3"
                },
                "down": {
                    "uv": [
                        5.75,
                        3.875,
                        4,
                        4
                    ],
                    "texture": "#3"
                }
            }
        },
        {
            "from": [
                0,
                22,
                0
            ],
            "to": [
                16,
                30,
                10
            ],
            "faces": {
                "north": {
                    "uv": [
                        0,
                        0,
                        16,
                        8
                    ],
                    "texture": "#0"
                },
                "east": {
                    "uv": [
                        6,
                        0,
                        16,
                        8
                    ],
                    "texture": "#0"
                },
                "west": {
                    "uv": [
                        0,
                        0,
                        10,
                        8
                    ],
                    "texture": "#0"
                }
            }
        },
        {
            "from": [
                0,
                16,
                0
            ],
            "to": [
                16,
                22,
                10
            ],
            "faces": {
                "north": {
                    "uv": [
                        0,
                        10,
                        16,
                        16
                    ],
                    "texture": "#0"
                },
                "east": {
                    "uv": [
                        6,
                        10,
                        16,
                        16
                    ],
                    "texture": "#0"
                },
                "west": {
                    "uv": [
                        0,
                        10,
                        10,
                        16
                    ],
                    "texture": "#0"
                }
            }
        },
        {
            "from": [
                0,
                16,
                10
            ],
            "to": [
                16,
                30,
                11
            ],
            "faces": {
                "east": {
                    "uv": [
                        0,
                        0,
                        1,
                        16
                    ],
                    "texture": "#0"
                },
                "west": {
                    "uv": [
                        15,
                        0.25,
                        16,
                        16
                    ],
                    "texture": "#0"
                }
            }
        },
        {
            "from": [
                4,
                16,
                2
            ],
            "to": [
                8,
                20,
                6
            ],
            "rotation": {
                "angle": 0,
                "axis": "y",
                "origin": [
                    0,
                    -2,
                    0
                ]
            },
            "faces": {
                "north": {
                    "uv": [
                        0,
                        0,
                        2,
                        2
                    ],
                    "texture": "#6"
                },
                "east": {
                    "uv": [
                        0,
                        2,
                        2,
                        4
                    ],
                    "texture": "#6"
                },
                "south": {
                    "uv": [
                        2,
                        0,
                        4,
                        2
                    ],
                    "texture": "#6"
                },
                "west": {
                    "uv": [
                        2,
                        2,
                        4,
                        4
                    ],
                    "texture": "#6"
                },
                "up": {
                    "uv": [
                        2,
                        6,
                        0,
                        4
                    ],
                    "texture": "#6"
                },
                "down": {
                    "uv": [
                        6,
                        0,
                        4,
                        2
                    ],
                    "texture": "#6"
                }
            }
        },
        {
            "from": [
                10,
                17,
                5
            ],
            "to": [
                14,
                21,
                9
            ],
            "rotation": {
                "angle": 22.5,
                "axis": "z",
                "origin": [
                    12,
                    19,
                    5
                ]
            },
            "faces": {
                "north": {
                    "uv": [
                        2,
                        4,
                        4,
                        6
                    ],
                    "texture": "#6"
                },
                "east": {
                    "uv": [
                        4,
                        2,
                        6,
                        4
                    ],
                    "texture": "#6"
                },
                "south": {
                    "uv": [
                        4,
                        4,
                        6,
                        6
                    ],
                    "texture": "#6"
                },
                "west": {
                    "uv": [
                        0,
                        6,
                        2,
                        8
                    ],
                    "texture": "#6"
                },
                "up": {
                    "uv": [
                        8,
                        2,
                        6,
                        0
                    ],
                    "texture": "#6"
                },
                "down": {
                    "uv": [
                        4,
                        6,
                        2,
                        8
                    ],
                    "texture": "#6"
                }
            }
        },
        {
            "from": [
                3,
                16,
                8
            ],
            "to": [
                7,
                20,
                12
            ],
            "rotation": {
                "angle": 22.5,
                "axis": "y",
                "origin": [
                    5,
                    18,
                    10
                ]
            },
            "faces": {
                "north": {
                    "uv": [
                        6,
                        2,
                        8,
                        4
                    ],
                    "texture": "#6"
                },
                "east": {
                    "uv": [
                        4,
                        6,
                        6,
                        8
                    ],
                    "texture": "#6"
                },
                "south": {
                    "uv": [
                        6,
                        4,
                        8,
                        6
                    ],
                    "texture": "#6"
                },
                "west": {
                    "uv": [
                        6,
                        6,
                        8,
                        8
                    ],
                    "texture": "#6"
                },
                "up": {
                    "uv": [
                        2,
                        10,
                        0,
                        8
                    ],
                    "texture": "#6"
                },
                "down": {
                    "uv": [
                        10,
                        0,
                        8,
                        2
                    ],
                    "texture": "#6"
                }
            }
        },
        {
            "from": [
                2,
                20,
                4
            ],
            "to": [
                6,
                24,
                8
            ],
            "rotation": {
                "angle": 0,
                "axis": "y",
                "origin": [
                    3,
                    23,
                    7
                ]
            },
            "faces": {
                "north": {
                    "uv": [
                        2,
                        8,
                        4,
                        10
                    ],
                    "texture": "#6"
                },
                "east": {
                    "uv": [
                        8,
                        2,
                        10,
                        4
                    ],
                    "texture": "#6"
                },
                "south": {
                    "uv": [
                        4,
                        8,
                        6,
                        10
                    ],
                    "texture": "#6"
                },
                "west": {
                    "uv": [
                        8,
                        4,
                        10,
                        6
                    ],
                    "texture": "#6"
                },
                "up": {
                    "uv": [
                        8,
                        10,
                        6,
                        8
                    ],
                    "texture": "#6"
                },
                "down": {
                    "uv": [
                        10,
                        6,
                        8,
                        8
                    ],
                    "texture": "#6"
                }
            }
        },
        {
            "from": [
                6,
                20.05,
                10
            ],
            "to": [
                10,
                24.05,
                14
            ],
            "rotation": {
                "angle": 22.5,
                "axis": "x",
                "origin": [
                    10,
                    22.05,
                    12
                ]
            },
            "faces": {
                "north": {
                    "uv": [
                        8,
                        8,
                        10,
                        10
                    ],
                    "texture": "#6"
                },
                "east": {
                    "uv": [
                        0,
                        10,
                        2,
                        12
                    ],
                    "texture": "#6"
                },
                "south": {
                    "uv": [
                        10,
                        0,
                        12,
                        2
                    ],
                    "texture": "#6"
                },
                "west": {
                    "uv": [
                        2,
                        10,
                        4,
                        12
                    ],
                    "texture": "#6"
                },
                "up": {
                    "uv": [
                        12,
                        4,
                        10,
                        2
                    ],
                    "texture": "#6"
                },
                "down": {
                    "uv": [
                        6,
                        10,
                        4,
                        12
                    ],
                    "texture": "#6"
                }
            }
        },
        {
            "from": [
                8,
                21.25,
                3
            ],
            "to": [
                12,
                25.25,
                7
            ],
            "rotation": {
                "angle": -22.5,
                "axis": "x",
                "origin": [
                    10,
                    23.25,
                    5
                ]
            },
            "faces": {
                "north": {
                    "uv": [
                        10,
                        4,
                        12,
                        6
                    ],
                    "texture": "#6"
                },
                "east": {
                    "uv": [
                        6,
                        10,
                        8,
                        12
                    ],
                    "texture": "#6"
                },
                "south": {
                    "uv": [
                        10,
                        6,
                        12,
                        8
                    ],
                    "texture": "#6"
                },
                "west": {
                    "uv": [
                        8,
                        10,
                        10,
                        12
                    ],
                    "texture": "#6"
                },
                "up": {
                    "uv": [
                        12,
                        10,
                        10,
                        8
                    ],
                    "texture": "#6"
                },
                "down": {
                    "uv": [
                        12,
                        10,
                        10,
                        12
                    ],
                    "texture": "#6"
                }
            }
        }
    ],
    "display": {
        "thirdperson_righthand": {
            "rotation": [
                75,
                45,
                0
            ],
            "translation": [
                0,
                2.5,
                0
            ],
            "scale": [
                0.375,
                0.375,
                0.375
            ]
        },
        "thirdperson_lefthand": {
            "rotation": [
                75,
                -45,
                0
            ],
            "translation": [
                0,
                2.5,
                0
            ],
            "scale": [
                0.375,
                0.375,
                0.375
            ]
        },
        "firstperson_righthand": {
            "rotation": [
                0,
                45,
                0
            ],
            "scale": [
                0.4,
                0.4,
                0.4
            ]
        },
        "firstperson_lefthand": {
            "rotation": [
                0,
                45,
                0
            ],
            "scale": [
                0.4,
                0.4,
                0.4
            ]
        },
        "ground": {
            "translation": [
                0,
                3,
                0
            ],
            "scale": [
                0.25,
                0.25,
                0.25
            ]
        },
        "gui": {
            "rotation": [
                30,
                225,
                0
            ],
            "scale": [
                0.625,
                0.625,
                0.625
            ]
        },
        "head": {
            "translation": [
                0,
                -30.4,
                0
            ],
            "scale": [
                1.6,
                1.6,
                1.6
            ]
        },
        "fixed": {
            "translation": [
                0,
                -4,
                0
            ],
            "scale": [
                0.5,
                0.5,
                0.5
            ]
        }
    },
    "groups": [
        {
            "name": "toy_machine",
            "origin": [
                0,
                0,
                0
            ],
            "color": 0,
            "children": [
                {
                    "name": "handle",
                    "origin": [
                        8,
                        8,
                        8
                    ],
                    "color": 0,
                    "children": [
                        0,
                        1,
                        2
                    ]
                },
                3,
                4,
                5,
                6,
                7,
                8,
                9,
                10,
                11,
                12,
                13,
                14,
                15,
                16,
                17
            ]
        },
        {
            "name": "capsule",
            "origin": [
                8,
                8,
                8
            ],
            "color": 0,
            "children": [
                18,
                19,
                20,
                21,
                22,
                23
            ]
        }
    ]
}