{
	"credit": "Made with Blockbench",
	"texture_size": [32, 32],
	"textures": {
		"0": "item/other/stick/20230/red_fish"
	},
	"elements": [
		{
			"from": [5.5, 5, 4],
			"to": [10.5, 9, 10],
			"rotation": {"angle": 0, "axis": "y", "origin": [8, 7.5, 7]},
			"faces": {
				"north": {"uv": [0, 5, 2.5, 7], "texture": "#0"},
				"east": {"uv": [0, 3, 3, 5], "texture": "#0"},
				"south": {"uv": [5, 0, 7.5, 2], "texture": "#0"},
				"west": {"uv": [3, 3, 6, 5], "texture": "#0"},
				"up": {"uv": [2.5, 3, 0, 0], "texture": "#0"},
				"down": {"uv": [5, 0, 2.5, 3], "texture": "#0"}
			}
		},
		{
			"from": [6, 6, 10],
			"to": [10, 8, 11],
			"rotation": {"angle": 0, "axis": "y", "origin": [5, 5, 4]},
			"faces": {
				"north": {"uv": [6.5, 5, 8.5, 6], "texture": "#0"},
				"east": {"uv": [0, 9, 0.5, 10], "texture": "#0"},
				"south": {"uv": [6.5, 6, 8.5, 7], "texture": "#0"},
				"west": {"uv": [0.5, 9, 1, 10], "texture": "#0"},
				"up": {"uv": [10, 3, 8, 2.5], "texture": "#0"},
				"down": {"uv": [10, 3, 8, 3.5], "texture": "#0"}
			}
		},
		{
			"from": [7, 5.5, 12],
			"to": [7, 8.5, 16],
			"rotation": {"angle": 0, "axis": "y", "origin": [5, 5, 4]},
			"faces": {
				"north": {"uv": [0, 0, 0, 1.5], "texture": "#0"},
				"east": {"uv": [2.5, 5, 4.5, 6.5], "texture": "#0"},
				"south": {"uv": [0, 0, 0, 1.5], "texture": "#0"},
				"west": {"uv": [4.5, 5, 6.5, 6.5], "texture": "#0"},
				"up": {"uv": [0, 2, 0, 0], "texture": "#0"},
				"down": {"uv": [0, 0, 0, 2], "texture": "#0"}
			}
		},
		{
			"from": [9, 5.5, 12],
			"to": [9, 8.5, 16],
			"rotation": {"angle": 0, "axis": "y", "origin": [5, 5, 4]},
			"faces": {
				"north": {"uv": [0, 0, 0, 1.5], "texture": "#0"},
				"east": {"uv": [6, 2, 8, 3.5], "texture": "#0"},
				"south": {"uv": [0, 0, 0, 1.5], "texture": "#0"},
				"west": {"uv": [6, 3.5, 8, 5], "texture": "#0"},
				"up": {"uv": [0, 2, 0, 0], "texture": "#0"},
				"down": {"uv": [0, 0, 0, 2], "texture": "#0"}
			}
		},
		{
			"from": [10, 5, 5],
			"to": [11, 7, 8],
			"rotation": {"angle": -22.5, "axis": "x", "origin": [8, 5, 7]},
			"faces": {
				"north": {"uv": [1, 9, 1.5, 10], "texture": "#0"},
				"east": {"uv": [2.5, 7.5, 4, 8.5], "texture": "#0"},
				"south": {"uv": [3.5, 9, 4, 10], "texture": "#0"},
				"west": {"uv": [4, 7.5, 5.5, 8.5], "texture": "#0"},
				"up": {"uv": [3, 10, 2.5, 8.5], "texture": "#0"},
				"down": {"uv": [3.5, 8.5, 3, 10], "texture": "#0"}
			}
		},
		{
			"from": [10.5001, 4, 5],
			"to": [10.5001, 5, 8],
			"rotation": {"angle": -22.5, "axis": "x", "origin": [8, 5, 7]},
			"faces": {
				"north": {"uv": [0, 0, 0, 0.5], "texture": "#0"},
				"east": {"uv": [8, 4.5, 9.5, 5], "texture": "#0"},
				"south": {"uv": [0, 0, 0, 0.5], "texture": "#0"},
				"west": {"uv": [8.5, 1, 10, 1.5], "texture": "#0"},
				"up": {"uv": [0, 1.5, 0, 0], "texture": "#0"},
				"down": {"uv": [0, 0, 0, 1.5], "texture": "#0"}
			}
		},
		{
			"from": [9.9999, 4.5, 6],
			"to": [10.9999, 5.5, 7],
			"rotation": {"angle": -22.5, "axis": "x", "origin": [8, 5, 7]},
			"faces": {
				"north": {"uv": [7.5, 1.5, 8, 2], "texture": "#0"},
				"east": {"uv": [5.5, 9, 6, 9.5], "texture": "#0"},
				"south": {"uv": [6, 9, 6.5, 9.5], "texture": "#0"},
				"west": {"uv": [9, 6, 9.5, 6.5], "texture": "#0"},
				"up": {"uv": [7, 9.5, 6.5, 9], "texture": "#0"},
				"down": {"uv": [7.5, 9, 7, 9.5], "texture": "#0"}
			}
		},
		{
			"from": [5, 5, 5],
			"to": [6, 7, 8],
			"rotation": {"angle": -22.5, "axis": "x", "origin": [8, 5, 7]},
			"faces": {
				"north": {"uv": [5, 9, 5.5, 10], "texture": "#0"},
				"east": {"uv": [0, 8, 1.5, 9], "texture": "#0"},
				"south": {"uv": [9, 5, 9.5, 6], "texture": "#0"},
				"west": {"uv": [8, 1.5, 9.5, 2.5], "texture": "#0"},
				"up": {"uv": [9, 6.5, 8.5, 5], "texture": "#0"},
				"down": {"uv": [9, 8, 8.5, 9.5], "texture": "#0"}
			}
		},
		{
			"from": [5.0001, 4.5, 6],
			"to": [6.0001, 5.5, 7],
			"rotation": {"angle": -22.5, "axis": "x", "origin": [8, 5, 7]},
			"faces": {
				"north": {"uv": [9, 7, 9.5, 7.5], "texture": "#0"},
				"east": {"uv": [7.5, 9, 8, 9.5], "texture": "#0"},
				"south": {"uv": [9, 7.5, 9.5, 8], "texture": "#0"},
				"west": {"uv": [8, 9, 8.5, 9.5], "texture": "#0"},
				"up": {"uv": [9.5, 8.5, 9, 8], "texture": "#0"},
				"down": {"uv": [9.5, 8.5, 9, 9], "texture": "#0"}
			}
		},
		{
			"from": [5.499, 4, 5],
			"to": [5.499, 5, 8],
			"rotation": {"angle": -22.5, "axis": "x", "origin": [8, 5, 7]},
			"faces": {
				"north": {"uv": [0, 0, 0, 0.5], "texture": "#0"},
				"east": {"uv": [3.5, 8.5, 5, 9], "texture": "#0"},
				"south": {"uv": [0, 0, 0, 0.5], "texture": "#0"},
				"west": {"uv": [5, 8.5, 6.5, 9], "texture": "#0"},
				"up": {"uv": [0, 1.5, 0, 0], "texture": "#0"},
				"down": {"uv": [0, 0, 0, 1.5], "texture": "#0"}
			}
		},
		{
			"from": [8, 10.25, 1],
			"to": [8, 12.25, 5],
			"rotation": {"angle": 22.5, "axis": "x", "origin": [0, -1.25, 0]},
			"faces": {
				"north": {"uv": [0, 0, 0, 1], "texture": "#0"},
				"east": {"uv": [2.5, 6.5, 4.5, 7.5], "texture": "#0"},
				"south": {"uv": [0, 0, 0, 1], "texture": "#0"},
				"west": {"uv": [4.5, 6.5, 6.5, 7.5], "texture": "#0"},
				"up": {"uv": [0, 2, 0, 0], "texture": "#0"},
				"down": {"uv": [0, 0, 0, 2], "texture": "#0"}
			}
		},
		{
			"from": [7, 6.5, 11],
			"to": [9, 7.5, 13],
			"rotation": {"angle": 0, "axis": "y", "origin": [0, 0, 1]},
			"faces": {
				"north": {"uv": [8.5, 6.5, 9.5, 7], "texture": "#0"},
				"east": {"uv": [9, 3.5, 10, 4], "texture": "#0"},
				"south": {"uv": [4, 9, 5, 9.5], "texture": "#0"},
				"west": {"uv": [9, 4, 10, 4.5], "texture": "#0"},
				"up": {"uv": [9, 4.5, 8, 3.5], "texture": "#0"},
				"down": {"uv": [7.5, 8, 6.5, 9], "texture": "#0"}
			}
		},
		{
			"from": [7, 9.25, 1],
			"to": [9, 11.25, 4],
			"rotation": {"angle": 22.5, "axis": "x", "origin": [0, -1.25, 0]},
			"faces": {
				"north": {"uv": [5, 2, 6, 3], "texture": "#0"},
				"east": {"uv": [0, 7, 1.5, 8], "texture": "#0"},
				"south": {"uv": [5.5, 7.5, 6.5, 8.5], "texture": "#0"},
				"west": {"uv": [6.5, 7, 8, 8], "texture": "#0"},
				"up": {"uv": [2.5, 8.5, 1.5, 7], "texture": "#0"},
				"down": {"uv": [8.5, 0, 7.5, 1.5], "texture": "#0"}
			}
		},
		{
			"from": [7, 6.5, 4],
			"to": [7, 8.5, 6],
			"rotation": {"angle": 22.5, "axis": "x", "origin": [0, 0, 0]},
			"faces": {
				"north": {"uv": [0, 0, 0, 1], "texture": "#0"},
				"east": {"uv": [8, 7, 9, 8], "texture": "#0"},
				"south": {"uv": [0, 0, 0, 1], "texture": "#0"},
				"west": {"uv": [7.5, 8, 8.5, 9], "texture": "#0"},
				"up": {"uv": [0, 1, 0, 0], "texture": "#0"},
				"down": {"uv": [0, 0, 0, 1], "texture": "#0"}
			}
		},
		{
			"from": [9, 6.5, 4],
			"to": [9, 8.5, 6],
			"rotation": {"angle": 22.5, "axis": "x", "origin": [0, 0, 0]},
			"faces": {
				"north": {"uv": [0, 0, 0, 1], "texture": "#0"},
				"east": {"uv": [8.5, 0, 9.5, 1], "texture": "#0"},
				"south": {"uv": [0, 0, 0, 1], "texture": "#0"},
				"west": {"uv": [1.5, 8.5, 2.5, 9.5], "texture": "#0"},
				"up": {"uv": [0, 1, 0, 0], "texture": "#0"},
				"down": {"uv": [0, 0, 0, 1], "texture": "#0"}
			}
		}
	],
	"display": {
		"head": {
			"translation": [0, -5.25, 1.5],
			"scale": [2, 2, 2]
		}
	},
	"groups": [
		0,
		1,
		2,
		3,
		{
			"name": "wing",
			"origin": [8, 11, 8],
			"color": 0,
			"children": [4, 5, 6, 7, 8, 9, 10]
		},
		11,
		12,
		13,
		14
	]
}