{
	"credit": "Made with Blockbench",
	"texture_size": [32, 32],
	"textures": {
		"1": "item/other/stick/20231/yellow_fish"
	},
	"elements": [
		{
			"from": [5.5, 5, 4],
			"to": [10.5, 9, 10],
			"rotation": {"angle": 0, "axis": "y", "origin": [8, 7.5, 7]},
			"faces": {
				"north": {"uv": [0, 5, 2.5, 7], "texture": "#1"},
				"east": {"uv": [0, 3, 3, 5], "texture": "#1"},
				"south": {"uv": [5, 0, 7.5, 2], "texture": "#1"},
				"west": {"uv": [3, 3, 6, 5], "texture": "#1"},
				"up": {"uv": [2.5, 3, 0, 0], "texture": "#1"},
				"down": {"uv": [5, 0, 2.5, 3], "texture": "#1"}
			}
		},
		{
			"from": [6, 6, 10],
			"to": [10, 8, 11],
			"rotation": {"angle": 0, "axis": "y", "origin": [5, 5, 4]},
			"faces": {
				"north": {"uv": [5, 2, 7, 3], "texture": "#1"},
				"east": {"uv": [8.5, 0, 9, 1], "texture": "#1"},
				"south": {"uv": [5.5, 5, 7.5, 6], "texture": "#1"},
				"west": {"uv": [1.5, 8.5, 2, 9.5], "texture": "#1"},
				"up": {"uv": [9.5, 2, 7.5, 1.5], "texture": "#1"},
				"down": {"uv": [7.5, 7.5, 5.5, 8], "texture": "#1"}
			}
		},
		{
			"from": [8, 5, 12],
			"to": [8, 9, 15],
			"rotation": {"angle": 0, "axis": "y", "origin": [8, 7, 12.25]},
			"faces": {
				"east": {"uv": [2.5, 5, 4, 7], "texture": "#1"},
				"west": {"uv": [4, 5, 5.5, 7], "texture": "#1"}
			}
		},
		{
			"from": [8.99995, 6.50005, 6],
			"to": [10.99995, 7.50005, 9],
			"rotation": {"angle": -22.5, "axis": "z", "origin": [8.99995, 5, 7.5]},
			"faces": {
				"north": {"uv": [8.5, 1, 9.5, 1.5], "texture": "#1"},
				"east": {"uv": [6, 4.5, 7.5, 5], "texture": "#1"},
				"south": {"uv": [2, 8.5, 3, 9], "texture": "#1"},
				"west": {"uv": [1, 8, 2.5, 8.5], "texture": "#1"},
				"up": {"uv": [7, 4.5, 6, 3], "texture": "#1"},
				"down": {"uv": [6.5, 6, 5.5, 7.5], "texture": "#1"}
			}
		},
		{
			"from": [10.99995, 7.00005, 6],
			"to": [12.99995, 7.00005, 9],
			"rotation": {"angle": -22.5, "axis": "z", "origin": [8.99995, 5, 7.5]},
			"faces": {
				"north": {"uv": [0, 0, 1, 0], "texture": "#1"},
				"east": {"uv": [0, 0, 1.5, 0], "texture": "#1"},
				"south": {"uv": [0, 0, 1, 0], "texture": "#1"},
				"west": {"uv": [0, 0, 1.5, 0], "texture": "#1"},
				"up": {"uv": [7.5, 7.5, 6.5, 6], "texture": "#1"},
				"down": {"uv": [1, 7, 0, 8.5], "texture": "#1"}
			}
		},
		{
			"from": [10.99995, 6.49995, 7],
			"to": [11.99995, 7.49995, 8],
			"rotation": {"angle": -22.5, "axis": "z", "origin": [8.99995, 5, 7.5]},
			"faces": {
				"north": {"uv": [8.5, 7, 9, 7.5], "texture": "#1"},
				"east": {"uv": [8.5, 7.5, 9, 8], "texture": "#1"},
				"south": {"uv": [8, 8.5, 8.5, 9], "texture": "#1"},
				"west": {"uv": [8.5, 8, 9, 8.5], "texture": "#1"},
				"up": {"uv": [9, 9, 8.5, 8.5], "texture": "#1"},
				"down": {"uv": [0.5, 9, 0, 9.5], "texture": "#1"}
			}
		},
		{
			"from": [5.00005, 6.50005, 6],
			"to": [7.00005, 7.50005, 9],
			"rotation": {"angle": 22.5, "axis": "z", "origin": [7.00005, 5, 7.5]},
			"faces": {
				"north": {"uv": [6, 8.5, 7, 9], "texture": "#1"},
				"east": {"uv": [7, 8, 8.5, 8.5], "texture": "#1"},
				"south": {"uv": [8.5, 6, 9.5, 6.5], "texture": "#1"},
				"west": {"uv": [0, 8.5, 1.5, 9], "texture": "#1"},
				"up": {"uv": [8.5, 1.5, 7.5, 0], "texture": "#1"},
				"down": {"uv": [8.5, 4.5, 7.5, 6], "texture": "#1"}
			}
		},
		{
			"from": [4.00005, 6.49995, 7],
			"to": [5.00005, 7.49995, 8],
			"rotation": {"angle": 22.5, "axis": "z", "origin": [7.00005, 5, 7.5]},
			"faces": {
				"north": {"uv": [9, 0.5, 9.5, 1], "texture": "#1"},
				"east": {"uv": [1, 9, 1.5, 9.5], "texture": "#1"},
				"south": {"uv": [2, 9, 2.5, 9.5], "texture": "#1"},
				"west": {"uv": [2.5, 9, 3, 9.5], "texture": "#1"},
				"up": {"uv": [3.5, 9.5, 3, 9], "texture": "#1"},
				"down": {"uv": [4, 9, 3.5, 9.5], "texture": "#1"}
			}
		},
		{
			"from": [3.00005, 7.00005, 6],
			"to": [5.00005, 7.00005, 9],
			"rotation": {"angle": 22.5, "axis": "z", "origin": [7.00005, 5, 7.5]},
			"faces": {
				"north": {"uv": [0, 0, 1, 0], "texture": "#1"},
				"east": {"uv": [0, 0, 1.5, 0], "texture": "#1"},
				"south": {"uv": [0, 0, 1, 0], "texture": "#1"},
				"west": {"uv": [0, 0, 1.5, 0], "texture": "#1"},
				"up": {"uv": [4.5, 8.5, 3.5, 7], "texture": "#1"},
				"down": {"uv": [5.5, 7, 4.5, 8.5], "texture": "#1"}
			}
		},
		{
			"from": [8, 8.26641, 5.90381],
			"to": [8, 10.26641, 8.90381],
			"rotation": {"angle": 22.5, "axis": "x", "origin": [8, 8.76641, 7.65381]},
			"faces": {
				"north": {"uv": [0, 0, 0, 1], "texture": "#1"},
				"east": {"uv": [1, 7, 2.5, 8], "texture": "#1"},
				"south": {"uv": [0, 0, 0, 1], "texture": "#1"},
				"west": {"uv": [7, 2, 8.5, 3], "texture": "#1"},
				"up": {"uv": [0, 1.5, 0, 0], "texture": "#1"},
				"down": {"uv": [0, 0, 0, 1.5], "texture": "#1"}
			}
		},
		{
			"from": [7, 6.5, 11],
			"to": [9, 7.5, 13],
			"rotation": {"angle": 0, "axis": "y", "origin": [0, 0, 1]},
			"faces": {
				"north": {"uv": [8.5, 2, 9.5, 2.5], "texture": "#1"},
				"east": {"uv": [8.5, 2.5, 9.5, 3], "texture": "#1"},
				"south": {"uv": [3, 8.5, 4, 9], "texture": "#1"},
				"west": {"uv": [4, 8.5, 5, 9], "texture": "#1"},
				"up": {"uv": [8.5, 7, 7.5, 6], "texture": "#1"},
				"down": {"uv": [8.5, 7, 7.5, 8], "texture": "#1"}
			}
		},
		{
			"from": [7, 8.26641, 5.90381],
			"to": [9, 9.26641, 8.90381],
			"rotation": {"angle": 22.5, "axis": "x", "origin": [8, 8.76641, 7.65381]},
			"faces": {
				"north": {"uv": [8.5, 4.5, 9.5, 5], "texture": "#1"},
				"east": {"uv": [8, 3, 9.5, 3.5], "texture": "#1"},
				"south": {"uv": [5, 8.5, 6, 9], "texture": "#1"},
				"west": {"uv": [8, 3.5, 9.5, 4], "texture": "#1"},
				"up": {"uv": [3.5, 8.5, 2.5, 7], "texture": "#1"},
				"down": {"uv": [8, 3, 7, 4.5], "texture": "#1"}
			}
		},
		{
			"from": [8, 4, 7],
			"to": [8, 5, 10],
			"rotation": {"angle": 0, "axis": "x", "origin": [0, -2.5, 3]},
			"faces": {
				"north": {"uv": [0, 0, 0, 0.5], "texture": "#1"},
				"east": {"uv": [8, 4, 9.5, 4.5], "texture": "#1"},
				"south": {"uv": [0, 0, 0, 0.5], "texture": "#1"},
				"west": {"uv": [5.5, 8, 7, 8.5], "texture": "#1"},
				"up": {"uv": [0, 1.5, 0, 0], "texture": "#1"},
				"down": {"uv": [0, 0, 0, 1.5], "texture": "#1"}
			}
		},
		{
			"from": [8, 5, 10],
			"to": [8, 6, 11],
			"rotation": {"angle": 0, "axis": "x", "origin": [0, -1.5, 6]},
			"faces": {
				"north": {"uv": [0, 0, 0, 0.5], "texture": "#1"},
				"east": {"uv": [9, 0, 9.5, 0.5], "texture": "#1"},
				"south": {"uv": [0, 0, 0, 0.5], "texture": "#1"},
				"west": {"uv": [0.5, 9, 1, 9.5], "texture": "#1"},
				"up": {"uv": [0, 0.5, 0, 0], "texture": "#1"},
				"down": {"uv": [0, 0, 0, 0.5], "texture": "#1"}
			}
		},
		{
			"from": [10, 7, 4.5],
			"to": [12, 7, 5.5],
			"rotation": {"angle": -45, "axis": "z", "origin": [10, 6.5, 4.5]},
			"faces": {
				"north": {"uv": [0, 0, 1, 0], "texture": "#1"},
				"east": {"uv": [0, 0, 0.5, 0], "texture": "#1"},
				"south": {"uv": [0, 0, 1, 0], "texture": "#1"},
				"west": {"uv": [0, 0, 0.5, 0], "texture": "#1"},
				"up": {"uv": [9.5, 5.5, 8.5, 5], "texture": "#1"},
				"down": {"uv": [9.5, 5.5, 8.5, 6], "texture": "#1"}
			}
		},
		{
			"from": [4, 7, 4.5],
			"to": [6, 7, 5.5],
			"rotation": {"angle": 45, "axis": "z", "origin": [6, 6.5, 4.5]},
			"faces": {
				"north": {"uv": [0, 0, 1, 0], "texture": "#1"},
				"east": {"uv": [0, 0, 0.5, 0], "texture": "#1"},
				"south": {"uv": [0, 0, 1, 0], "texture": "#1"},
				"west": {"uv": [0, 0, 0.5, 0], "texture": "#1"},
				"up": {"uv": [9.5, 7, 8.5, 6.5], "texture": "#1"},
				"down": {"uv": [8, 8.5, 7, 9], "texture": "#1"}
			}
		}
	],
	"display": {
		"head": {
			"translation": [0, -5.25, 1.5],
			"scale": [2, 2, 2]
		}
	},
	"groups": [
		0,
		1,
		2,
		{
			"name": "wing",
			"origin": [8, 11, 8],
			"color": 0,
			"children": [3, 4, 5, 6, 7, 8, 9]
		},
		10,
		11,
		12,
		13,
		14,
		15
	]
}