{
	"credit": "Made with Blockbench",
	"texture_size": [32, 32],
	"textures": {
		"0": "item/other/stick/20232/blue_fish"
	},
	"elements": [
		{
			"from": [5.5, 5, 3],
			"to": [10.5, 9, 9],
			"rotation": {"angle": 0, "axis": "y", "origin": [8, 7.5, 6]},
			"faces": {
				"north": {"uv": [0, 5, 2.5, 7], "texture": "#0"},
				"east": {"uv": [0, 3, 3, 5], "texture": "#0"},
				"south": {"uv": [5, 0, 7.5, 2], "texture": "#0"},
				"west": {"uv": [3, 3, 6, 5], "texture": "#0"},
				"up": {"uv": [2.5, 3, 0, 0], "texture": "#0"},
				"down": {"uv": [5, 0, 2.5, 3], "texture": "#0"}
			}
		},
		{
			"from": [6, 6, 9],
			"to": [10, 8, 10],
			"rotation": {"angle": 0, "axis": "y", "origin": [5, 5, 3]},
			"faces": {
				"north": {"uv": [5, 2, 7, 3], "texture": "#0"},
				"east": {"uv": [1, 7.5, 1.5, 8.5], "texture": "#0"},
				"south": {"uv": [6, 3, 8, 4], "texture": "#0"},
				"west": {"uv": [7.5, 7, 8, 8], "texture": "#0"},
				"up": {"uv": [8, 4.5, 6, 4], "texture": "#0"},
				"down": {"uv": [8, 4.5, 6, 5], "texture": "#0"}
			}
		},
		{
			"from": [10, 5.5, 4],
			"to": [11, 6.5, 7],
			"rotation": {"angle": 0, "axis": "x", "origin": [8, 5, 6]},
			"faces": {
				"north": {"uv": [0.5, 8, 1, 8.5], "texture": "#0"},
				"east": {"uv": [6.5, 6.5, 8, 7], "texture": "#0"},
				"south": {"uv": [8, 1.5, 8.5, 2], "texture": "#0"},
				"west": {"uv": [0, 7, 1.5, 7.5], "texture": "#0"},
				"up": {"uv": [2, 8.5, 1.5, 7], "texture": "#0"},
				"down": {"uv": [2.5, 7, 2, 8.5], "texture": "#0"}
			}
		},
		{
			"from": [10.5, 6, 3.5],
			"to": [12.5, 6, 7.5],
			"rotation": {"angle": 0, "axis": "x", "origin": [8, 5, 6]},
			"faces": {
				"north": {"uv": [0, 0, 1, 0], "texture": "#0"},
				"east": {"uv": [0, 0, 2, 0], "texture": "#0"},
				"south": {"uv": [0, 0, 1, 0], "texture": "#0"},
				"west": {"uv": [0, 0, 2, 0], "texture": "#0"},
				"up": {"uv": [3.5, 8.5, 2.5, 6.5], "texture": "#0"},
				"down": {"uv": [4.5, 6.5, 3.5, 8.5], "texture": "#0"}
			}
		},
		{
			"from": [3.5, 6, 3.5],
			"to": [5.5, 6, 7.5],
			"rotation": {"angle": 0, "axis": "x", "origin": [8, 5, 6]},
			"faces": {
				"north": {"uv": [0, 0, 1, 0], "texture": "#0"},
				"east": {"uv": [0, 0, 2, 0], "texture": "#0"},
				"south": {"uv": [0, 0, 1, 0], "texture": "#0"},
				"west": {"uv": [0, 0, 2, 0], "texture": "#0"},
				"up": {"uv": [5.5, 8.5, 4.5, 6.5], "texture": "#0"},
				"down": {"uv": [6.5, 6.5, 5.5, 8.5], "texture": "#0"}
			}
		},
		{
			"from": [5, 5.5, 4],
			"to": [6, 6.5, 7],
			"rotation": {"angle": 0, "axis": "x", "origin": [8, 5, 6]},
			"faces": {
				"north": {"uv": [8, 3, 8.5, 3.5], "texture": "#0"},
				"east": {"uv": [7, 2, 8.5, 2.5], "texture": "#0"},
				"south": {"uv": [8, 3.5, 8.5, 4], "texture": "#0"},
				"west": {"uv": [7, 2.5, 8.5, 3], "texture": "#0"},
				"up": {"uv": [7, 8.5, 6.5, 7], "texture": "#0"},
				"down": {"uv": [7.5, 7, 7, 8.5], "texture": "#0"}
			}
		},
		{
			"from": [7, 6.5, 10],
			"to": [9, 7.5, 11],
			"faces": {
				"north": {"uv": [0, 7.5, 1, 8], "texture": "#0"},
				"east": {"uv": [7.5, 1.5, 8, 2], "texture": "#0"},
				"south": {"uv": [7.5, 0, 8.5, 0.5], "texture": "#0"},
				"west": {"uv": [0, 8, 0.5, 8.5], "texture": "#0"},
				"up": {"uv": [8.5, 1, 7.5, 0.5], "texture": "#0"},
				"down": {"uv": [8.5, 1, 7.5, 1.5], "texture": "#0"}
			}
		},
		{
			"from": [5, 7, 10.5],
			"to": [11, 7, 13.5],
			"rotation": {"angle": -22.5, "axis": "x", "origin": [8, 7, 10.5]},
			"faces": {
				"north": {"uv": [0, 0, 3, 0], "texture": "#0"},
				"east": {"uv": [0, 0, 1.5, 0], "texture": "#0"},
				"south": {"uv": [0, 0, 3, 0], "texture": "#0"},
				"west": {"uv": [0, 0, 1.5, 0], "texture": "#0"},
				"up": {"uv": [5.5, 6.5, 2.5, 5], "texture": "#0"},
				"down": {"uv": [8.5, 5, 5.5, 6.5], "texture": "#0"}
			}
		}
	],
	"display": {
		"head": {
			"translation": [0, -5.25, 1.5],
			"scale": [2, 2, 2]
		}
	},
	"groups": [
		0,
		1,
		{
			"name": "wing",
			"origin": [8, 11, 8],
			"color": 0,
			"children": [2, 3, 4, 5]
		},
		6,
		7
	]
}