{
    "credit": "Made with Blockbench",
    "textures": {
        "0": "entity/banner_base",
        "2": "item/sacred_treasure/carrot_on_a_stick/10/10",
        "particle": "entity/banner_base"
    },
    "elements": [
        {
            "from": [7.75, 6.25, 7.75],
            "to": [8.25, 16.75, 8.25],
            "rotation": {"angle": 0, "axis": "y", "origin": [8, 13.6, 8.125]},
            "faces": {
                "north": {"uv": [13, 0.5, 12.5, 11], "texture": "#0"},
                "east": {"uv": [11.5, 0.5, 11, 11], "texture": "#0"},
                "south": {"uv": [12, 0.5, 11.5, 11], "texture": "#0"},
                "west": {"uv": [12.5, 0.5, 12, 11], "texture": "#0"},
                "up": {"uv": [11.5, 0.5, 12, 0], "texture": "#0"},
                "down": {"uv": [12, 0.5, 12.5, 0], "texture": "#0"}
            }
        },
        {
            "from": [5.5, 16.75, 7.75],
            "to": [10.5, 17.25, 8.25],
            "rotation": {"angle": 0, "axis": "y", "origin": [8, 13.6, 8.125]},
            "faces": {
                "north": {"uv": [11, 11, 6, 11.5], "texture": "#0"},
                "east": {"uv": [0.5, 11, 0, 11.5], "texture": "#0"},
                "south": {"uv": [5.5, 11, 0.5, 11.5], "texture": "#0"},
                "west": {"uv": [6, 11, 5.5, 11.5], "texture": "#0"},
                "up": {"uv": [0.5, 11, 5.5, 10.5], "texture": "#0"},
                "down": {"uv": [5.5, 11, 10.5, 10.5], "texture": "#0"}
            }
        },
        {
            "from": [5.5, 7.35, 8.25],
            "to": [10.5, 17.25, 8.5],
            "rotation": {"angle": 0, "axis": "y", "origin": [8, 13.6, 8.125]},
            "faces": {
                "north": {"uv": [10.25, 0.25, 5.25, 10.25], "texture": "#2"},
                "east": {"uv": [0.25, 0.33333, 0, 10.23333], "texture": "#2"},
                "south": {"uv": [5.25, 0.25, 0.25, 10.25], "texture": "#2"},
                "west": {"uv": [10.5, 0.25, 10.25, 10.25], "texture": "#2"},
                "up": {"uv": [0.25, 0.25, 5.25, 0], "texture": "#2"},
                "down": {"uv": [5.25, 0.25, 10.25, 0], "texture": "#2"}
            }
        }
    ],
    "gui_light": "front",
    "display": {
        "thirdperson_righthand": {
            "rotation": [0, 90, 0],
            "translation": [0, 0.75, 0]
        },
        "firstperson_righthand": {
            "rotation": [0, 90, 0]
        },
        "firstperson_lefthand": {
            "rotation": [0, 90, 0]
        },
        "ground": {
            "scale": [0.67, 0.67, 0.67]
        },
        "gui": {
            "rotation": [30, 20, 0],
            "translation": [0, -4.75, 0],
            "scale": [1.45, 1.45, 1.45]
        },
        "fixed": {
            "rotation": [0, -180, 0],
            "scale": [1.13, 1.13, 1.13]
        }
    }
}