{
	"credit": "Made with Blockbench",
	"texture_size": [32, 32],
	"textures": {
		"1": "item/sacred_treasure/carrot_on_a_stick/210/terra_blade"
	},
	"elements": [
		{
			"name": "blade",
			"from": [6, 14, 7],
			"to": [9, 16, 9],
			"rotation": {"angle": 0, "axis": "y", "origin": [8, 2, 7]},
			"faces": {
				"north": {"uv": [6.5, 4, 8, 5], "texture": "#1"},
				"east": {"uv": [8.5, 8.5, 9.5, 9.5], "texture": "#1"},
				"south": {"uv": [6.5, 3, 8, 4], "texture": "#1"},
				"west": {"uv": [9, 0, 10, 1], "texture": "#1"},
				"up": {"uv": [5.5, 8, 4.5, 6.5], "rotation": 90, "texture": "#1"},
				"down": {"uv": [7.5, 5, 6.5, 6.5], "rotation": 270, "texture": "#1"}
			}
		},
		{
			"name": "blade",
			"from": [6, 18, 7],
			"to": [9, 20, 9],
			"rotation": {"angle": 0, "axis": "y", "origin": [8, 2, 7]},
			"faces": {
				"north": {"uv": [1, 7, 2.5, 8], "texture": "#1"},
				"east": {"uv": [9, 1, 10, 2], "texture": "#1"},
				"south": {"uv": [5.5, 6.5, 7, 7.5], "texture": "#1"},
				"west": {"uv": [9, 3, 10, 4], "texture": "#1"},
				"up": {"uv": [3.5, 8.5, 2.5, 7], "rotation": 90, "texture": "#1"},
				"down": {"uv": [4.5, 7, 3.5, 8.5], "rotation": 270, "texture": "#1"}
			}
		},
		{
			"name": "blade",
			"from": [6, 22, 7],
			"to": [9, 24, 9],
			"rotation": {"angle": 0, "axis": "y", "origin": [8, 2, 7]},
			"faces": {
				"north": {"uv": [7.5, 1, 9, 2], "texture": "#1"},
				"east": {"uv": [10.5, 8.5, 11.5, 9.5], "texture": "#1"},
				"south": {"uv": [7.5, 0, 9, 1], "texture": "#1"},
				"west": {"uv": [9.5, 10.5, 10.5, 11.5], "texture": "#1"},
				"up": {"uv": [8.5, 6.5, 7.5, 5], "rotation": 90, "texture": "#1"},
				"down": {"uv": [6.5, 7.5, 5.5, 9], "rotation": 270, "texture": "#1"}
			}
		},
		{
			"name": "blade",
			"from": [6, 16, 7],
			"to": [7, 18, 9],
			"rotation": {"angle": 0, "axis": "y", "origin": [8, 2, 7]},
			"faces": {
				"north": {"uv": [2, 10.5, 2.5, 11.5], "texture": "#1"},
				"east": {"uv": [9, 4, 10, 5], "texture": "#1"},
				"south": {"uv": [1, 6, 1.5, 7], "texture": "#1"},
				"west": {"uv": [5.5, 9, 6.5, 10], "texture": "#1"},
				"up": {"uv": [12, 1.5, 11, 1], "rotation": 90, "texture": "#1"},
				"down": {"uv": [12, 1.5, 11, 2], "rotation": 270, "texture": "#1"}
			}
		},
		{
			"name": "blade",
			"from": [6, 20, 7],
			"to": [7, 22, 9],
			"rotation": {"angle": 0, "axis": "y", "origin": [8, 2, 7]},
			"faces": {
				"north": {"uv": [3, 11, 3.5, 12], "texture": "#1"},
				"east": {"uv": [9.5, 2, 10.5, 3], "texture": "#1"},
				"south": {"uv": [2.5, 11, 3, 12], "texture": "#1"},
				"west": {"uv": [3.5, 9.5, 4.5, 10.5], "texture": "#1"},
				"up": {"uv": [12, 6.5, 11, 6], "rotation": 90, "texture": "#1"},
				"down": {"uv": [12, 6.5, 11, 7], "rotation": 270, "texture": "#1"}
			}
		},
		{
			"name": "blade",
			"from": [6, 24, 7],
			"to": [7, 26, 9],
			"rotation": {"angle": 0, "axis": "y", "origin": [8, 2, 7]},
			"faces": {
				"north": {"uv": [6.5, 12, 7, 13], "texture": "#1"},
				"east": {"uv": [4.5, 10.5, 5.5, 11.5], "texture": "#1"},
				"south": {"uv": [6, 12, 6.5, 13], "texture": "#1"},
				"west": {"uv": [10.5, 4.5, 11.5, 5.5], "texture": "#1"},
				"up": {"uv": [13, 7, 12, 6.5], "rotation": 90, "texture": "#1"},
				"down": {"uv": [8, 12, 7, 12.5], "rotation": 270, "texture": "#1"}
			}
		},
		{
			"name": "blade",
			"from": [8, 16, 7],
			"to": [9, 18, 9],
			"rotation": {"angle": 0, "axis": "y", "origin": [8, 2, 7]},
			"faces": {
				"north": {"uv": [11, 11, 11.5, 12], "texture": "#1"},
				"east": {"uv": [9.5, 5, 10.5, 6], "texture": "#1"},
				"south": {"uv": [10.5, 11, 11, 12], "texture": "#1"},
				"west": {"uv": [8.5, 9.5, 9.5, 10.5], "texture": "#1"},
				"up": {"uv": [1, 12, 0, 11.5], "rotation": 90, "texture": "#1"},
				"down": {"uv": [2, 11.5, 1, 12], "rotation": 270, "texture": "#1"}
			}
		},
		{
			"name": "blade",
			"from": [8, 20, 7],
			"to": [9, 22, 9],
			"rotation": {"angle": 0, "axis": "y", "origin": [8, 2, 7]},
			"faces": {
				"north": {"uv": [11.5, 2, 12, 3], "texture": "#1"},
				"east": {"uv": [9.5, 8.5, 10.5, 9.5], "texture": "#1"},
				"south": {"uv": [2, 11.5, 2.5, 12.5], "texture": "#1"},
				"west": {"uv": [9.5, 9.5, 10.5, 10.5], "texture": "#1"},
				"up": {"uv": [12.5, 3.5, 11.5, 3], "rotation": 90, "texture": "#1"},
				"down": {"uv": [4.5, 11.5, 3.5, 12], "rotation": 270, "texture": "#1"}
			}
		},
		{
			"name": "blade",
			"from": [8, 24, 7],
			"to": [9, 26, 9],
			"rotation": {"angle": 0, "axis": "y", "origin": [8, 2, 7]},
			"faces": {
				"north": {"uv": [8, 12, 8.5, 13], "texture": "#1"},
				"east": {"uv": [10.5, 7.5, 11.5, 8.5], "texture": "#1"},
				"south": {"uv": [12, 7, 12.5, 8], "texture": "#1"},
				"west": {"uv": [8.5, 10.5, 9.5, 11.5], "texture": "#1"},
				"up": {"uv": [13, 8.5, 12, 8], "rotation": 90, "texture": "#1"},
				"down": {"uv": [13, 8.5, 12, 9], "rotation": 270, "texture": "#1"}
			}
		},
		{
			"name": "blade",
			"from": [9, 21, 7.5],
			"to": [10, 26, 8.5],
			"rotation": {"angle": 0, "axis": "y", "origin": [8, 10, 7]},
			"faces": {
				"north": {"uv": [0, 8, 0.5, 10.5], "texture": "#1"},
				"east": {"uv": [6.5, 7.5, 7, 10], "texture": "#1"},
				"south": {"uv": [7, 7.5, 7.5, 10], "texture": "#1"},
				"west": {"uv": [7.5, 7.5, 8, 10], "texture": "#1"},
				"up": {"uv": [9.5, 5.5, 9, 5], "rotation": 90, "texture": "#1"},
				"down": {"uv": [10, 6, 9.5, 6.5], "rotation": 270, "texture": "#1"}
			}
		},
		{
			"name": "blade",
			"from": [9, 16, 7],
			"to": [10, 21, 9],
			"rotation": {"angle": 0, "axis": "y", "origin": [8, 4, 6.5]},
			"faces": {
				"north": {"uv": [1, 8, 1.5, 10.5], "texture": "#1"},
				"east": {"uv": [4.5, 4, 5.5, 6.5], "texture": "#1"},
				"south": {"uv": [0.5, 8, 1, 10.5], "texture": "#1"},
				"west": {"uv": [5.5, 0, 6.5, 2.5], "texture": "#1"},
				"up": {"uv": [12.5, 4, 11.5, 3.5], "rotation": 90, "texture": "#1"},
				"down": {"uv": [5.5, 11.5, 4.5, 12], "rotation": 270, "texture": "#1"}
			}
		},
		{
			"name": "blade",
			"from": [9, 14, 7.5],
			"to": [10, 16, 8.5],
			"rotation": {"angle": 0, "axis": "y", "origin": [8, 2, 7]},
			"faces": {
				"north": {"uv": [11.5, 8.5, 12, 9.5], "texture": "#1"},
				"east": {"uv": [11.5, 4.5, 12, 5.5], "texture": "#1"},
				"south": {"uv": [11.5, 7.5, 12, 8.5], "texture": "#1"},
				"west": {"uv": [8.5, 11.5, 9, 12.5], "texture": "#1"},
				"up": {"uv": [12.5, 9.5, 12, 9], "rotation": 90, "texture": "#1"},
				"down": {"uv": [12.5, 9.5, 12, 10], "rotation": 270, "texture": "#1"}
			}
		},
		{
			"name": "blade",
			"from": [5, 28, 7],
			"to": [6, 30, 9],
			"rotation": {"angle": 0, "axis": "y", "origin": [8, 1, 7]},
			"faces": {
				"north": {"uv": [9.5, 11.5, 10, 12.5], "texture": "#1"},
				"east": {"uv": [10, 0, 11, 1], "texture": "#1"},
				"south": {"uv": [9, 11.5, 9.5, 12.5], "texture": "#1"},
				"west": {"uv": [10, 1, 11, 2], "texture": "#1"},
				"up": {"uv": [12.5, 11.5, 11.5, 11], "rotation": 90, "texture": "#1"},
				"down": {"uv": [12.5, 11.5, 11.5, 12], "rotation": 270, "texture": "#1"}
			}
		},
		{
			"name": "blade",
			"from": [5, 30, 7.5],
			"to": [6, 31, 8.5],
			"rotation": {"angle": 0, "axis": "y", "origin": [8, 1, 7]},
			"faces": {
				"north": {"uv": [11, 12, 11.5, 12.5], "texture": "#1"},
				"east": {"uv": [12, 10, 12.5, 10.5], "texture": "#1"},
				"south": {"uv": [10.5, 12, 11, 12.5], "texture": "#1"},
				"west": {"uv": [12, 10.5, 12.5, 11], "texture": "#1"},
				"up": {"uv": [12, 12.5, 11.5, 12], "rotation": 90, "texture": "#1"},
				"down": {"uv": [12.5, 12, 12, 12.5], "rotation": 270, "texture": "#1"}
			}
		},
		{
			"name": "blade",
			"from": [5, 24, 7.5],
			"to": [6, 28, 8.5],
			"rotation": {"angle": 0, "axis": "y", "origin": [8, 2, 7]},
			"faces": {
				"north": {"uv": [6, 10, 6.5, 12], "texture": "#1"},
				"east": {"uv": [8, 3, 8.5, 5], "texture": "#1"},
				"south": {"uv": [10, 3, 10.5, 5], "texture": "#1"},
				"west": {"uv": [5.5, 10, 6, 12], "texture": "#1"},
				"up": {"uv": [0.5, 13, 0, 12.5], "rotation": 90, "texture": "#1"},
				"down": {"uv": [1, 12.5, 0.5, 13], "rotation": 270, "texture": "#1"}
			}
		},
		{
			"name": "blade",
			"from": [4, 28, 7.5],
			"to": [5, 32, 8.5],
			"rotation": {"angle": 0, "axis": "y", "origin": [8, 1, 7]},
			"faces": {
				"north": {"uv": [8, 10, 8.5, 12], "texture": "#1"},
				"east": {"uv": [6.5, 10, 7, 12], "texture": "#1"},
				"south": {"uv": [7, 10, 7.5, 12], "texture": "#1"},
				"west": {"uv": [7.5, 10, 8, 12], "texture": "#1"},
				"up": {"uv": [1.5, 13, 1, 12.5], "rotation": 90, "texture": "#1"},
				"down": {"uv": [13, 1, 12.5, 1.5], "rotation": 270, "texture": "#1"}
			}
		},
		{
			"name": "blade",
			"from": [6, 29, 7.5],
			"to": [7, 30, 8.5],
			"rotation": {"angle": 0, "axis": "y", "origin": [8, 1, 7]},
			"faces": {
				"north": {"uv": [12.5, 2, 13, 2.5], "texture": "#1"},
				"east": {"uv": [1.5, 12.5, 2, 13], "texture": "#1"},
				"south": {"uv": [12.5, 1.5, 13, 2], "texture": "#1"},
				"west": {"uv": [2, 12.5, 2.5, 13], "texture": "#1"},
				"up": {"uv": [13, 3, 12.5, 2.5], "rotation": 90, "texture": "#1"},
				"down": {"uv": [3.5, 12.5, 3, 13], "rotation": 270, "texture": "#1"}
			}
		},
		{
			"name": "blade",
			"from": [6, 26, 7],
			"to": [8, 28, 9],
			"rotation": {"angle": 0, "axis": "y", "origin": [8, 1, 7]},
			"faces": {
				"north": {"uv": [10.5, 2, 11.5, 3], "texture": "#1"},
				"east": {"uv": [10, 6, 11, 7], "texture": "#1"},
				"south": {"uv": [0, 10.5, 1, 11.5], "texture": "#1"},
				"west": {"uv": [1, 10.5, 2, 11.5], "texture": "#1"},
				"up": {"uv": [11.5, 4, 10.5, 3], "rotation": 90, "texture": "#1"},
				"down": {"uv": [4.5, 10.5, 3.5, 11.5], "rotation": 270, "texture": "#1"}
			}
		},
		{
			"name": "blade",
			"from": [6, 28, 7],
			"to": [7, 29, 9],
			"rotation": {"angle": 0, "axis": "y", "origin": [8, 1, 7]},
			"faces": {
				"north": {"uv": [3.5, 12.5, 4, 13], "texture": "#1"},
				"east": {"uv": [0, 12, 1, 12.5], "texture": "#1"},
				"south": {"uv": [12.5, 3, 13, 3.5], "texture": "#1"},
				"west": {"uv": [12, 0, 13, 0.5], "texture": "#1"},
				"up": {"uv": [13, 1, 12, 0.5], "rotation": 90, "texture": "#1"},
				"down": {"uv": [2, 12, 1, 12.5], "rotation": 270, "texture": "#1"}
			}
		},
		{
			"name": "blade",
			"from": [7, 28, 7.5],
			"to": [8, 29, 8.5],
			"rotation": {"angle": 0, "axis": "y", "origin": [8, 1, 7]},
			"faces": {
				"north": {"uv": [4.5, 12.5, 5, 13], "texture": "#1"},
				"east": {"uv": [12.5, 3.5, 13, 4], "texture": "#1"},
				"south": {"uv": [4, 12.5, 4.5, 13], "texture": "#1"},
				"west": {"uv": [12.5, 4, 13, 4.5], "texture": "#1"},
				"up": {"uv": [13, 5, 12.5, 4.5], "rotation": 90, "texture": "#1"},
				"down": {"uv": [13, 5, 12.5, 5.5], "rotation": 270, "texture": "#1"}
			}
		},
		{
			"name": "blade",
			"from": [8, 26, 7.5],
			"to": [9, 28, 8.5],
			"rotation": {"angle": 0, "axis": "y", "origin": [8, 1, 7]},
			"faces": {
				"north": {"uv": [2.5, 12, 3, 13], "texture": "#1"},
				"east": {"uv": [10, 11.5, 10.5, 12.5], "texture": "#1"},
				"south": {"uv": [12, 1, 12.5, 2], "texture": "#1"},
				"west": {"uv": [12, 2, 12.5, 3], "texture": "#1"},
				"up": {"uv": [13, 6, 12.5, 5.5], "rotation": 90, "texture": "#1"},
				"down": {"uv": [13, 6, 12.5, 6.5], "rotation": 270, "texture": "#1"}
			}
		},
		{
			"name": "blade",
			"from": [5, 16, 7.5],
			"to": [6, 21, 8.5],
			"rotation": {"angle": 0, "axis": "y", "origin": [8, 2, 7]},
			"faces": {
				"north": {"uv": [5, 8, 5.5, 10.5], "texture": "#1"},
				"east": {"uv": [1.5, 8, 2, 10.5], "texture": "#1"},
				"south": {"uv": [2, 8, 2.5, 10.5], "texture": "#1"},
				"west": {"uv": [4.5, 8, 5, 10.5], "texture": "#1"},
				"up": {"uv": [7.5, 13, 7, 12.5], "rotation": 90, "texture": "#1"},
				"down": {"uv": [13, 7, 12.5, 7.5], "rotation": 270, "texture": "#1"}
			}
		},
		{
			"name": "blade",
			"from": [4, 17, 7.5],
			"to": [5, 19, 8.5],
			"rotation": {"angle": 0, "axis": "y", "origin": [8, 2, 7]},
			"faces": {
				"north": {"uv": [12, 5.5, 12.5, 6.5], "texture": "#1"},
				"east": {"uv": [12, 4.5, 12.5, 5.5], "texture": "#1"},
				"south": {"uv": [5, 12, 5.5, 13], "texture": "#1"},
				"west": {"uv": [5.5, 12, 6, 13], "texture": "#1"},
				"up": {"uv": [8, 13, 7.5, 12.5], "rotation": 90, "texture": "#1"},
				"down": {"uv": [13, 7.5, 12.5, 8], "rotation": 270, "texture": "#1"}
			}
		},
		{
			"name": "blade",
			"from": [10, 16, 7.5],
			"to": [11, 21, 8.5],
			"rotation": {"angle": 0, "axis": "y", "origin": [8, 2, 7]},
			"faces": {
				"north": {"uv": [8.5, 3, 9, 5.5], "texture": "#1"},
				"east": {"uv": [8, 7.5, 8.5, 10], "texture": "#1"},
				"south": {"uv": [2.5, 8.5, 3, 11], "texture": "#1"},
				"west": {"uv": [3, 8.5, 3.5, 11], "texture": "#1"},
				"up": {"uv": [9, 13, 8.5, 12.5], "rotation": 90, "texture": "#1"},
				"down": {"uv": [9.5, 12.5, 9, 13], "rotation": 270, "texture": "#1"}
			}
		},
		{
			"from": [5, 2, 6.5],
			"to": [11, 3, 9.5],
			"rotation": {"angle": 0, "axis": "y", "origin": [7, 2, 7]},
			"faces": {
				"north": {"uv": [7, 7, 10, 7.5], "texture": "#1"},
				"east": {"uv": [10.5, 10, 12, 10.5], "texture": "#1"},
				"south": {"uv": [7, 6.5, 10, 7], "texture": "#1"},
				"west": {"uv": [10.5, 10.5, 12, 11], "texture": "#1"},
				"up": {"uv": [1.5, 6, 0, 3], "rotation": 90, "texture": "#1"},
				"down": {"uv": [4.5, 0, 3, 3], "rotation": 270, "texture": "#1"}
			}
		},
		{
			"from": [5, 13, 6.5],
			"to": [11, 14, 9.5],
			"rotation": {"angle": 0, "axis": "y", "origin": [7, 2, 7]},
			"faces": {
				"north": {"uv": [6.5, 2.5, 9.5, 3], "texture": "#1"},
				"east": {"uv": [10.5, 5.5, 12, 6], "texture": "#1"},
				"south": {"uv": [6.5, 2, 9.5, 2.5], "texture": "#1"},
				"west": {"uv": [10.5, 9.5, 12, 10], "texture": "#1"},
				"up": {"uv": [1.5, 3, 0, 0], "rotation": 90, "texture": "#1"},
				"down": {"uv": [3, 0, 1.5, 3], "rotation": 270, "texture": "#1"}
			}
		},
		{
			"name": "hilt",
			"from": [7, 4, 7],
			"to": [9, 12, 9],
			"rotation": {"angle": 0, "axis": "y", "origin": [8, 1, 7]},
			"faces": {
				"north": {"uv": [4.5, 0, 5.5, 4], "texture": "#1"},
				"east": {"uv": [1.5, 3, 2.5, 7], "texture": "#1"},
				"south": {"uv": [2.5, 3, 3.5, 7], "texture": "#1"},
				"west": {"uv": [3.5, 3, 4.5, 7], "texture": "#1"},
				"up": {"uv": [4.5, 9.5, 3.5, 8.5], "rotation": 90, "texture": "#1"},
				"down": {"uv": [9.5, 5.5, 8.5, 6.5], "rotation": 270, "texture": "#1"}
			}
		},
		{
			"name": "hilt",
			"from": [6, 12, 7],
			"to": [10, 13, 9],
			"rotation": {"angle": 0, "axis": "y", "origin": [8, 2, 7]},
			"faces": {
				"north": {"uv": [8.5, 8, 10.5, 8.5], "texture": "#1"},
				"east": {"uv": [11, 0, 12, 0.5], "texture": "#1"},
				"south": {"uv": [8.5, 7.5, 10.5, 8], "texture": "#1"},
				"west": {"uv": [11, 0.5, 12, 1], "texture": "#1"},
				"up": {"uv": [6.5, 4.5, 5.5, 2.5], "rotation": 90, "texture": "#1"},
				"down": {"uv": [6.5, 4.5, 5.5, 6.5], "rotation": 270, "texture": "#1"}
			}
		},
		{
			"name": "hilt",
			"from": [6, 3, 7],
			"to": [10, 4, 9],
			"rotation": {"angle": 0, "axis": "y", "origin": [8, 2, 7]},
			"faces": {
				"north": {"uv": [10.5, 4, 12.5, 4.5], "texture": "#1"},
				"east": {"uv": [3, 12, 4, 12.5], "texture": "#1"},
				"south": {"uv": [10, 7, 12, 7.5], "texture": "#1"},
				"west": {"uv": [4, 12, 5, 12.5], "texture": "#1"},
				"up": {"uv": [1, 8, 0, 6], "rotation": 90, "texture": "#1"},
				"down": {"uv": [7.5, 0, 6.5, 2], "rotation": 270, "texture": "#1"}
			}
		},
		{
			"name": "blade",
			"from": [7, 0, 7],
			"to": [10, 2, 9],
			"rotation": {"angle": 0, "axis": "y", "origin": [8, 14, 7]},
			"faces": {
				"north": {"uv": [8, 5, 6.5, 4], "texture": "#1"},
				"east": {"uv": [10, 1, 9, 0], "texture": "#1"},
				"south": {"uv": [8, 4, 6.5, 3], "texture": "#1"},
				"west": {"uv": [9.5, 9.5, 8.5, 8.5], "texture": "#1"},
				"up": {"uv": [7.5, 5, 6.5, 6.5], "rotation": 90, "texture": "#1"},
				"down": {"uv": [5.5, 8, 4.5, 6.5], "rotation": 270, "texture": "#1"}
			}
		},
		{
			"name": "blade",
			"from": [7, -4, 7],
			"to": [10, -2, 9],
			"rotation": {"angle": 0, "axis": "y", "origin": [8, 14, 7]},
			"faces": {
				"north": {"uv": [2.5, 8, 1, 7], "texture": "#1"},
				"east": {"uv": [10, 4, 9, 3], "texture": "#1"},
				"south": {"uv": [7, 7.5, 5.5, 6.5], "texture": "#1"},
				"west": {"uv": [10, 2, 9, 1], "texture": "#1"},
				"up": {"uv": [4.5, 7, 3.5, 8.5], "rotation": 90, "texture": "#1"},
				"down": {"uv": [3.5, 8.5, 2.5, 7], "rotation": 270, "texture": "#1"}
			}
		},
		{
			"name": "blade",
			"from": [7, -8, 7],
			"to": [10, -6, 9],
			"rotation": {"angle": 0, "axis": "y", "origin": [8, 14, 7]},
			"faces": {
				"north": {"uv": [9, 2, 7.5, 1], "texture": "#1"},
				"east": {"uv": [10.5, 11.5, 9.5, 10.5], "texture": "#1"},
				"south": {"uv": [9, 1, 7.5, 0], "texture": "#1"},
				"west": {"uv": [11.5, 9.5, 10.5, 8.5], "texture": "#1"},
				"up": {"uv": [6.5, 7.5, 5.5, 9], "rotation": 90, "texture": "#1"},
				"down": {"uv": [8.5, 6.5, 7.5, 5], "rotation": 270, "texture": "#1"}
			}
		},
		{
			"name": "blade",
			"from": [9, -2, 7],
			"to": [10, 0, 9],
			"rotation": {"angle": 0, "axis": "y", "origin": [8, 14, 7]},
			"faces": {
				"north": {"uv": [2.5, 11.5, 2, 10.5], "texture": "#1"},
				"east": {"uv": [6.5, 10, 5.5, 9], "texture": "#1"},
				"south": {"uv": [1.5, 7, 1, 6], "texture": "#1"},
				"west": {"uv": [10, 5, 9, 4], "texture": "#1"},
				"up": {"uv": [12, 1.5, 11, 2], "rotation": 90, "texture": "#1"},
				"down": {"uv": [12, 1.5, 11, 1], "rotation": 270, "texture": "#1"}
			}
		},
		{
			"name": "blade",
			"from": [9, -6, 7],
			"to": [10, -4, 9],
			"rotation": {"angle": 0, "axis": "y", "origin": [8, 14, 7]},
			"faces": {
				"north": {"uv": [3.5, 12, 3, 11], "texture": "#1"},
				"east": {"uv": [4.5, 10.5, 3.5, 9.5], "texture": "#1"},
				"south": {"uv": [3, 12, 2.5, 11], "texture": "#1"},
				"west": {"uv": [10.5, 3, 9.5, 2], "texture": "#1"},
				"up": {"uv": [12, 6.5, 11, 7], "rotation": 90, "texture": "#1"},
				"down": {"uv": [12, 6.5, 11, 6], "rotation": 270, "texture": "#1"}
			}
		},
		{
			"name": "blade",
			"from": [9, -10, 7],
			"to": [10, -8, 9],
			"rotation": {"angle": 0, "axis": "y", "origin": [8, 14, 7]},
			"faces": {
				"north": {"uv": [7, 13, 6.5, 12], "texture": "#1"},
				"east": {"uv": [11.5, 5.5, 10.5, 4.5], "texture": "#1"},
				"south": {"uv": [6.5, 13, 6, 12], "texture": "#1"},
				"west": {"uv": [5.5, 11.5, 4.5, 10.5], "texture": "#1"},
				"up": {"uv": [8, 12, 7, 12.5], "rotation": 90, "texture": "#1"},
				"down": {"uv": [13, 7, 12, 6.5], "rotation": 270, "texture": "#1"}
			}
		},
		{
			"name": "blade",
			"from": [7, -2, 7],
			"to": [8, 0, 9],
			"rotation": {"angle": 0, "axis": "y", "origin": [8, 14, 7]},
			"faces": {
				"north": {"uv": [11.5, 12, 11, 11], "texture": "#1"},
				"east": {"uv": [9.5, 10.5, 8.5, 9.5], "texture": "#1"},
				"south": {"uv": [11, 12, 10.5, 11], "texture": "#1"},
				"west": {"uv": [10.5, 6, 9.5, 5], "texture": "#1"},
				"up": {"uv": [2, 11.5, 1, 12], "rotation": 90, "texture": "#1"},
				"down": {"uv": [1, 12, 0, 11.5], "rotation": 270, "texture": "#1"}
			}
		},
		{
			"name": "blade",
			"from": [7, -6, 7],
			"to": [8, -4, 9],
			"rotation": {"angle": 0, "axis": "y", "origin": [8, 14, 7]},
			"faces": {
				"north": {"uv": [12, 3, 11.5, 2], "texture": "#1"},
				"east": {"uv": [10.5, 10.5, 9.5, 9.5], "texture": "#1"},
				"south": {"uv": [2.5, 12.5, 2, 11.5], "texture": "#1"},
				"west": {"uv": [10.5, 9.5, 9.5, 8.5], "texture": "#1"},
				"up": {"uv": [4.5, 11.5, 3.5, 12], "rotation": 90, "texture": "#1"},
				"down": {"uv": [12.5, 3.5, 11.5, 3], "rotation": 270, "texture": "#1"}
			}
		},
		{
			"name": "blade",
			"from": [7, -10, 7],
			"to": [8, -8, 9],
			"rotation": {"angle": 0, "axis": "y", "origin": [8, 14, 7]},
			"faces": {
				"north": {"uv": [8.5, 13, 8, 12], "texture": "#1"},
				"east": {"uv": [9.5, 11.5, 8.5, 10.5], "texture": "#1"},
				"south": {"uv": [12.5, 8, 12, 7], "texture": "#1"},
				"west": {"uv": [11.5, 8.5, 10.5, 7.5], "texture": "#1"},
				"up": {"uv": [13, 8.5, 12, 9], "rotation": 90, "texture": "#1"},
				"down": {"uv": [13, 8.5, 12, 8], "rotation": 270, "texture": "#1"}
			}
		},
		{
			"name": "blade",
			"from": [6, -10, 7.5],
			"to": [7, -5, 8.5],
			"rotation": {"angle": 0, "axis": "y", "origin": [8, 6, 7]},
			"faces": {
				"north": {"uv": [0.5, 10.5, 0, 8], "texture": "#1"},
				"east": {"uv": [8, 10, 7.5, 7.5], "texture": "#1"},
				"south": {"uv": [7.5, 10, 7, 7.5], "texture": "#1"},
				"west": {"uv": [7, 10, 6.5, 7.5], "texture": "#1"},
				"up": {"uv": [10, 6, 9.5, 6.5], "rotation": 90, "texture": "#1"},
				"down": {"uv": [9.5, 5.5, 9, 5], "rotation": 270, "texture": "#1"}
			}
		},
		{
			"name": "blade",
			"from": [6, -5, 7],
			"to": [7, 0, 9],
			"rotation": {"angle": 0, "axis": "y", "origin": [8, 12, 6.5]},
			"faces": {
				"north": {"uv": [1.5, 10.5, 1, 8], "texture": "#1"},
				"east": {"uv": [6.5, 2.5, 5.5, 0], "texture": "#1"},
				"south": {"uv": [1, 10.5, 0.5, 8], "texture": "#1"},
				"west": {"uv": [5.5, 6.5, 4.5, 4], "texture": "#1"},
				"up": {"uv": [5.5, 11.5, 4.5, 12], "rotation": 90, "texture": "#1"},
				"down": {"uv": [12.5, 4, 11.5, 3.5], "rotation": 270, "texture": "#1"}
			}
		},
		{
			"name": "blade",
			"from": [6, 0, 7.5],
			"to": [7, 2, 8.5],
			"rotation": {"angle": 0, "axis": "y", "origin": [8, 14, 7]},
			"faces": {
				"north": {"uv": [12, 9.5, 11.5, 8.5], "texture": "#1"},
				"east": {"uv": [9, 12.5, 8.5, 11.5], "texture": "#1"},
				"south": {"uv": [12, 8.5, 11.5, 7.5], "texture": "#1"},
				"west": {"uv": [12, 5.5, 11.5, 4.5], "texture": "#1"},
				"up": {"uv": [12.5, 9.5, 12, 10], "rotation": 90, "texture": "#1"},
				"down": {"uv": [12.5, 9.5, 12, 9], "rotation": 270, "texture": "#1"}
			}
		},
		{
			"name": "blade",
			"from": [10, -14, 7],
			"to": [11, -12, 9],
			"rotation": {"angle": 0, "axis": "y", "origin": [8, 15, 7]},
			"faces": {
				"north": {"uv": [10, 12.5, 9.5, 11.5], "texture": "#1"},
				"east": {"uv": [11, 2, 10, 1], "texture": "#1"},
				"south": {"uv": [9.5, 12.5, 9, 11.5], "texture": "#1"},
				"west": {"uv": [11, 1, 10, 0], "texture": "#1"},
				"up": {"uv": [12.5, 11.5, 11.5, 12], "rotation": 90, "texture": "#1"},
				"down": {"uv": [12.5, 11.5, 11.5, 11], "rotation": 270, "texture": "#1"}
			}
		},
		{
			"name": "blade",
			"from": [10, -15, 7.5],
			"to": [11, -14, 8.5],
			"rotation": {"angle": 0, "axis": "y", "origin": [8, 15, 7]},
			"faces": {
				"north": {"uv": [11.5, 12.5, 11, 12], "texture": "#1"},
				"east": {"uv": [12.5, 11, 12, 10.5], "texture": "#1"},
				"south": {"uv": [11, 12.5, 10.5, 12], "texture": "#1"},
				"west": {"uv": [12.5, 10.5, 12, 10], "texture": "#1"},
				"up": {"uv": [12.5, 12, 12, 12.5], "rotation": 90, "texture": "#1"},
				"down": {"uv": [12, 12.5, 11.5, 12], "rotation": 270, "texture": "#1"}
			}
		},
		{
			"name": "blade",
			"from": [10, -12, 7.5],
			"to": [11, -8, 8.5],
			"rotation": {"angle": 0, "axis": "y", "origin": [8, 14, 7]},
			"faces": {
				"north": {"uv": [6.5, 12, 6, 10], "texture": "#1"},
				"east": {"uv": [6, 12, 5.5, 10], "texture": "#1"},
				"south": {"uv": [10.5, 5, 10, 3], "texture": "#1"},
				"west": {"uv": [8.5, 5, 8, 3], "texture": "#1"},
				"up": {"uv": [1, 12.5, 0.5, 13], "rotation": 90, "texture": "#1"},
				"down": {"uv": [0.5, 13, 0, 12.5], "rotation": 270, "texture": "#1"}
			}
		},
		{
			"name": "blade",
			"from": [11, -16, 7.5],
			"to": [12, -12, 8.5],
			"rotation": {"angle": 0, "axis": "y", "origin": [8, 15, 7]},
			"faces": {
				"north": {"uv": [8.5, 12, 8, 10], "texture": "#1"},
				"east": {"uv": [8, 12, 7.5, 10], "texture": "#1"},
				"south": {"uv": [7.5, 12, 7, 10], "texture": "#1"},
				"west": {"uv": [7, 12, 6.5, 10], "texture": "#1"},
				"up": {"uv": [13, 1, 12.5, 1.5], "rotation": 90, "texture": "#1"},
				"down": {"uv": [1.5, 13, 1, 12.5], "rotation": 270, "texture": "#1"}
			}
		},
		{
			"name": "blade",
			"from": [9, -14, 7.5],
			"to": [10, -13, 8.5],
			"rotation": {"angle": 0, "axis": "y", "origin": [8, 15, 7]},
			"faces": {
				"north": {"uv": [13, 2.5, 12.5, 2], "texture": "#1"},
				"east": {"uv": [2.5, 13, 2, 12.5], "texture": "#1"},
				"south": {"uv": [13, 2, 12.5, 1.5], "texture": "#1"},
				"west": {"uv": [2, 13, 1.5, 12.5], "texture": "#1"},
				"up": {"uv": [3.5, 12.5, 3, 13], "rotation": 90, "texture": "#1"},
				"down": {"uv": [13, 3, 12.5, 2.5], "rotation": 270, "texture": "#1"}
			}
		},
		{
			"name": "blade",
			"from": [8, -12, 7],
			"to": [10, -10, 9],
			"rotation": {"angle": 0, "axis": "y", "origin": [8, 15, 7]},
			"faces": {
				"north": {"uv": [11.5, 3, 10.5, 2], "texture": "#1"},
				"east": {"uv": [2, 11.5, 1, 10.5], "texture": "#1"},
				"south": {"uv": [1, 11.5, 0, 10.5], "texture": "#1"},
				"west": {"uv": [11, 7, 10, 6], "texture": "#1"},
				"up": {"uv": [4.5, 10.5, 3.5, 11.5], "rotation": 90, "texture": "#1"},
				"down": {"uv": [11.5, 4, 10.5, 3], "rotation": 270, "texture": "#1"}
			}
		},
		{
			"name": "blade",
			"from": [9, -13, 7],
			"to": [10, -12, 9],
			"rotation": {"angle": 0, "axis": "y", "origin": [8, 15, 7]},
			"faces": {
				"north": {"uv": [4, 13, 3.5, 12.5], "texture": "#1"},
				"east": {"uv": [13, 0.5, 12, 0], "texture": "#1"},
				"south": {"uv": [13, 3.5, 12.5, 3], "texture": "#1"},
				"west": {"uv": [1, 12.5, 0, 12], "texture": "#1"},
				"up": {"uv": [2, 12, 1, 12.5], "rotation": 90, "texture": "#1"},
				"down": {"uv": [13, 1, 12, 0.5], "rotation": 270, "texture": "#1"}
			}
		},
		{
			"name": "blade",
			"from": [8, -13, 7.5],
			"to": [9, -12, 8.5],
			"rotation": {"angle": 0, "axis": "y", "origin": [8, 15, 7]},
			"faces": {
				"north": {"uv": [5, 13, 4.5, 12.5], "texture": "#1"},
				"east": {"uv": [13, 4.5, 12.5, 4], "texture": "#1"},
				"south": {"uv": [4.5, 13, 4, 12.5], "texture": "#1"},
				"west": {"uv": [13, 4, 12.5, 3.5], "texture": "#1"},
				"up": {"uv": [13, 5, 12.5, 5.5], "rotation": 90, "texture": "#1"},
				"down": {"uv": [13, 5, 12.5, 4.5], "rotation": 270, "texture": "#1"}
			}
		},
		{
			"name": "blade",
			"from": [7, -12, 7.5],
			"to": [8, -10, 8.5],
			"rotation": {"angle": 0, "axis": "y", "origin": [8, 15, 7]},
			"faces": {
				"north": {"uv": [3, 13, 2.5, 12], "texture": "#1"},
				"east": {"uv": [12.5, 3, 12, 2], "texture": "#1"},
				"south": {"uv": [12.5, 2, 12, 1], "texture": "#1"},
				"west": {"uv": [10.5, 12.5, 10, 11.5], "texture": "#1"},
				"up": {"uv": [13, 6, 12.5, 6.5], "rotation": 90, "texture": "#1"},
				"down": {"uv": [13, 6, 12.5, 5.5], "rotation": 270, "texture": "#1"}
			}
		},
		{
			"name": "blade",
			"from": [10, -5, 7.5],
			"to": [11, 0, 8.5],
			"rotation": {"angle": 0, "axis": "y", "origin": [8, 14, 7]},
			"faces": {
				"north": {"uv": [5.5, 10.5, 5, 8], "texture": "#1"},
				"east": {"uv": [5, 10.5, 4.5, 8], "texture": "#1"},
				"south": {"uv": [2.5, 10.5, 2, 8], "texture": "#1"},
				"west": {"uv": [2, 10.5, 1.5, 8], "texture": "#1"},
				"up": {"uv": [13, 7, 12.5, 7.5], "rotation": 90, "texture": "#1"},
				"down": {"uv": [7.5, 13, 7, 12.5], "rotation": 270, "texture": "#1"}
			}
		},
		{
			"name": "blade",
			"from": [11, -3, 7.5],
			"to": [12, -1, 8.5],
			"rotation": {"angle": 0, "axis": "y", "origin": [8, 14, 7]},
			"faces": {
				"north": {"uv": [12.5, 6.5, 12, 5.5], "texture": "#1"},
				"east": {"uv": [6, 13, 5.5, 12], "texture": "#1"},
				"south": {"uv": [5.5, 13, 5, 12], "texture": "#1"},
				"west": {"uv": [12.5, 5.5, 12, 4.5], "texture": "#1"},
				"up": {"uv": [13, 7.5, 12.5, 8], "rotation": 90, "texture": "#1"},
				"down": {"uv": [8, 13, 7.5, 12.5], "rotation": 270, "texture": "#1"}
			}
		},
		{
			"name": "blade",
			"from": [5, -5, 7.5],
			"to": [6, 0, 8.5],
			"rotation": {"angle": 0, "axis": "y", "origin": [8, 14, 7]},
			"faces": {
				"north": {"uv": [9, 5.5, 8.5, 3], "texture": "#1"},
				"east": {"uv": [3.5, 11, 3, 8.5], "texture": "#1"},
				"south": {"uv": [3, 11, 2.5, 8.5], "texture": "#1"},
				"west": {"uv": [8.5, 10, 8, 7.5], "texture": "#1"},
				"up": {"uv": [9.5, 12.5, 9, 13], "rotation": 90, "texture": "#1"},
				"down": {"uv": [9, 13, 8.5, 12.5], "rotation": 270, "texture": "#1"}
			}
		}
	],
	"gui_light": "front",
	"display": {
		"thirdperson_righthand": {
			"rotation": [-15, 90, 0],
			"translation": [0, -2, 1],
			"scale": [0.75, 0.75, 0.75]
		},
		"thirdperson_lefthand": {
			"rotation": [-15, -90, 0],
			"translation": [0, -2, 1],
			"scale": [0.75, 0.75, 0.75]
		},
		"firstperson_righthand": {
			"rotation": [-8, 90, 0],
			"translation": [2, 4, -1.5],
			"scale": [0.65, 0.8, 0.8]
		},
		"firstperson_lefthand": {
			"rotation": [-8, -90, 0],
			"translation": [2, 4, -1.5],
			"scale": [0.65, 0.8, 0.8]
		},
		"ground": {
			"rotation": [0, 0, 45],
			"translation": [0, 5, 0],
			"scale": [0.35, 0.35, 0.35]
		},
		"gui": {
			"rotation": [0, -180, 45],
			"scale": [0.4, 0.4, 0.4]
		},
		"head": {
			"translation": [0, -5, 0],
			"scale": [1.5, 1.5, 1.5]
		},
		"fixed": {
			"rotation": [0, 0, 45],
			"translation": [0, -0.5, -0.25],
			"scale": [0.5, 0.5, 0.5]
		}
	},
	"groups": [
		{
			"name": "blade",
			"origin": [7, 2, 8],
			"color": 0,
			"children": [0, 1, 2, 3, 4, 5, 6, 7, 8, 9, 10, 11, 12, 13, 14, 15, 16, 17, 18, 19, 20, 21, 22, 23]
		},
		{
			"name": "hilt",
			"origin": [7, 2, 8],
			"color": 0,
			"children": [24, 25, 26, 27, 28]
		},
		{
			"name": "blade",
			"origin": [7, 2, 8],
			"color": 0,
			"children": [29, 30, 31, 32, 33, 34, 35, 36, 37, 38, 39, 40, 41, 42, 43, 44, 45, 46, 47, 48, 49, 50, 51, 52]
		}
	]
}