{
    "credit": "Made with Blockbench",
    "texture_size": [
        64,
        64
    ],
    "textures": {
        "0": "entity/chest/normal",
        "particle": "block/oak_planks"
    },
    "elements": [
        {
            "from": [
                1,
                0,
                1
            ],
            "to": [
                15,
                10,
                15
            ],
            "faces": {
                "north": {
                    "uv": [
                        3.5,
                        8.25,
                        7,
                        10.75
                    ],
                    "rotation": 180,
                    "texture": "#0"
                },
                "east": {
                    "uv": [
                        0,
                        8.25,
                        3.5,
                        10.75
                    ],
                    "rotation": 180,
                    "texture": "#0"
                },
                "south": {
                    "uv": [
                        10.5,
                        8.25,
                        14,
                        10.75
                    ],
                    "rotation": 180,
                    "texture": "#0"
                },
                "west": {
                    "uv": [
                        7,
                        8.25,
                        10.5,
                        10.75
                    ],
                    "rotation": 180,
                    "texture": "#0"
                },
                "up": {
                    "uv": [
                        7,
                        4.75,
                        10.5,
                        8.25
                    ],
                    "rotation": 180,
                    "texture": "#0"
                },
                "down": {
                    "uv": [
                        3.5,
                        4.75,
                        7,
                        8.25
                    ],
                    "rotation": 180,
                    "texture": "#0"
                }
            }
        },
        {
            "from": [
                1,
                9,
                1
            ],
            "to": [
                15,
                14,
                15
            ],
            "rotation": {
                "angle": 0,
                "axis": "y",
                "origin": [
                    8,
                    17,
                    8
                ]
            },
            "faces": {
                "north": {
                    "uv": [
                        3.5,
                        3.5,
                        7,
                        4.75
                    ],
                    "rotation": 180,
                    "texture": "#0"
                },
                "east": {
                    "uv": [
                        0,
                        3.5,
                        3.5,
                        4.75
                    ],
                    "rotation": 180,
                    "texture": "#0"
                },
                "south": {
                    "uv": [
                        10.5,
                        3.5,
                        14,
                        4.75
                    ],
                    "rotation": 180,
                    "texture": "#0"
                },
                "west": {
                    "uv": [
                        7,
                        3.5,
                        10.5,
                        4.75
                    ],
                    "rotation": 180,
                    "texture": "#0"
                },
                "up": {
                    "uv": [
                        7,
                        0,
                        10.5,
                        3.5
                    ],
                    "rotation": 180,
                    "texture": "#0"
                },
                "down": {
                    "uv": [
                        3.5,
                        0,
                        7,
                        3.5
                    ],
                    "rotation": 180,
                    "texture": "#0"
                }
            }
        },
        {
            "from": [
                7,
                8,
                15
            ],
            "to": [
                9,
                12,
                16
            ],
            "rotation": {
                "angle": 0,
                "axis": "y",
                "origin": [
                    16,
                    16,
                    23
                ]
            },
            "faces": {
                "north": {
                    "uv": [
                        0.5,
                        0.5,
                        1,
                        1.5
                    ],
                    "texture": "#0"
                },
                "east": {
                    "uv": [
                        0.75,
                        0.25,
                        1,
                        1.25
                    ],
                    "texture": "#0"
                },
                "south": {
                    "uv": [
                        0.5,
                        0.25,
                        1,
                        1.25
                    ],
                    "texture": "#0"
                },
                "west": {
                    "uv": [
                        1.25,
                        0.25,
                        1.5,
                        1.25
                    ],
                    "texture": "#0"
                },
                "up": {
                    "uv": [
                        0.5,
                        0.25,
                        1,
                        0.5
                    ],
                    "texture": "#0"
                },
                "down": {
                    "uv": [
                        0.75,
                        0,
                        1.25,
                        0.25
                    ],
                    "texture": "#0"
                }
            }
        }
    ],
    "display": {
        "thirdperson_righthand": {
            "rotation": [
                75,
                315,
                0
            ],
            "translation": [
                0,
                2.5,
                0
            ],
            "scale": [
                0.375,
                0.375,
                0.375
            ]
        },
        "firstperson_righthand": {
            "rotation": [
                0,
                315,
                0
            ],
            "scale": [
                0.4,
                0.4,
                0.4
            ]
        },
        "ground": {
            "translation": [
                0,
                3,
                0
            ],
            "scale": [
                0.25,
                0.25,
                0.25
            ]
        },
        "gui": {
            "rotation": [
                30,
                45,
                0
            ],
            "scale": [
                0.625,
                0.625,
                0.625
            ]
        },
        "head": {
            "rotation": [
                0,
                180,
                0
            ]
        },
        "fixed": {
            "rotation": [
                0,
                180,
                0
            ],
            "scale": [
                0.5,
                0.5,
                0.5
            ]
        }
    }
}