{
	"textures": {
		"1": "item/sacred_treasure/carrot_on_a_stick/342/superdragon"
	},
	"elements": [
		{
			"from": [7, 8, 7],
			"to": [9, 24, 9],
			"rotation": {"angle": -45, "axis": "x", "origin": [8, 16, 8]},
			"faces": {
				"north": {"uv": [8, 0, 6, 16], "texture": "#1"},
				"east": {"uv": [2, 0, 0, 16], "texture": "#1"},
				"south": {"uv": [4, 0, 2, 16], "texture": "#1"},
				"west": {"uv": [6, 0, 4, 16], "texture": "#1"},
				"up": {"uv": [8, 2, 10, 0], "texture": "#1"},
				"down": {"uv": [8, 4, 10, 2], "texture": "#1"}
			}
		},
		{
			"from": [7, 5.68629, 18.31371],
			"to": [9, 12.68629, 20.31371],
			"rotation": {"angle": -45, "axis": "x", "origin": [8, 4.68629, 19.31371]},
			"faces": {
				"north": {"uv": [8, 1, 6, 8], "texture": "#1"},
				"east": {"uv": [2, 1, 0, 8], "texture": "#1"},
				"south": {"uv": [4, 1, 2, 8], "texture": "#1"},
				"west": {"uv": [6, 1, 4, 8], "texture": "#1"},
				"up": {"uv": [8, 2, 10, 0], "texture": "#1"},
				"down": {"uv": [8, 4, 10, 2], "texture": "#1"}
			}
		},
		{
			"from": [8, 13.5, 1.5],
			"to": [8, 20.5, 3.5],
			"rotation": {"angle": 0, "axis": "y", "origin": [16, 21.5, -4.5]},
			"faces": {
				"east": {"uv": [10, 5, 8, 12], "texture": "#1"},
				"south": {"uv": [8, 5, 8, 8], "texture": "#missing"},
				"west": {"uv": [11, 5, 8, 11], "texture": "#1"}
			}
		},
		{
			"from": [8, 13.5, 1.5],
			"to": [8, 20.5, 3.5],
			"rotation": {"angle": 0, "axis": "y", "origin": [16, 21.5, -4.5]},
			"faces": {
				"east": {"uv": [10, 5, 8, 12], "texture": "#1"},
				"south": {"uv": [8, 5, 8, 8], "texture": "#missing"},
				"west": {"uv": [11, 5, 8, 11], "texture": "#1"}
			}
		},
		{
			"from": [5.8392, 7.81, 0.5892],
			"to": [10.1608, 9.27, 4.9108],
			"rotation": {"angle": 0, "axis": "y", "origin": [13.402, 19.49, -3.7324]},
			"faces": {
				"north": {"uv": [16, 15, 12, 16], "texture": "#1"},
				"east": {"uv": [12, 15, 8, 16], "texture": "#1"},
				"south": {"uv": [12, 14, 8, 15], "texture": "#1"},
				"west": {"uv": [16, 14, 12, 15], "texture": "#1"},
				"up": {"uv": [10, 3, 13, 0], "texture": "#1"},
				"down": {"uv": [13, 5, 16, 2], "texture": "#1"}
			}
		},
		{
			"from": [6.54, 9.27, 1.29],
			"to": [9.46, 13.65, 4.21],
			"rotation": {"angle": 0, "axis": "y", "origin": [15.3, 20.95, -6.01]},
			"faces": {
				"north": {"uv": [16, 8, 14, 11], "texture": "#1"},
				"east": {"uv": [14, 8, 12, 11], "texture": "#1"},
				"south": {"uv": [14, 5, 12, 8], "texture": "#1"},
				"west": {"uv": [16, 5, 14, 8], "texture": "#1"},
				"up": {"uv": [12, 8, 14, 5], "texture": "#1"},
				"down": {"uv": [12, 8, 14, 5], "texture": "#1"}
			}
		}
	],
	"gui_light": "front",
	"display": {
		"thirdperson_righthand": {
			"rotation": [45, 0, 0],
			"translation": [-0.5, 1.25, -2.75],
			"scale": [0.61, 0.61, 0.61]
		},
		"thirdperson_lefthand": {
			"rotation": [45, 0, 0],
			"translation": [-0.5, 1.25, -2.75],
			"scale": [0.61, 0.61, 0.61]
		},
		"firstperson_righthand": {
			"translation": [-1, 3, 1.25],
			"scale": [0.56, 0.56, 0.56]
		},
		"firstperson_lefthand": {
			"translation": [-1, 3, 1.25],
			"scale": [0.56, 0.56, 0.56]
		},
		"ground": {
			"translation": [0, 2, 0],
			"scale": [0.5, 0.5, 0.5]
		},
		"gui": {
			"rotation": [0, -90, 0],
			"translation": [1.25, -4.25, -0.25],
			"scale": [0.76, 0.76, 0.76]
		},
		"head": {
			"translation": [0, 0, -8.5]
		},
		"fixed": {
			"rotation": [0, 90, 0],
			"translation": [-0.25, -6, -0.25]
		}
	}
}