{
	"credit": "Made with Blockbench",
	"parent": "item/generated",
	"textures": {
		"layer0": "item/sacred_treasure/carrot_on_a_stick/346"
	},
	"display": {
		"thirdperson_righthand": {
			"rotation": [0, -90, 0],
			"translation": [-0.75, 3.25, -1.75],
			"scale": [0.5, 0.5, 0.5]
		},
		"thirdperson_lefthand": {
			"rotation": [0, 90, 0],
			"translation": [-0.75, 3.25, -1.75],
			"scale": [0.5, 0.5, 0.5]
		},
		"firstperson_righthand": {
			"rotation": [0, 87, -19],
			"translation": [2, 3.25, 0]
		},
		"firstperson_lefthand": {
			"rotation": [0, 87, -19],
			"translation": [2, 3.25, 0]
		}
	}
}