{
	"credit": "Made with Blockbench",
	"texture_size": [64, 64],
	"textures": {
		"2": "item/sacred_treasure/carrot_on_a_stick/462/dice",
		"particle": "item/sacred_treasure/carrot_on_a_stick/462/dice"
	},
	"elements": [
		{
			"name": "core",
			"from": [0, 0, 0],
			"to": [16, 16, 16],
			"rotation": {"angle": 0, "axis": "y", "origin": [-7, 0, -8]},
			"faces": {
				"north": {"uv": [0, 0, 4, 4], "texture": "#2"},
				"east": {"uv": [0, 4, 4, 8], "texture": "#2"},
				"south": {"uv": [4, 0, 8, 4], "texture": "#2"},
				"west": {"uv": [4, 4, 8, 8], "texture": "#2"},
				"up": {"uv": [4, 12, 0, 8], "texture": "#2"},
				"down": {"uv": [12, 0, 8, 4], "texture": "#2"}
			}
		},
		{
			"from": [-1, 0, 0],
			"to": [0, 16, 1],
			"rotation": {"angle": 0, "axis": "y", "origin": [1, 0, 0]},
			"faces": {
				"north": {"uv": [0, 0, 0.25, 4], "texture": "#2"},
				"east": {"uv": [8, 4, 8.25, 8], "texture": "#2"},
				"south": {"uv": [4.25, 8, 4.5, 12], "texture": "#2"},
				"west": {"uv": [4.5, 8, 4.75, 12], "texture": "#2"},
				"up": {"uv": [6.5, 8.75, 6.25, 8.5], "texture": "#2"},
				"down": {"uv": [6.75, 8.5, 6.5, 8.75], "texture": "#2"}
			}
		},
		{
			"from": [0, 0, 16],
			"to": [1, 16, 17],
			"rotation": {"angle": 0, "axis": "y", "origin": [1, 0, 0]},
			"faces": {
				"north": {"uv": [8, 4, 8.25, 8], "texture": "#2"},
				"east": {"uv": [4.25, 8, 4.5, 12], "texture": "#2"},
				"south": {"uv": [4.5, 8, 4.75, 12], "texture": "#2"},
				"west": {"uv": [0, 0, 0.25, 4], "texture": "#2"},
				"up": {"uv": [6.5, 8.75, 6.25, 8.5], "rotation": 270, "texture": "#2"},
				"down": {"uv": [6.75, 8.5, 6.5, 8.75], "rotation": 90, "texture": "#2"}
			}
		},
		{
			"from": [0, 16, 0],
			"to": [1, 17, 16],
			"rotation": {"angle": 0, "axis": "x", "origin": [1, 0, 0]},
			"faces": {
				"north": {"uv": [6.5, 8.75, 6.25, 8.5], "rotation": 90, "texture": "#2"},
				"east": {"uv": [4.25, 8, 4.5, 12], "rotation": 90, "texture": "#2"},
				"south": {"uv": [6.75, 8.5, 6.5, 8.75], "rotation": 90, "texture": "#2"},
				"west": {"uv": [0, 0, 0.25, 4], "rotation": 270, "texture": "#2"},
				"up": {"uv": [4.5, 8, 4.75, 12], "texture": "#2"},
				"down": {"uv": [8, 4, 8.25, 8], "rotation": 180, "texture": "#2"}
			}
		},
		{
			"from": [16, 0, 0],
			"to": [17, 16, 1],
			"rotation": {"angle": 0, "axis": "y", "origin": [1, 0, 0]},
			"faces": {
				"north": {"uv": [0, 0, 0.25, 4], "texture": "#2"},
				"east": {"uv": [8, 4, 8.25, 8], "texture": "#2"},
				"south": {"uv": [4.25, 8, 4.5, 12], "texture": "#2"},
				"west": {"uv": [4.5, 8, 4.75, 12], "texture": "#2"},
				"up": {"uv": [6.5, 8.75, 6.25, 8.5], "texture": "#2"},
				"down": {"uv": [6.75, 8.5, 6.5, 8.75], "texture": "#2"}
			}
		},
		{
			"from": [0, 0, -1],
			"to": [1, 16, 0],
			"rotation": {"angle": 0, "axis": "y", "origin": [1, 0, 0]},
			"faces": {
				"north": {"uv": [8, 4, 8.25, 8], "texture": "#2"},
				"east": {"uv": [4.25, 8, 4.5, 12], "texture": "#2"},
				"south": {"uv": [4.5, 8, 4.75, 12], "texture": "#2"},
				"west": {"uv": [0, 0, 0.25, 4], "texture": "#2"},
				"up": {"uv": [6.5, 8.75, 6.25, 8.5], "rotation": 270, "texture": "#2"},
				"down": {"uv": [6.75, 8.5, 6.5, 8.75], "rotation": 90, "texture": "#2"}
			}
		},
		{
			"from": [0, -1, 0],
			"to": [1, 0, 16],
			"rotation": {"angle": 0, "axis": "x", "origin": [1, 0, 0]},
			"faces": {
				"north": {"uv": [6.5, 8.75, 6.25, 8.5], "rotation": 90, "texture": "#2"},
				"east": {"uv": [4.25, 8, 4.5, 12], "rotation": 90, "texture": "#2"},
				"south": {"uv": [6.75, 8.5, 6.5, 8.75], "rotation": 90, "texture": "#2"},
				"west": {"uv": [0, 0, 0.25, 4], "rotation": 270, "texture": "#2"},
				"up": {"uv": [4.5, 8, 4.75, 12], "texture": "#2"},
				"down": {"uv": [8, 4, 8.25, 8], "rotation": 180, "texture": "#2"}
			}
		},
		{
			"from": [-1, 15, 1],
			"to": [0, 16, 15],
			"rotation": {"angle": 0, "axis": "x", "origin": [1, 0, 0]},
			"faces": {
				"north": {"uv": [0, 0, 0.25, 0.25], "texture": "#2"},
				"east": {"uv": [5.75, 8, 9.25, 8.25], "texture": "#2"},
				"south": {"uv": [7.5, 8.5, 7.75, 8.75], "texture": "#2"},
				"west": {"uv": [8.25, 4, 11.75, 4.25], "texture": "#2"},
				"up": {"uv": [8.5, 7.75, 8.25, 4.25], "texture": "#2"},
				"down": {"uv": [6, 8.25, 5.75, 11.75], "texture": "#2"}
			}
		},
		{
			"from": [1, 15, 16],
			"to": [15, 16, 17],
			"rotation": {"angle": 0, "axis": "y", "origin": [1, 0, 0]},
			"faces": {
				"north": {"uv": [5.75, 8, 9.25, 8.25], "texture": "#2"},
				"east": {"uv": [7.5, 8.5, 7.75, 8.75], "texture": "#2"},
				"south": {"uv": [8.25, 4, 11.75, 4.25], "texture": "#2"},
				"west": {"uv": [0, 0, 0.25, 0.25], "texture": "#2"},
				"up": {"uv": [8.5, 7.75, 8.25, 4.25], "rotation": 270, "texture": "#2"},
				"down": {"uv": [6, 8.25, 5.75, 11.75], "rotation": 90, "texture": "#2"}
			}
		},
		{
			"from": [1, 16, 0],
			"to": [15, 17, 1],
			"rotation": {"angle": 0, "axis": "x", "origin": [1, 0, 0]},
			"faces": {
				"north": {"uv": [8.5, 7.75, 8.25, 4.25], "rotation": 90, "texture": "#2"},
				"east": {"uv": [7.5, 8.5, 7.75, 8.75], "rotation": 90, "texture": "#2"},
				"south": {"uv": [6, 8.25, 5.75, 11.75], "rotation": 90, "texture": "#2"},
				"west": {"uv": [0, 0, 0.25, 0.25], "rotation": 270, "texture": "#2"},
				"up": {"uv": [8.25, 4, 11.75, 4.25], "texture": "#2"},
				"down": {"uv": [5.75, 8, 9.25, 8.25], "rotation": 180, "texture": "#2"}
			}
		},
		{
			"from": [16, 15, 1],
			"to": [17, 16, 15],
			"rotation": {"angle": 0, "axis": "x", "origin": [1, 0, 0]},
			"faces": {
				"north": {"uv": [0, 0, 0.25, 0.25], "texture": "#2"},
				"east": {"uv": [5.75, 8, 9.25, 8.25], "texture": "#2"},
				"south": {"uv": [7.5, 8.5, 7.75, 8.75], "texture": "#2"},
				"west": {"uv": [8.25, 4, 11.75, 4.25], "texture": "#2"},
				"up": {"uv": [8.5, 7.75, 8.25, 4.25], "texture": "#2"},
				"down": {"uv": [6, 8.25, 5.75, 11.75], "texture": "#2"}
			}
		},
		{
			"from": [1, 15, -1],
			"to": [15, 16, 0],
			"rotation": {"angle": 0, "axis": "y", "origin": [1, 0, 0]},
			"faces": {
				"north": {"uv": [5.75, 8, 9.25, 8.25], "texture": "#2"},
				"east": {"uv": [7.5, 8.5, 7.75, 8.75], "texture": "#2"},
				"south": {"uv": [8.25, 4, 11.75, 4.25], "texture": "#2"},
				"west": {"uv": [0, 0, 0.25, 0.25], "texture": "#2"},
				"up": {"uv": [8.5, 7.75, 8.25, 4.25], "rotation": 270, "texture": "#2"},
				"down": {"uv": [6, 8.25, 5.75, 11.75], "rotation": 90, "texture": "#2"}
			}
		},
		{
			"from": [1, -1, 0],
			"to": [15, 0, 1],
			"rotation": {"angle": 0, "axis": "x", "origin": [1, 0, 0]},
			"faces": {
				"north": {"uv": [8.5, 7.75, 8.25, 4.25], "rotation": 90, "texture": "#2"},
				"east": {"uv": [7.5, 8.5, 7.75, 8.75], "rotation": 90, "texture": "#2"},
				"south": {"uv": [6, 8.25, 5.75, 11.75], "rotation": 90, "texture": "#2"},
				"west": {"uv": [0, 0, 0.25, 0.25], "rotation": 270, "texture": "#2"},
				"up": {"uv": [8.25, 4, 11.75, 4.25], "texture": "#2"},
				"down": {"uv": [5.75, 8, 9.25, 8.25], "rotation": 180, "texture": "#2"}
			}
		},
		{
			"from": [-1, 0, 15],
			"to": [0, 16, 16],
			"rotation": {"angle": 0, "axis": "y", "origin": [1, 0, 0]},
			"faces": {
				"north": {"uv": [0, 0, 0.25, 4], "texture": "#2"},
				"east": {"uv": [5, 8, 5.25, 12], "texture": "#2"},
				"south": {"uv": [5.25, 8, 5.5, 12], "texture": "#2"},
				"west": {"uv": [5.5, 8, 5.75, 12], "texture": "#2"},
				"up": {"uv": [7, 8.75, 6.75, 8.5], "texture": "#2"},
				"down": {"uv": [7.25, 8.5, 7, 8.75], "texture": "#2"}
			}
		},
		{
			"from": [15, 0, 16],
			"to": [16, 16, 17],
			"rotation": {"angle": 0, "axis": "y", "origin": [1, 0, 0]},
			"faces": {
				"north": {"uv": [5, 8, 5.25, 12], "texture": "#2"},
				"east": {"uv": [5.25, 8, 5.5, 12], "texture": "#2"},
				"south": {"uv": [5.5, 8, 5.75, 12], "texture": "#2"},
				"west": {"uv": [0, 0, 0.25, 4], "texture": "#2"},
				"up": {"uv": [7, 8.75, 6.75, 8.5], "rotation": 270, "texture": "#2"},
				"down": {"uv": [7.25, 8.5, 7, 8.75], "rotation": 90, "texture": "#2"}
			}
		},
		{
			"from": [15, 16, 0],
			"to": [16, 17, 16],
			"rotation": {"angle": 0, "axis": "x", "origin": [1, 0, 0]},
			"faces": {
				"north": {"uv": [7, 8.75, 6.75, 8.5], "rotation": 90, "texture": "#2"},
				"east": {"uv": [5.25, 8, 5.5, 12], "rotation": 90, "texture": "#2"},
				"south": {"uv": [7.25, 8.5, 7, 8.75], "rotation": 90, "texture": "#2"},
				"west": {"uv": [0, 0, 0.25, 4], "rotation": 270, "texture": "#2"},
				"up": {"uv": [5.5, 8, 5.75, 12], "texture": "#2"},
				"down": {"uv": [5, 8, 5.25, 12], "rotation": 180, "texture": "#2"}
			}
		},
		{
			"from": [16, 0, 15],
			"to": [17, 16, 16],
			"rotation": {"angle": 0, "axis": "y", "origin": [1, 0, 0]},
			"faces": {
				"north": {"uv": [0, 0, 0.25, 4], "texture": "#2"},
				"east": {"uv": [5, 8, 5.25, 12], "texture": "#2"},
				"south": {"uv": [5.25, 8, 5.5, 12], "texture": "#2"},
				"west": {"uv": [5.5, 8, 5.75, 12], "texture": "#2"},
				"up": {"uv": [7, 8.75, 6.75, 8.5], "texture": "#2"},
				"down": {"uv": [7.25, 8.5, 7, 8.75], "texture": "#2"}
			}
		},
		{
			"from": [15, 0, -1],
			"to": [16, 16, 0],
			"rotation": {"angle": 0, "axis": "y", "origin": [1, 0, 0]},
			"faces": {
				"north": {"uv": [5, 8, 5.25, 12], "texture": "#2"},
				"east": {"uv": [5.25, 8, 5.5, 12], "texture": "#2"},
				"south": {"uv": [5.5, 8, 5.75, 12], "texture": "#2"},
				"west": {"uv": [0, 0, 0.25, 4], "texture": "#2"},
				"up": {"uv": [7, 8.75, 6.75, 8.5], "rotation": 270, "texture": "#2"},
				"down": {"uv": [7.25, 8.5, 7, 8.75], "rotation": 90, "texture": "#2"}
			}
		},
		{
			"from": [15, -1, 0],
			"to": [16, 0, 16],
			"rotation": {"angle": 0, "axis": "x", "origin": [1, 0, 0]},
			"faces": {
				"north": {"uv": [7, 8.75, 6.75, 8.5], "rotation": 90, "texture": "#2"},
				"east": {"uv": [5.25, 8, 5.5, 12], "rotation": 90, "texture": "#2"},
				"south": {"uv": [7.25, 8.5, 7, 8.75], "rotation": 90, "texture": "#2"},
				"west": {"uv": [0, 0, 0.25, 4], "rotation": 270, "texture": "#2"},
				"up": {"uv": [5.5, 8, 5.75, 12], "texture": "#2"},
				"down": {"uv": [5, 8, 5.25, 12], "rotation": 180, "texture": "#2"}
			}
		},
		{
			"from": [-1, 0, 1],
			"to": [0, 1, 15],
			"rotation": {"angle": 0, "axis": "x", "origin": [1, 0, 0]},
			"faces": {
				"north": {"uv": [0, 0, 0.25, 0.25], "texture": "#2"},
				"east": {"uv": [6, 8.25, 9.5, 8.5], "texture": "#2"},
				"south": {"uv": [8, 8.5, 8.25, 8.75], "texture": "#2"},
				"west": {"uv": [8.25, 7.75, 11.75, 8], "texture": "#2"},
				"up": {"uv": [8.75, 7.75, 8.5, 4.25], "texture": "#2"},
				"down": {"uv": [6.25, 8.5, 6, 12], "texture": "#2"}
			}
		},
		{
			"from": [1, 0, 16],
			"to": [15, 1, 17],
			"rotation": {"angle": 0, "axis": "y", "origin": [1, 0, 0]},
			"faces": {
				"north": {"uv": [6, 8.25, 9.5, 8.5], "texture": "#2"},
				"east": {"uv": [8, 8.5, 8.25, 8.75], "texture": "#2"},
				"south": {"uv": [8.25, 7.75, 11.75, 8], "texture": "#2"},
				"west": {"uv": [0, 0, 0.25, 0.25], "texture": "#2"},
				"up": {"uv": [8.75, 7.75, 8.5, 4.25], "rotation": 270, "texture": "#2"},
				"down": {"uv": [6.25, 8.5, 6, 12], "rotation": 90, "texture": "#2"}
			}
		},
		{
			"from": [1, 16, 15],
			"to": [15, 17, 16],
			"rotation": {"angle": 0, "axis": "x", "origin": [1, 0, 0]},
			"faces": {
				"north": {"uv": [8.75, 7.75, 8.5, 4.25], "rotation": 90, "texture": "#2"},
				"east": {"uv": [8, 8.5, 8.25, 8.75], "rotation": 90, "texture": "#2"},
				"south": {"uv": [6.25, 8.5, 6, 12], "rotation": 90, "texture": "#2"},
				"west": {"uv": [0, 0, 0.25, 0.25], "rotation": 270, "texture": "#2"},
				"up": {"uv": [8.25, 7.75, 11.75, 8], "texture": "#2"},
				"down": {"uv": [6, 8.25, 9.5, 8.5], "rotation": 180, "texture": "#2"}
			}
		},
		{
			"from": [16, 0, 1],
			"to": [17, 1, 15],
			"rotation": {"angle": 0, "axis": "x", "origin": [1, 0, 0]},
			"faces": {
				"north": {"uv": [0, 0, 0.25, 0.25], "texture": "#2"},
				"east": {"uv": [6, 8.25, 9.5, 8.5], "texture": "#2"},
				"south": {"uv": [8, 8.5, 8.25, 8.75], "texture": "#2"},
				"west": {"uv": [8.25, 7.75, 11.75, 8], "texture": "#2"},
				"up": {"uv": [8.75, 7.75, 8.5, 4.25], "texture": "#2"},
				"down": {"uv": [6.25, 8.5, 6, 12], "texture": "#2"}
			}
		},
		{
			"from": [1, 0, -1],
			"to": [15, 1, 0],
			"rotation": {"angle": 0, "axis": "y", "origin": [1, 0, 0]},
			"faces": {
				"north": {"uv": [6, 8.25, 9.5, 8.5], "texture": "#2"},
				"east": {"uv": [8, 8.5, 8.25, 8.75], "texture": "#2"},
				"south": {"uv": [8.25, 7.75, 11.75, 8], "texture": "#2"},
				"west": {"uv": [0, 0, 0.25, 0.25], "texture": "#2"},
				"up": {"uv": [8.75, 7.75, 8.5, 4.25], "rotation": 270, "texture": "#2"},
				"down": {"uv": [6.25, 8.5, 6, 12], "rotation": 90, "texture": "#2"}
			}
		},
		{
			"from": [1, -1, 15],
			"to": [15, 0, 16],
			"rotation": {"angle": 0, "axis": "x", "origin": [1, 0, 0]},
			"faces": {
				"north": {"uv": [8.75, 7.75, 8.5, 4.25], "rotation": 90, "texture": "#2"},
				"east": {"uv": [8, 8.5, 8.25, 8.75], "rotation": 90, "texture": "#2"},
				"south": {"uv": [6.25, 8.5, 6, 12], "rotation": 90, "texture": "#2"},
				"west": {"uv": [0, 0, 0.25, 0.25], "rotation": 270, "texture": "#2"},
				"up": {"uv": [8.25, 7.75, 11.75, 8], "texture": "#2"},
				"down": {"uv": [6, 8.25, 9.5, 8.5], "rotation": 180, "texture": "#2"}
			}
		},
		{
			"from": [-1, 1, 1],
			"to": [0, 2, 2],
			"rotation": {"angle": 0, "axis": "y", "origin": [1, 0, 0]},
			"faces": {
				"north": {"uv": [0, 0, 0.25, 0.25], "texture": "#2"},
				"east": {"uv": [8.5, 8.5, 8.75, 8.75], "texture": "#2"},
				"south": {"uv": [8.75, 4.25, 9, 4.5], "texture": "#2"},
				"west": {"uv": [8.75, 4.5, 9, 4.75], "texture": "#2"},
				"up": {"uv": [9, 5, 8.75, 4.75], "texture": "#2"},
				"down": {"uv": [9, 5, 8.75, 5.25], "texture": "#2"}
			}
		},
		{
			"from": [1, 1, 16],
			"to": [2, 2, 17],
			"rotation": {"angle": 0, "axis": "y", "origin": [1, 0, 0]},
			"faces": {
				"north": {"uv": [8.5, 8.5, 8.75, 8.75], "texture": "#2"},
				"east": {"uv": [8.75, 4.25, 9, 4.5], "texture": "#2"},
				"south": {"uv": [8.75, 4.5, 9, 4.75], "texture": "#2"},
				"west": {"uv": [0, 0, 0.25, 0.25], "texture": "#2"},
				"up": {"uv": [9, 5, 8.75, 4.75], "rotation": 270, "texture": "#2"},
				"down": {"uv": [9, 5, 8.75, 5.25], "rotation": 90, "texture": "#2"}
			}
		},
		{
			"from": [1, 16, 14],
			"to": [2, 17, 15],
			"rotation": {"angle": 0, "axis": "x", "origin": [1, 0, 0]},
			"faces": {
				"north": {"uv": [9, 5, 8.75, 4.75], "rotation": 90, "texture": "#2"},
				"east": {"uv": [8.75, 4.25, 9, 4.5], "rotation": 90, "texture": "#2"},
				"south": {"uv": [9, 5, 8.75, 5.25], "rotation": 90, "texture": "#2"},
				"west": {"uv": [0, 0, 0.25, 0.25], "rotation": 270, "texture": "#2"},
				"up": {"uv": [8.75, 4.5, 9, 4.75], "texture": "#2"},
				"down": {"uv": [8.5, 8.5, 8.75, 8.75], "rotation": 180, "texture": "#2"}
			}
		},
		{
			"from": [16, 1, 1],
			"to": [17, 2, 2],
			"rotation": {"angle": 0, "axis": "y", "origin": [1, 0, 0]},
			"faces": {
				"north": {"uv": [0, 0, 0.25, 0.25], "texture": "#2"},
				"east": {"uv": [8.5, 8.5, 8.75, 8.75], "texture": "#2"},
				"south": {"uv": [8.75, 4.25, 9, 4.5], "texture": "#2"},
				"west": {"uv": [8.75, 4.5, 9, 4.75], "texture": "#2"},
				"up": {"uv": [9, 5, 8.75, 4.75], "texture": "#2"},
				"down": {"uv": [9, 5, 8.75, 5.25], "texture": "#2"}
			}
		},
		{
			"from": [1, 1, -1],
			"to": [2, 2, 0],
			"rotation": {"angle": 0, "axis": "y", "origin": [1, 0, 0]},
			"faces": {
				"north": {"uv": [8.5, 8.5, 8.75, 8.75], "texture": "#2"},
				"east": {"uv": [8.75, 4.25, 9, 4.5], "texture": "#2"},
				"south": {"uv": [8.75, 4.5, 9, 4.75], "texture": "#2"},
				"west": {"uv": [0, 0, 0.25, 0.25], "texture": "#2"},
				"up": {"uv": [9, 5, 8.75, 4.75], "rotation": 270, "texture": "#2"},
				"down": {"uv": [9, 5, 8.75, 5.25], "rotation": 90, "texture": "#2"}
			}
		},
		{
			"from": [1, -1, 14],
			"to": [2, 0, 15],
			"rotation": {"angle": 0, "axis": "x", "origin": [1, 0, 0]},
			"faces": {
				"north": {"uv": [9, 5, 8.75, 4.75], "rotation": 90, "texture": "#2"},
				"east": {"uv": [8.75, 4.25, 9, 4.5], "rotation": 90, "texture": "#2"},
				"south": {"uv": [9, 5, 8.75, 5.25], "rotation": 90, "texture": "#2"},
				"west": {"uv": [0, 0, 0.25, 0.25], "rotation": 270, "texture": "#2"},
				"up": {"uv": [8.75, 4.5, 9, 4.75], "texture": "#2"},
				"down": {"uv": [8.5, 8.5, 8.75, 8.75], "rotation": 180, "texture": "#2"}
			}
		},
		{
			"from": [-1, 1, 14],
			"to": [0, 2, 15],
			"rotation": {"angle": 0, "axis": "y", "origin": [1, 0, 0]},
			"faces": {
				"north": {"uv": [0, 0, 0.25, 0.25], "texture": "#2"},
				"east": {"uv": [8.75, 5.5, 9, 5.75], "texture": "#2"},
				"south": {"uv": [8.75, 5.75, 9, 6], "texture": "#2"},
				"west": {"uv": [8.75, 6, 9, 6.25], "texture": "#2"},
				"up": {"uv": [6.5, 9, 6.25, 8.75], "texture": "#2"},
				"down": {"uv": [9, 6.25, 8.75, 6.5], "texture": "#2"}
			}
		},
		{
			"from": [14, 1, 16],
			"to": [15, 2, 17],
			"rotation": {"angle": 0, "axis": "y", "origin": [1, 0, 0]},
			"faces": {
				"north": {"uv": [8.75, 5.5, 9, 5.75], "texture": "#2"},
				"east": {"uv": [8.75, 5.75, 9, 6], "texture": "#2"},
				"south": {"uv": [8.75, 6, 9, 6.25], "texture": "#2"},
				"west": {"uv": [0, 0, 0.25, 0.25], "texture": "#2"},
				"up": {"uv": [6.5, 9, 6.25, 8.75], "rotation": 270, "texture": "#2"},
				"down": {"uv": [9, 6.25, 8.75, 6.5], "rotation": 90, "texture": "#2"}
			}
		},
		{
			"from": [14, 16, 14],
			"to": [15, 17, 15],
			"rotation": {"angle": 0, "axis": "x", "origin": [1, 0, 0]},
			"faces": {
				"north": {"uv": [6.5, 9, 6.25, 8.75], "rotation": 90, "texture": "#2"},
				"east": {"uv": [8.75, 5.75, 9, 6], "rotation": 90, "texture": "#2"},
				"south": {"uv": [9, 6.25, 8.75, 6.5], "rotation": 90, "texture": "#2"},
				"west": {"uv": [0, 0, 0.25, 0.25], "rotation": 270, "texture": "#2"},
				"up": {"uv": [8.75, 6, 9, 6.25], "texture": "#2"},
				"down": {"uv": [8.75, 5.5, 9, 5.75], "rotation": 180, "texture": "#2"}
			}
		},
		{
			"from": [16, 1, 14],
			"to": [17, 2, 15],
			"rotation": {"angle": 0, "axis": "y", "origin": [1, 0, 0]},
			"faces": {
				"north": {"uv": [0, 0, 0.25, 0.25], "texture": "#2"},
				"east": {"uv": [8.75, 5.5, 9, 5.75], "texture": "#2"},
				"south": {"uv": [8.75, 5.75, 9, 6], "texture": "#2"},
				"west": {"uv": [8.75, 6, 9, 6.25], "texture": "#2"},
				"up": {"uv": [6.5, 9, 6.25, 8.75], "texture": "#2"},
				"down": {"uv": [9, 6.25, 8.75, 6.5], "texture": "#2"}
			}
		},
		{
			"from": [14, 1, -1],
			"to": [15, 2, 0],
			"rotation": {"angle": 0, "axis": "y", "origin": [1, 0, 0]},
			"faces": {
				"north": {"uv": [8.75, 5.5, 9, 5.75], "texture": "#2"},
				"east": {"uv": [8.75, 5.75, 9, 6], "texture": "#2"},
				"south": {"uv": [8.75, 6, 9, 6.25], "texture": "#2"},
				"west": {"uv": [0, 0, 0.25, 0.25], "texture": "#2"},
				"up": {"uv": [6.5, 9, 6.25, 8.75], "rotation": 270, "texture": "#2"},
				"down": {"uv": [9, 6.25, 8.75, 6.5], "rotation": 90, "texture": "#2"}
			}
		},
		{
			"from": [14, -1, 14],
			"to": [15, 0, 15],
			"rotation": {"angle": 0, "axis": "x", "origin": [1, 0, 0]},
			"faces": {
				"north": {"uv": [6.5, 9, 6.25, 8.75], "rotation": 90, "texture": "#2"},
				"east": {"uv": [8.75, 5.75, 9, 6], "rotation": 90, "texture": "#2"},
				"south": {"uv": [9, 6.25, 8.75, 6.5], "rotation": 90, "texture": "#2"},
				"west": {"uv": [0, 0, 0.25, 0.25], "rotation": 270, "texture": "#2"},
				"up": {"uv": [8.75, 6, 9, 6.25], "texture": "#2"},
				"down": {"uv": [8.75, 5.5, 9, 5.75], "rotation": 180, "texture": "#2"}
			}
		},
		{
			"from": [-1, 14, 14],
			"to": [0, 15, 15],
			"rotation": {"angle": 0, "axis": "y", "origin": [1, 0, 0]},
			"faces": {
				"north": {"uv": [0, 0, 0.25, 0.25], "texture": "#2"},
				"east": {"uv": [8.75, 6.5, 9, 6.75], "texture": "#2"},
				"south": {"uv": [6.75, 8.75, 7, 9], "texture": "#2"},
				"west": {"uv": [8.75, 6.75, 9, 7], "texture": "#2"},
				"up": {"uv": [7.25, 9, 7, 8.75], "texture": "#2"},
				"down": {"uv": [9, 7, 8.75, 7.25], "texture": "#2"}
			}
		},
		{
			"from": [14, 14, 16],
			"to": [15, 15, 17],
			"rotation": {"angle": 0, "axis": "y", "origin": [1, 0, 0]},
			"faces": {
				"north": {"uv": [8.75, 6.5, 9, 6.75], "texture": "#2"},
				"east": {"uv": [6.75, 8.75, 7, 9], "texture": "#2"},
				"south": {"uv": [8.75, 6.75, 9, 7], "texture": "#2"},
				"west": {"uv": [0, 0, 0.25, 0.25], "texture": "#2"},
				"up": {"uv": [7.25, 9, 7, 8.75], "rotation": 270, "texture": "#2"},
				"down": {"uv": [9, 7, 8.75, 7.25], "rotation": 90, "texture": "#2"}
			}
		},
		{
			"from": [14, 16, 1],
			"to": [15, 17, 2],
			"rotation": {"angle": 0, "axis": "x", "origin": [1, 0, 0]},
			"faces": {
				"north": {"uv": [7.25, 9, 7, 8.75], "rotation": 90, "texture": "#2"},
				"east": {"uv": [6.75, 8.75, 7, 9], "rotation": 90, "texture": "#2"},
				"south": {"uv": [9, 7, 8.75, 7.25], "rotation": 90, "texture": "#2"},
				"west": {"uv": [0, 0, 0.25, 0.25], "rotation": 270, "texture": "#2"},
				"up": {"uv": [8.75, 6.75, 9, 7], "texture": "#2"},
				"down": {"uv": [8.75, 6.5, 9, 6.75], "rotation": 180, "texture": "#2"}
			}
		},
		{
			"from": [16, 14, 14],
			"to": [17, 15, 15],
			"rotation": {"angle": 0, "axis": "y", "origin": [1, 0, 0]},
			"faces": {
				"north": {"uv": [0, 0, 0.25, 0.25], "texture": "#2"},
				"east": {"uv": [8.75, 6.5, 9, 6.75], "texture": "#2"},
				"south": {"uv": [6.75, 8.75, 7, 9], "texture": "#2"},
				"west": {"uv": [8.75, 6.75, 9, 7], "texture": "#2"},
				"up": {"uv": [7.25, 9, 7, 8.75], "texture": "#2"},
				"down": {"uv": [9, 7, 8.75, 7.25], "texture": "#2"}
			}
		},
		{
			"from": [14, 14, -1],
			"to": [15, 15, 0],
			"rotation": {"angle": 0, "axis": "y", "origin": [1, 0, 0]},
			"faces": {
				"north": {"uv": [8.75, 6.5, 9, 6.75], "texture": "#2"},
				"east": {"uv": [6.75, 8.75, 7, 9], "texture": "#2"},
				"south": {"uv": [8.75, 6.75, 9, 7], "texture": "#2"},
				"west": {"uv": [0, 0, 0.25, 0.25], "texture": "#2"},
				"up": {"uv": [7.25, 9, 7, 8.75], "rotation": 270, "texture": "#2"},
				"down": {"uv": [9, 7, 8.75, 7.25], "rotation": 90, "texture": "#2"}
			}
		},
		{
			"from": [14, -1, 1],
			"to": [15, 0, 2],
			"rotation": {"angle": 0, "axis": "x", "origin": [1, 0, 0]},
			"faces": {
				"north": {"uv": [7.25, 9, 7, 8.75], "rotation": 90, "texture": "#2"},
				"east": {"uv": [6.75, 8.75, 7, 9], "rotation": 90, "texture": "#2"},
				"south": {"uv": [9, 7, 8.75, 7.25], "rotation": 90, "texture": "#2"},
				"west": {"uv": [0, 0, 0.25, 0.25], "rotation": 270, "texture": "#2"},
				"up": {"uv": [8.75, 6.75, 9, 7], "texture": "#2"},
				"down": {"uv": [8.75, 6.5, 9, 6.75], "rotation": 180, "texture": "#2"}
			}
		},
		{
			"from": [-1, 14, 1],
			"to": [0, 15, 2],
			"rotation": {"angle": 0, "axis": "y", "origin": [1, 0, 0]},
			"faces": {
				"north": {"uv": [0, 0, 0.25, 0.25], "texture": "#2"},
				"east": {"uv": [8.75, 7.25, 9, 7.5], "texture": "#2"},
				"south": {"uv": [7.5, 8.75, 7.75, 9], "texture": "#2"},
				"west": {"uv": [8.75, 7.5, 9, 7.75], "texture": "#2"},
				"up": {"uv": [8, 9, 7.75, 8.75], "texture": "#2"},
				"down": {"uv": [8.25, 8.75, 8, 9], "texture": "#2"}
			}
		},
		{
			"from": [1, 14, 16],
			"to": [2, 15, 17],
			"rotation": {"angle": 0, "axis": "y", "origin": [1, 0, 0]},
			"faces": {
				"north": {"uv": [8.75, 7.25, 9, 7.5], "texture": "#2"},
				"east": {"uv": [7.5, 8.75, 7.75, 9], "texture": "#2"},
				"south": {"uv": [8.75, 7.5, 9, 7.75], "texture": "#2"},
				"west": {"uv": [0, 0, 0.25, 0.25], "texture": "#2"},
				"up": {"uv": [8, 9, 7.75, 8.75], "rotation": 270, "texture": "#2"},
				"down": {"uv": [8.25, 8.75, 8, 9], "rotation": 90, "texture": "#2"}
			}
		},
		{
			"from": [1, 16, 1],
			"to": [2, 17, 2],
			"rotation": {"angle": 0, "axis": "x", "origin": [1, 0, 0]},
			"faces": {
				"north": {"uv": [8, 9, 7.75, 8.75], "rotation": 90, "texture": "#2"},
				"east": {"uv": [7.5, 8.75, 7.75, 9], "rotation": 90, "texture": "#2"},
				"south": {"uv": [8.25, 8.75, 8, 9], "rotation": 90, "texture": "#2"},
				"west": {"uv": [0, 0, 0.25, 0.25], "rotation": 270, "texture": "#2"},
				"up": {"uv": [8.75, 7.5, 9, 7.75], "texture": "#2"},
				"down": {"uv": [8.75, 7.25, 9, 7.5], "rotation": 180, "texture": "#2"}
			}
		},
		{
			"from": [16, 14, 1],
			"to": [17, 15, 2],
			"rotation": {"angle": 0, "axis": "y", "origin": [1, 0, 0]},
			"faces": {
				"north": {"uv": [0, 0, 0.25, 0.25], "texture": "#2"},
				"east": {"uv": [8.75, 7.25, 9, 7.5], "texture": "#2"},
				"south": {"uv": [7.5, 8.75, 7.75, 9], "texture": "#2"},
				"west": {"uv": [8.75, 7.5, 9, 7.75], "texture": "#2"},
				"up": {"uv": [8, 9, 7.75, 8.75], "texture": "#2"},
				"down": {"uv": [8.25, 8.75, 8, 9], "texture": "#2"}
			}
		},
		{
			"from": [1, 14, -1],
			"to": [2, 15, 0],
			"rotation": {"angle": 0, "axis": "y", "origin": [1, 0, 0]},
			"faces": {
				"north": {"uv": [8.75, 7.25, 9, 7.5], "texture": "#2"},
				"east": {"uv": [7.5, 8.75, 7.75, 9], "texture": "#2"},
				"south": {"uv": [8.75, 7.5, 9, 7.75], "texture": "#2"},
				"west": {"uv": [0, 0, 0.25, 0.25], "texture": "#2"},
				"up": {"uv": [8, 9, 7.75, 8.75], "rotation": 270, "texture": "#2"},
				"down": {"uv": [8.25, 8.75, 8, 9], "rotation": 90, "texture": "#2"}
			}
		},
		{
			"from": [1, -1, 1],
			"to": [2, 0, 2],
			"rotation": {"angle": 0, "axis": "x", "origin": [1, 0, 0]},
			"faces": {
				"north": {"uv": [8, 9, 7.75, 8.75], "rotation": 90, "texture": "#2"},
				"east": {"uv": [7.5, 8.75, 7.75, 9], "rotation": 90, "texture": "#2"},
				"south": {"uv": [8.25, 8.75, 8, 9], "rotation": 90, "texture": "#2"},
				"west": {"uv": [0, 0, 0.25, 0.25], "rotation": 270, "texture": "#2"},
				"up": {"uv": [8.75, 7.5, 9, 7.75], "texture": "#2"},
				"down": {"uv": [8.75, 7.25, 9, 7.5], "rotation": 180, "texture": "#2"}
			}
		}
	],
	"display": {
		"thirdperson_righthand": {
			"rotation": [75, 45, 0],
			"translation": [0, 2.5, 0],
			"scale": [0.375, 0.375, 0.375]
		},
		"thirdperson_lefthand": {
			"rotation": [75, 45, 0],
			"translation": [0, 2.5, 0],
			"scale": [0.375, 0.375, 0.375]
		},
		"firstperson_righthand": {
			"rotation": [0, 45, 0],
			"scale": [0.4, 0.4, 0.4]
		},
		"firstperson_lefthand": {
			"rotation": [0, 225, 0],
			"scale": [0.4, 0.4, 0.4]
		},
		"ground": {
			"translation": [0, 3, 0],
			"scale": [0.25, 0.25, 0.25]
		},
		"gui": {
			"rotation": [30, 225, 0],
			"scale": [0.58, 0.58, 0.58]
		},
		"fixed": {
			"scale": [0.5, 0.5, 0.5]
		}
	}
}