{
    "credit": "Made with Blockbench",
    "textures": {
        "0": "item/sacred_treasure/carrot_on_a_stick/5/matchlock",
        "particle": "item/sacred_treasure/carrot_on_a_stick/5/matchlock"
    },
    "elements": [
        {
            "from": [
                7.501,
                6.44246,
                10.65538
            ],
            "to": [
                8.5,
                7.41746,
                15.65538
            ],
            "rotation": {
                "angle": 22.5,
                "axis": "x",
                "origin": [
                    7.5,
                    5.44246,
                    15.15538
                ]
            },
            "faces": {
                "north": {
                    "uv": [
                        12,
                        6,
                        15,
                        9
                    ],
                    "texture": "#0"
                },
                "east": {
                    "uv": [
                        1,
                        6,
                        16,
                        9
                    ],
                    "texture": "#0"
                },
                "south": {
                    "uv": [
                        6,
                        6,
                        9,
                        9
                    ],
                    "texture": "#0"
                },
                "west": {
                    "uv": [
                        1,
                        6,
                        16,
                        9
                    ],
                    "texture": "#0"
                },
                "up": {
                    "uv": [
                        1,
                        6,
                        16,
                        9
                    ],
                    "texture": "#0"
                },
                "down": {
                    "uv": [
                        1,
                        6,
                        16,
                        9
                    ],
                    "rotation": 90,
                    "texture": "#0"
                }
            }
        },
        {
            "from": [
                7.5,
                8,
                9
            ],
            "to": [
                8.5,
                9,
                12
            ],
            "rotation": {
                "angle": 0,
                "axis": "y",
                "origin": [
                    7.5,
                    -4,
                    0
                ]
            },
            "faces": {
                "north": {
                    "uv": [
                        4.05,
                        5.175,
                        7.05,
                        8.175
                    ],
                    "texture": "#0"
                },
                "east": {
                    "uv": [
                        16,
                        16,
                        13,
                        7
                    ],
                    "rotation": 90,
                    "texture": "#0"
                },
                "south": {
                    "uv": [
                        0,
                        0,
                        1,
                        1
                    ],
                    "texture": "#missing"
                },
                "west": {
                    "uv": [
                        7,
                        6,
                        16,
                        9
                    ],
                    "texture": "#0"
                },
                "up": {
                    "uv": [
                        7,
                        6,
                        16,
                        3
                    ],
                    "rotation": 90,
                    "texture": "#0"
                },
                "down": {
                    "uv": [
                        2,
                        6,
                        11,
                        9
                    ],
                    "rotation": 90,
                    "texture": "#0"
                }
            }
        },
        {
            "from": [
                8.5,
                8.25,
                9
            ],
            "to": [
                8.5,
                10,
                10.25
            ],
            "rotation": {
                "angle": 0,
                "axis": "y",
                "origin": [
                    7.5,
                    -4,
                    0
                ]
            },
            "faces": {
                "north": {
                    "uv": [
                        6,
                        10,
                        9,
                        13
                    ],
                    "texture": "#0"
                },
                "east": {
                    "uv": [
                        8,
                        9,
                        13,
                        16
                    ],
                    "texture": "#0"
                },
                "south": {
                    "uv": [
                        6,
                        10,
                        9,
                        13
                    ],
                    "texture": "#0"
                },
                "west": {
                    "uv": [
                        13,
                        9,
                        8,
                        16
                    ],
                    "texture": "#0"
                },
                "up": {
                    "uv": [
                        6,
                        10,
                        9,
                        13
                    ],
                    "texture": "#0"
                },
                "down": {
                    "uv": [
                        6,
                        10,
                        9,
                        13
                    ],
                    "texture": "#0"
                }
            }
        },
        {
            "from": [
                7.55,
                8.2,
                -1
            ],
            "to": [
                8.45,
                9,
                4
            ],
            "rotation": {
                "angle": 0,
                "axis": "y",
                "origin": [
                    7.5,
                    -4,
                    0
                ]
            },
            "faces": {
                "north": {
                    "uv": [
                        0,
                        0,
                        3,
                        3
                    ],
                    "texture": "#0"
                },
                "east": {
                    "uv": [
                        0,
                        0,
                        15,
                        3
                    ],
                    "texture": "#0"
                },
                "south": {
                    "uv": [
                        0,
                        0,
                        15,
                        3
                    ],
                    "texture": "#0"
                },
                "west": {
                    "uv": [
                        0,
                        0,
                        15,
                        3
                    ],
                    "texture": "#0"
                },
                "up": {
                    "uv": [
                        0,
                        3,
                        15,
                        6
                    ],
                    "rotation": 90,
                    "texture": "#0"
                },
                "down": {
                    "uv": [
                        1,
                        6,
                        16,
                        9
                    ],
                    "rotation": 90,
                    "texture": "#0"
                }
            }
        },
        {
            "from": [
                7.55,
                8.2,
                4
            ],
            "to": [
                8.45,
                9,
                9
            ],
            "rotation": {
                "angle": 0,
                "axis": "y",
                "origin": [
                    7.5,
                    -4,
                    0
                ]
            },
            "faces": {
                "north": {
                    "uv": [
                        13,
                        9,
                        16,
                        12
                    ],
                    "texture": "#0"
                },
                "east": {
                    "uv": [
                        0,
                        0,
                        15,
                        3
                    ],
                    "texture": "#0"
                },
                "south": {
                    "uv": [
                        13,
                        10,
                        16,
                        13
                    ],
                    "texture": "#0"
                },
                "west": {
                    "uv": [
                        0,
                        0,
                        15,
                        3
                    ],
                    "texture": "#0"
                },
                "up": {
                    "uv": [
                        0,
                        3,
                        15,
                        6
                    ],
                    "rotation": 90,
                    "texture": "#0"
                },
                "down": {
                    "uv": [
                        1,
                        6,
                        16,
                        9
                    ],
                    "rotation": 90,
                    "texture": "#0"
                }
            }
        },
        {
            "from": [
                7.9,
                8,
                -3
            ],
            "to": [
                8.1,
                8.2,
                9
            ],
            "rotation": {
                "angle": 0,
                "axis": "y",
                "origin": [
                    7.5,
                    -4,
                    0
                ]
            },
            "faces": {
                "north": {
                    "uv": [
                        3.975,
                        13,
                        6.975,
                        16
                    ],
                    "texture": "#0"
                },
                "east": {
                    "uv": [
                        16,
                        6,
                        0,
                        9
                    ],
                    "texture": "#0"
                },
                "south": {
                    "uv": [
                        0,
                        13,
                        3,
                        16
                    ],
                    "texture": "#0"
                },
                "west": {
                    "uv": [
                        0,
                        6,
                        16,
                        9
                    ],
                    "texture": "#0"
                },
                "up": {
                    "uv": [
                        0,
                        6,
                        16,
                        9
                    ],
                    "rotation": 90,
                    "texture": "#0"
                },
                "down": {
                    "uv": [
                        16,
                        9,
                        0,
                        6
                    ],
                    "rotation": 90,
                    "texture": "#0"
                }
            }
        },
        {
            "from": [
                7.9,
                7.75,
                11.75
            ],
            "to": [
                8.1,
                7.95,
                13.25
            ],
            "rotation": {
                "angle": -22.5,
                "axis": "x",
                "origin": [
                    7.5,
                    7,
                    13.75
                ]
            },
            "faces": {
                "north": {
                    "uv": [
                        4,
                        13,
                        7,
                        16
                    ],
                    "texture": "#0"
                },
                "east": {
                    "uv": [
                        4,
                        13,
                        7,
                        16
                    ],
                    "texture": "#0"
                },
                "south": {
                    "uv": [
                        4,
                        13,
                        7,
                        16
                    ],
                    "texture": "#0"
                },
                "west": {
                    "uv": [
                        4,
                        13,
                        7,
                        16
                    ],
                    "texture": "#0"
                },
                "up": {
                    "uv": [
                        4,
                        13,
                        7,
                        16
                    ],
                    "texture": "#0"
                },
                "down": {
                    "uv": [
                        4,
                        13,
                        7,
                        16
                    ],
                    "texture": "#0"
                }
            }
        },
        {
            "from": [
                7.9,
                7.20939,
                9.8482
            ],
            "to": [
                8.1,
                7.40939,
                11.8482
            ],
            "rotation": {
                "angle": 45,
                "axis": "x",
                "origin": [
                    7.5,
                    7.34969,
                    11.39149
                ]
            },
            "faces": {
                "north": {
                    "uv": [
                        4,
                        13,
                        7,
                        16
                    ],
                    "rotation": 180,
                    "texture": "#0"
                },
                "east": {
                    "uv": [
                        4,
                        13,
                        7,
                        16
                    ],
                    "rotation": 180,
                    "texture": "#0"
                },
                "south": {
                    "uv": [
                        4,
                        13,
                        7,
                        16
                    ],
                    "rotation": 180,
                    "texture": "#0"
                },
                "west": {
                    "uv": [
                        4,
                        13,
                        7,
                        16
                    ],
                    "rotation": 180,
                    "texture": "#0"
                },
                "up": {
                    "uv": [
                        4,
                        13,
                        7,
                        16
                    ],
                    "rotation": 180,
                    "texture": "#0"
                },
                "down": {
                    "uv": [
                        4,
                        13,
                        7,
                        16
                    ],
                    "rotation": 180,
                    "texture": "#0"
                }
            }
        },
        {
            "from": [
                7.9,
                7.36798,
                11.25119
            ],
            "to": [
                8.1,
                8.89298,
                11.45119
            ],
            "rotation": {
                "angle": -22.5,
                "axis": "x",
                "origin": [
                    7.5,
                    8.09969,
                    11.39149
                ]
            },
            "faces": {
                "north": {
                    "uv": [
                        4,
                        13,
                        7,
                        16
                    ],
                    "texture": "#0"
                },
                "east": {
                    "uv": [
                        4,
                        13,
                        7,
                        16
                    ],
                    "rotation": 90,
                    "texture": "#0"
                },
                "south": {
                    "uv": [
                        4,
                        13,
                        7,
                        16
                    ],
                    "rotation": 180,
                    "texture": "#0"
                },
                "west": {
                    "uv": [
                        4,
                        13,
                        7,
                        16
                    ],
                    "rotation": 270,
                    "texture": "#0"
                },
                "up": {
                    "uv": [
                        4,
                        13,
                        7,
                        16
                    ],
                    "texture": "#0"
                },
                "down": {
                    "uv": [
                        4,
                        13,
                        7,
                        16
                    ],
                    "rotation": 180,
                    "texture": "#0"
                }
            }
        },
        {
            "from": [
                7.65,
                8.3,
                -3
            ],
            "to": [
                8.35,
                9,
                -1
            ],
            "rotation": {
                "angle": 0,
                "axis": "y",
                "origin": [
                    7.5,
                    -4,
                    0
                ]
            },
            "faces": {
                "north": {
                    "uv": [
                        1,
                        9,
                        4,
                        11.9
                    ],
                    "texture": "#0"
                },
                "east": {
                    "uv": [
                        0,
                        0,
                        2,
                        2.7
                    ],
                    "texture": "#0"
                },
                "south": {
                    "uv": [
                        0,
                        0,
                        2,
                        2.7
                    ],
                    "texture": "#0"
                },
                "west": {
                    "uv": [
                        0,
                        0,
                        2,
                        2.7
                    ],
                    "texture": "#0"
                },
                "up": {
                    "uv": [
                        5,
                        3,
                        11,
                        6
                    ],
                    "rotation": 90,
                    "texture": "#0"
                },
                "down": {
                    "uv": [
                        3,
                        6,
                        5,
                        8.7
                    ],
                    "texture": "#0"
                }
            }
        },
        {
            "from": [
                7.5,
                8,
                12
            ],
            "to": [
                8.5,
                9,
                13
            ],
            "faces": {
                "north": {
                    "uv": [
                        5,
                        6,
                        8,
                        9
                    ],
                    "texture": "#0"
                },
                "east": {
                    "uv": [
                        2,
                        6,
                        5,
                        9
                    ],
                    "texture": "#0"
                },
                "south": {
                    "uv": [
                        4,
                        6,
                        7,
                        9
                    ],
                    "texture": "#0"
                },
                "west": {
                    "uv": [
                        3,
                        6,
                        6,
                        9
                    ],
                    "texture": "#0"
                },
                "up": {
                    "uv": [
                        1,
                        6,
                        4,
                        9
                    ],
                    "texture": "#0"
                },
                "down": {
                    "uv": [
                        0,
                        6,
                        3,
                        9
                    ],
                    "texture": "#0"
                }
            }
        },
        {
            "from": [
                7.5,
                8,
                13
            ],
            "to": [
                8.5,
                8.75,
                14
            ],
            "faces": {
                "north": {
                    "uv": [
                        2,
                        6,
                        5,
                        9
                    ],
                    "texture": "#0"
                },
                "east": {
                    "uv": [
                        7,
                        6,
                        10,
                        9
                    ],
                    "texture": "#0"
                },
                "south": {
                    "uv": [
                        1,
                        6,
                        4,
                        9
                    ],
                    "texture": "#0"
                },
                "west": {
                    "uv": [
                        5,
                        6,
                        8,
                        9
                    ],
                    "texture": "#0"
                },
                "up": {
                    "uv": [
                        3,
                        6,
                        6,
                        9
                    ],
                    "texture": "#0"
                },
                "down": {
                    "uv": [
                        0,
                        6,
                        3,
                        9
                    ],
                    "texture": "#0"
                }
            }
        },
        {
            "from": [
                7.5,
                7.5,
                14
            ],
            "to": [
                8.5,
                8.5,
                15
            ],
            "faces": {
                "north": {
                    "uv": [
                        8,
                        6,
                        11,
                        9
                    ],
                    "texture": "#0"
                },
                "east": {
                    "uv": [
                        12,
                        6,
                        15,
                        9
                    ],
                    "texture": "#0"
                },
                "south": {
                    "uv": [
                        9,
                        6,
                        12,
                        9
                    ],
                    "texture": "#0"
                },
                "west": {
                    "uv": [
                        10,
                        6,
                        13,
                        9
                    ],
                    "texture": "#0"
                },
                "up": {
                    "uv": [
                        13,
                        6,
                        16,
                        9
                    ],
                    "texture": "#0"
                },
                "down": {
                    "uv": [
                        11,
                        6,
                        14,
                        9
                    ],
                    "texture": "#0"
                }
            }
        },
        {
            "from": [
                7.5,
                7.25,
                15
            ],
            "to": [
                8.5,
                8.25,
                16
            ],
            "faces": {
                "north": {
                    "uv": [
                        4,
                        6,
                        7,
                        9
                    ],
                    "texture": "#0"
                },
                "east": {
                    "uv": [
                        9,
                        6,
                        12,
                        9
                    ],
                    "texture": "#0"
                },
                "south": {
                    "uv": [
                        10,
                        6,
                        13,
                        9
                    ],
                    "texture": "#0"
                },
                "west": {
                    "uv": [
                        11,
                        6,
                        14,
                        9
                    ],
                    "texture": "#0"
                },
                "up": {
                    "uv": [
                        13,
                        6,
                        16,
                        9
                    ],
                    "texture": "#0"
                },
                "down": {
                    "uv": [
                        12,
                        6,
                        15,
                        9
                    ],
                    "texture": "#0"
                }
            }
        },
        {
            "from": [
                7.5,
                6.175,
                16
            ],
            "to": [
                8.5,
                8,
                17
            ],
            "faces": {
                "north": {
                    "uv": [
                        8,
                        6,
                        14,
                        9
                    ],
                    "rotation": 90,
                    "texture": "#0"
                },
                "east": {
                    "uv": [
                        3,
                        6,
                        9,
                        9
                    ],
                    "rotation": 90,
                    "texture": "#0"
                },
                "south": {
                    "uv": [
                        6,
                        6,
                        12,
                        9
                    ],
                    "rotation": 90,
                    "texture": "#0"
                },
                "west": {
                    "uv": [
                        4,
                        6,
                        10,
                        9
                    ],
                    "rotation": 90,
                    "texture": "#0"
                },
                "up": {
                    "uv": [
                        13,
                        6,
                        16,
                        9
                    ],
                    "rotation": 90,
                    "texture": "#0"
                },
                "down": {
                    "uv": [
                        1,
                        6,
                        4,
                        9
                    ],
                    "rotation": 90,
                    "texture": "#0"
                }
            }
        }
    ],
    "display": {
        "thirdperson_righthand": {
            "translation": [
                -2,
                -1.5,
                -2.25
            ],
            "scale": [
                1,
                1.02,
                1
            ]
        },
        "thirdperson_lefthand": {
            "translation": [
                -2,
                -1.5,
                -2.25
            ]
        },
        "firstperson_righthand": {
            "translation": [
                -2.25,
                3.5,
                -0.5
            ]
        },
        "firstperson_lefthand": {
            "translation": [
                -2.25,
                3.5,
                0.5
            ]
        },
		"gui": {
			"rotation": [90, -45, 90],
			"translation": [-1.5, 0, 0]
		}
    }
}