{
    "credit": "Made with Blockbench",
    "textures": {
        "0": "item/sacred_treasure/carrot_on_a_stick/78/kaboom",
        "particle": "item/sacred_treasure/carrot_on_a_stick/78/kaboom"
    },
    "elements": [
        {
            "from": [
                4.16,
                0,
                4.16
            ],
            "to": [
                11.84,
                3.84,
                11.84
            ],
            "rotation": {
                "angle": 0,
                "axis": "y",
                "origin": [
                    8,
                    3.84,
                    8
                ]
            },
            "faces": {
                "north": {
                    "uv": [
                        0,
                        0,
                        16,
                        8
                    ],
                    "texture": "#0"
                },
                "east": {
                    "uv": [
                        0,
                        0,
                        16,
                        8
                    ],
                    "texture": "#0"
                },
                "south": {
                    "uv": [
                        0,
                        0,
                        16,
                        8
                    ],
                    "texture": "#0"
                },
                "west": {
                    "uv": [
                        0,
                        0,
                        16,
                        8
                    ],
                    "texture": "#0"
                },
                "up": {
                    "uv": [
                        0,
                        0,
                        16,
                        2
                    ],
                    "texture": "#0"
                },
                "down": {
                    "uv": [
                        0,
                        0,
                        16,
                        2
                    ],
                    "texture": "#0"
                }
            }
        },
        {
            "name": "hexadecagon",
            "from": [
                7.37939,
                3.88,
                4.88
            ],
            "to": [
                8.62061,
                5.12,
                11.12
            ],
            "rotation": {
                "angle": -45,
                "axis": "y",
                "origin": [
                    8,
                    4,
                    8
                ]
            },
            "faces": {
                "north": {
                    "uv": [
                        0,
                        8,
                        1,
                        9
                    ],
                    "texture": "#0"
                },
                "east": {
                    "uv": [
                        0,
                        8,
                        1,
                        9
                    ],
                    "texture": "#0"
                },
                "south": {
                    "uv": [
                        0,
                        8,
                        1,
                        9
                    ],
                    "texture": "#0"
                },
                "west": {
                    "uv": [
                        0,
                        8,
                        1,
                        9
                    ],
                    "texture": "#0"
                },
                "up": {
                    "uv": [
                        0,
                        8,
                        1,
                        9
                    ],
                    "texture": "#0"
                },
                "down": {
                    "uv": [
                        0,
                        8,
                        1,
                        9
                    ],
                    "texture": "#0"
                }
            }
        },
        {
            "name": "hexadecagon",
            "from": [
                7.37939,
                3.88,
                4.88
            ],
            "to": [
                8.62061,
                5.12,
                11.12
            ],
            "rotation": {
                "angle": -22.5,
                "axis": "y",
                "origin": [
                    8,
                    4,
                    8
                ]
            },
            "faces": {
                "north": {
                    "uv": [
                        0,
                        8,
                        1,
                        9
                    ],
                    "texture": "#0"
                },
                "east": {
                    "uv": [
                        0,
                        8,
                        1,
                        9
                    ],
                    "texture": "#0"
                },
                "south": {
                    "uv": [
                        0,
                        8,
                        1,
                        9
                    ],
                    "texture": "#0"
                },
                "west": {
                    "uv": [
                        0,
                        8,
                        1,
                        9
                    ],
                    "texture": "#0"
                },
                "up": {
                    "uv": [
                        0,
                        8,
                        1,
                        9
                    ],
                    "texture": "#0"
                },
                "down": {
                    "uv": [
                        0,
                        8,
                        1,
                        9
                    ],
                    "texture": "#0"
                }
            }
        },
        {
            "name": "hexadecagon",
            "from": [
                7.37939,
                3.88,
                4.88
            ],
            "to": [
                8.62061,
                5.12,
                11.12
            ],
            "rotation": {
                "angle": 0,
                "axis": "y",
                "origin": [
                    8,
                    4,
                    8
                ]
            },
            "faces": {
                "north": {
                    "uv": [
                        0,
                        8,
                        1,
                        9
                    ],
                    "texture": "#0"
                },
                "east": {
                    "uv": [
                        0,
                        8,
                        1,
                        9
                    ],
                    "texture": "#0"
                },
                "south": {
                    "uv": [
                        0,
                        8,
                        1,
                        9
                    ],
                    "texture": "#0"
                },
                "west": {
                    "uv": [
                        0,
                        8,
                        1,
                        9
                    ],
                    "texture": "#0"
                },
                "up": {
                    "uv": [
                        0,
                        8,
                        1,
                        9
                    ],
                    "texture": "#0"
                },
                "down": {
                    "uv": [
                        0,
                        8,
                        1,
                        9
                    ],
                    "texture": "#0"
                }
            }
        },
        {
            "name": "hexadecagon",
            "from": [
                7.37939,
                3.88,
                4.88
            ],
            "to": [
                8.62061,
                5.12,
                11.12
            ],
            "rotation": {
                "angle": 22.5,
                "axis": "y",
                "origin": [
                    8,
                    4,
                    8
                ]
            },
            "faces": {
                "north": {
                    "uv": [
                        0,
                        8,
                        1,
                        9
                    ],
                    "texture": "#0"
                },
                "east": {
                    "uv": [
                        0,
                        8,
                        1,
                        9
                    ],
                    "texture": "#0"
                },
                "south": {
                    "uv": [
                        0,
                        8,
                        1,
                        9
                    ],
                    "texture": "#0"
                },
                "west": {
                    "uv": [
                        0,
                        8,
                        1,
                        9
                    ],
                    "texture": "#0"
                },
                "up": {
                    "uv": [
                        0,
                        8,
                        1,
                        9
                    ],
                    "texture": "#0"
                },
                "down": {
                    "uv": [
                        0,
                        8,
                        1,
                        9
                    ],
                    "texture": "#0"
                }
            }
        },
        {
            "name": "hexadecagon",
            "from": [
                7.37939,
                3.88,
                4.88
            ],
            "to": [
                8.62061,
                5.12,
                11.12
            ],
            "rotation": {
                "angle": 45,
                "axis": "y",
                "origin": [
                    8,
                    4,
                    8
                ]
            },
            "faces": {
                "north": {
                    "uv": [
                        0,
                        8,
                        1,
                        9
                    ],
                    "texture": "#0"
                },
                "east": {
                    "uv": [
                        0,
                        8,
                        1,
                        9
                    ],
                    "texture": "#0"
                },
                "south": {
                    "uv": [
                        0,
                        8,
                        1,
                        9
                    ],
                    "texture": "#0"
                },
                "west": {
                    "uv": [
                        0,
                        8,
                        1,
                        9
                    ],
                    "texture": "#0"
                },
                "up": {
                    "uv": [
                        0,
                        8,
                        1,
                        9
                    ],
                    "texture": "#0"
                },
                "down": {
                    "uv": [
                        0,
                        8,
                        1,
                        9
                    ],
                    "texture": "#0"
                }
            }
        },
        {
            "name": "hexadecagon",
            "from": [
                4.88,
                3.88,
                7.37939
            ],
            "to": [
                11.12,
                5.12,
                8.62061
            ],
            "rotation": {
                "angle": -22.5,
                "axis": "y",
                "origin": [
                    8,
                    4,
                    8
                ]
            },
            "faces": {
                "north": {
                    "uv": [
                        0,
                        8,
                        1,
                        9
                    ],
                    "texture": "#0"
                },
                "east": {
                    "uv": [
                        0,
                        8,
                        1,
                        9
                    ],
                    "texture": "#0"
                },
                "south": {
                    "uv": [
                        0,
                        8,
                        1,
                        9
                    ],
                    "texture": "#0"
                },
                "west": {
                    "uv": [
                        0,
                        8,
                        1,
                        9
                    ],
                    "texture": "#0"
                },
                "up": {
                    "uv": [
                        0,
                        8,
                        1,
                        9
                    ],
                    "texture": "#0"
                },
                "down": {
                    "uv": [
                        0,
                        8,
                        1,
                        9
                    ],
                    "texture": "#0"
                }
            }
        },
        {
            "name": "hexadecagon",
            "from": [
                4.88,
                3.88,
                7.37939
            ],
            "to": [
                11.12,
                5.12,
                8.62061
            ],
            "rotation": {
                "angle": 0,
                "axis": "y",
                "origin": [
                    8,
                    4,
                    8
                ]
            },
            "faces": {
                "north": {
                    "uv": [
                        0,
                        8,
                        1,
                        9
                    ],
                    "texture": "#0"
                },
                "east": {
                    "uv": [
                        0,
                        8,
                        1,
                        9
                    ],
                    "texture": "#0"
                },
                "south": {
                    "uv": [
                        0,
                        8,
                        1,
                        9
                    ],
                    "texture": "#0"
                },
                "west": {
                    "uv": [
                        0,
                        8,
                        1,
                        9
                    ],
                    "texture": "#0"
                },
                "up": {
                    "uv": [
                        0,
                        8,
                        1,
                        9
                    ],
                    "texture": "#0"
                },
                "down": {
                    "uv": [
                        0,
                        8,
                        1,
                        9
                    ],
                    "texture": "#0"
                }
            }
        },
        {
            "name": "hexadecagon",
            "from": [
                4.88,
                3.88,
                7.37939
            ],
            "to": [
                11.12,
                5.12,
                8.62061
            ],
            "rotation": {
                "angle": 22.5,
                "axis": "y",
                "origin": [
                    8,
                    4,
                    8
                ]
            },
            "faces": {
                "north": {
                    "uv": [
                        0,
                        8,
                        1,
                        9
                    ],
                    "texture": "#0"
                },
                "east": {
                    "uv": [
                        0,
                        8,
                        1,
                        9
                    ],
                    "texture": "#0"
                },
                "south": {
                    "uv": [
                        0,
                        8,
                        1,
                        9
                    ],
                    "texture": "#0"
                },
                "west": {
                    "uv": [
                        0,
                        8,
                        1,
                        9
                    ],
                    "texture": "#0"
                },
                "up": {
                    "uv": [
                        0,
                        8,
                        1,
                        9
                    ],
                    "texture": "#0"
                },
                "down": {
                    "uv": [
                        0,
                        8,
                        1,
                        9
                    ],
                    "texture": "#0"
                }
            }
        },
        {
            "from": [
                6.01,
                5.125,
                6.01
            ],
            "to": [
                9.99,
                5.15,
                9.99
            ],
            "rotation": {
                "angle": 0,
                "axis": "y",
                "origin": [
                    8,
                    5.1375,
                    8
                ]
            },
            "faces": {
                "north": {
                    "uv": [
                        1,
                        8,
                        2,
                        9
                    ],
                    "texture": "#0"
                },
                "east": {
                    "uv": [
                        1,
                        8,
                        2,
                        9
                    ],
                    "texture": "#0"
                },
                "south": {
                    "uv": [
                        1,
                        8,
                        2,
                        9
                    ],
                    "texture": "#0"
                },
                "west": {
                    "uv": [
                        1,
                        8,
                        2,
                        9
                    ],
                    "texture": "#0"
                },
                "up": {
                    "uv": [
                        1,
                        8,
                        9,
                        16
                    ],
                    "rotation": 180,
                    "texture": "#0"
                },
                "down": {
                    "uv": [
                        1,
                        8,
                        2,
                        9
                    ],
                    "texture": "#0"
                }
            }
        }
    ],
    "display": {
        "thirdperson_righthand": {
            "translation": [
                -0.5,
                1.5,
                0
            ],
            "scale": [
                0.22,
                0.22,
                0.22
            ]
        },
        "thirdperson_lefthand": {
            "translation": [
                -0.5,
                1.5,
                0
            ],
            "scale": [
                0.22,
                0.22,
                0.22
            ]
        },
        "firstperson_righthand": {
            "rotation": [
                -6,
                156,
                0
            ],
            "translation": [
                0,
                5.5,
                0
            ]
        },
        "firstperson_lefthand": {
            "rotation": [
                -6,
                156,
                0
            ],
            "translation": [
                0,
                5.5,
                0
            ]
        },
        "ground": {
            "translation": [
                0,
                0.25,
                0
            ],
            "scale": [
                0.49,
                0.49,
                0.49
            ]
        },
        "gui": {
            "rotation": [
                28,
                -147,
                -1
            ],
            "translation": [
                0,
                4.75,
                -7.75
            ]
        },
        "fixed": {
            "rotation": [
                -90,
                0,
                0
            ],
            "translation": [
                0,
                0,
                -7.75
            ]
        }
    },
    "groups": [
        0,
        {
            "name": "hexadecagon",
            "origin": [
                8,
                8,
                8
            ],
            "children": [
                1,
                2,
                3,
                4,
                5,
                6,
                7,
                8,
                9
            ]
        }
    ]
}