{
    "credit": "Made with Blockbench",
    "texture_size": [
        32,
        32
    ],
    "textures": {
        "1": "item/sacred_treasure/carrot_on_a_stick/793/queenbee"
    },
    "elements": [
        {
            "from": [
                7.25,
                4.75,
                7.75
            ],
            "to": [
                8.75,
                8.75,
                9.75
            ],
            "rotation": {
                "angle": 0,
                "axis": "y",
                "origin": [
                    7.75,
                    1.25,
                    9.5
                ]
            },
            "faces": {
                "north": {
                    "uv": [
                        9,
                        10,
                        10,
                        12
                    ],
                    "texture": "#1"
                },
                "east": {
                    "uv": [
                        10,
                        10,
                        11,
                        12
                    ],
                    "texture": "#1"
                },
                "south": {
                    "uv": [
                        10.5,
                        0,
                        11.5,
                        2
                    ],
                    "texture": "#1"
                },
                "west": {
                    "uv": [
                        11,
                        10,
                        12,
                        12
                    ],
                    "texture": "#1"
                },
                "up": {
                    "uv": [
                        12,
                        9,
                        11,
                        8
                    ],
                    "texture": "#1"
                },
                "down": {
                    "uv": [
                        4,
                        11.5,
                        3,
                        12.5
                    ],
                    "texture": "#1"
                }
            }
        },
        {
            "from": [
                7.25,
                7.25,
                -1.75
            ],
            "to": [
                8.75,
                8.75,
                4.25
            ],
            "rotation": {
                "angle": 0,
                "axis": "y",
                "origin": [
                    7.75,
                    2.25,
                    9.5
                ]
            },
            "faces": {
                "north": {
                    "uv": [
                        11.5,
                        3,
                        12.5,
                        4
                    ],
                    "texture": "#1"
                },
                "east": {
                    "uv": [
                        5,
                        8,
                        8,
                        9
                    ],
                    "texture": "#1"
                },
                "south": {
                    "uv": [
                        4,
                        11.5,
                        5,
                        12.5
                    ],
                    "texture": "#1"
                },
                "west": {
                    "uv": [
                        8,
                        8,
                        11,
                        9
                    ],
                    "texture": "#1"
                },
                "up": {
                    "uv": [
                        10,
                        5,
                        9,
                        2
                    ],
                    "texture": "#1"
                },
                "down": {
                    "uv": [
                        6,
                        9,
                        5,
                        12
                    ],
                    "texture": "#1"
                }
            }
        },
        {
            "from": [
                5.25,
                11.75,
                2.25
            ],
            "to": [
                10.75,
                14.25,
                4.25
            ],
            "rotation": {
                "angle": 0,
                "axis": "y",
                "origin": [
                    7.75,
                    2.25,
                    9.5
                ]
            },
            "faces": {
                "north": {
                    "uv": [
                        4,
                        2,
                        7,
                        3.5
                    ],
                    "texture": "#1"
                },
                "east": {
                    "uv": [
                        11.5,
                        0,
                        12.5,
                        1.5
                    ],
                    "texture": "#1"
                },
                "south": {
                    "uv": [
                        4,
                        3.5,
                        7,
                        5
                    ],
                    "texture": "#1"
                },
                "west": {
                    "uv": [
                        11.5,
                        1.5,
                        12.5,
                        3
                    ],
                    "texture": "#1"
                },
                "up": {
                    "uv": [
                        9,
                        10,
                        6,
                        9
                    ],
                    "texture": "#1"
                },
                "down": {
                    "uv": [
                        12,
                        6,
                        9,
                        7
                    ],
                    "texture": "#1"
                }
            }
        },
        {
            "from": [
                5.25,
                10.25,
                -0.25
            ],
            "to": [
                7.25,
                11.75,
                1.75
            ],
            "rotation": {
                "angle": 0,
                "axis": "y",
                "origin": [
                    7.75,
                    2.25,
                    9.5
                ]
            },
            "faces": {
                "north": {
                    "uv": [
                        7,
                        11.5,
                        8,
                        12.5
                    ],
                    "texture": "#1"
                },
                "east": {
                    "uv": [
                        11.5,
                        7,
                        12.5,
                        8
                    ],
                    "texture": "#1"
                },
                "south": {
                    "uv": [
                        8,
                        11.5,
                        9,
                        12.5
                    ],
                    "texture": "#1"
                },
                "west": {
                    "uv": [
                        11.5,
                        9,
                        12.5,
                        10
                    ],
                    "texture": "#1"
                },
                "up": {
                    "uv": [
                        6,
                        13,
                        5,
                        12
                    ],
                    "texture": "#1"
                },
                "down": {
                    "uv": [
                        13,
                        6,
                        12,
                        7
                    ],
                    "texture": "#1"
                }
            }
        },
        {
            "from": [
                5.25,
                11.25,
                2.75
            ],
            "to": [
                7.25,
                11.75,
                4.25
            ],
            "rotation": {
                "angle": 0,
                "axis": "y",
                "origin": [
                    7.75,
                    2.25,
                    9.5
                ]
            },
            "faces": {
                "north": {
                    "uv": [
                        12.5,
                        7,
                        13.5,
                        7.5
                    ],
                    "texture": "#1"
                },
                "east": {
                    "uv": [
                        7.5,
                        12.5,
                        8.5,
                        13
                    ],
                    "texture": "#1"
                },
                "south": {
                    "uv": [
                        12.5,
                        7.5,
                        13.5,
                        8
                    ],
                    "texture": "#1"
                },
                "west": {
                    "uv": [
                        12.5,
                        9,
                        13.5,
                        9.5
                    ],
                    "texture": "#1"
                },
                "up": {
                    "uv": [
                        13,
                        9,
                        12,
                        8
                    ],
                    "texture": "#1"
                },
                "down": {
                    "uv": [
                        10,
                        12,
                        9,
                        13
                    ],
                    "texture": "#1"
                }
            }
        },
        {
            "from": [
                5.25,
                11.75,
                -0.25
            ],
            "to": [
                10.25,
                14.25,
                2.25
            ],
            "rotation": {
                "angle": 0,
                "axis": "y",
                "origin": [
                    7.75,
                    2.25,
                    9.5
                ]
            },
            "faces": {
                "north": {
                    "uv": [
                        4,
                        5,
                        6.5,
                        6.5
                    ],
                    "texture": "#1"
                },
                "east": {
                    "uv": [
                        3.5,
                        10,
                        5,
                        11.5
                    ],
                    "texture": "#1"
                },
                "south": {
                    "uv": [
                        4,
                        6.5,
                        6.5,
                        8
                    ],
                    "texture": "#1"
                },
                "west": {
                    "uv": [
                        10,
                        3.5,
                        11.5,
                        5
                    ],
                    "texture": "#1"
                },
                "up": {
                    "uv": [
                        9,
                        6.5,
                        6.5,
                        5
                    ],
                    "texture": "#1"
                },
                "down": {
                    "uv": [
                        9,
                        6.5,
                        6.5,
                        8
                    ],
                    "texture": "#1"
                }
            }
        },
        {
            "from": [
                7.25,
                8.75,
                -1.75
            ],
            "to": [
                8.75,
                9.75,
                9.75
            ],
            "rotation": {
                "angle": 0,
                "axis": "y",
                "origin": [
                    7.75,
                    2.25,
                    9.5
                ]
            },
            "faces": {
                "north": {
                    "uv": [
                        12.5,
                        4.5,
                        13.5,
                        5
                    ],
                    "texture": "#1"
                },
                "east": {
                    "uv": [
                        9,
                        5,
                        15,
                        5.5
                    ],
                    "texture": "#1"
                },
                "south": {
                    "uv": [
                        6,
                        12.5,
                        7,
                        13
                    ],
                    "texture": "#1"
                },
                "west": {
                    "uv": [
                        9,
                        5.5,
                        15,
                        6
                    ],
                    "texture": "#1"
                },
                "up": {
                    "uv": [
                        3,
                        8,
                        2,
                        2
                    ],
                    "texture": "#1"
                },
                "down": {
                    "uv": [
                        4,
                        2,
                        3,
                        8
                    ],
                    "texture": "#1"
                }
            }
        },
        {
            "from": [
                7.75,
                8.25,
                6.25
            ],
            "to": [
                8.25,
                10.25,
                6.75
            ],
            "rotation": {
                "angle": 45,
                "axis": "x",
                "origin": [
                    8,
                    7.75,
                    6.5
                ]
            },
            "faces": {
                "north": {
                    "uv": [
                        12,
                        12,
                        12.5,
                        13
                    ],
                    "texture": "#1"
                },
                "east": {
                    "uv": [
                        0,
                        12.5,
                        0.5,
                        13.5
                    ],
                    "texture": "#1"
                },
                "south": {
                    "uv": [
                        12.5,
                        0,
                        13,
                        1
                    ],
                    "texture": "#1"
                },
                "west": {
                    "uv": [
                        0.5,
                        12.5,
                        1,
                        13.5
                    ],
                    "texture": "#1"
                },
                "up": {
                    "uv": [
                        9,
                        13,
                        8.5,
                        12.5
                    ],
                    "texture": "#1"
                },
                "down": {
                    "uv": [
                        13,
                        9.5,
                        12.5,
                        10
                    ],
                    "texture": "#1"
                }
            }
        },
        {
            "from": [
                6.5,
                9.25,
                -6.75
            ],
            "to": [
                9.5,
                12.25,
                -2.75
            ],
            "rotation": {
                "angle": 0,
                "axis": "y",
                "origin": [
                    8.5,
                    2.25,
                    9.5
                ]
            },
            "faces": {
                "north": {
                    "uv": [
                        2,
                        10,
                        3.5,
                        11.5
                    ],
                    "texture": "#1"
                },
                "east": {
                    "uv": [
                        7,
                        2,
                        9,
                        3.5
                    ],
                    "texture": "#1"
                },
                "south": {
                    "uv": [
                        10,
                        2,
                        11.5,
                        3.5
                    ],
                    "texture": "#1"
                },
                "west": {
                    "uv": [
                        7,
                        3.5,
                        9,
                        5
                    ],
                    "texture": "#1"
                },
                "up": {
                    "uv": [
                        3.5,
                        10,
                        2,
                        8
                    ],
                    "texture": "#1"
                },
                "down": {
                    "uv": [
                        5,
                        8,
                        3.5,
                        10
                    ],
                    "texture": "#1"
                }
            }
        },
        {
            "from": [
                6.5,
                9.25,
                17.25
            ],
            "to": [
                9.5,
                12.25,
                18.25
            ],
            "rotation": {
                "angle": 0,
                "axis": "y",
                "origin": [
                    8.5,
                    2.25,
                    9.5
                ]
            },
            "faces": {
                "north": {
                    "uv": [
                        6,
                        10,
                        7.5,
                        11.5
                    ],
                    "texture": "#1"
                },
                "east": {
                    "uv": [
                        10,
                        12,
                        10.5,
                        13.5
                    ],
                    "texture": "#1"
                },
                "south": {
                    "uv": [
                        7.5,
                        10,
                        9,
                        11.5
                    ],
                    "texture": "#1"
                },
                "west": {
                    "uv": [
                        12,
                        10,
                        12.5,
                        11.5
                    ],
                    "texture": "#1"
                },
                "up": {
                    "uv": [
                        12,
                        12.5,
                        10.5,
                        12
                    ],
                    "texture": "#1"
                },
                "down": {
                    "uv": [
                        13.5,
                        11.5,
                        12,
                        12
                    ],
                    "texture": "#1"
                }
            }
        },
        {
            "from": [
                7,
                9.75,
                -2.75
            ],
            "to": [
                9,
                11.75,
                17.75
            ],
            "rotation": {
                "angle": 0,
                "axis": "y",
                "origin": [
                    8.5,
                    2.25,
                    9.5
                ]
            },
            "faces": {
                "north": {
                    "uv": [
                        11.5,
                        4,
                        12.5,
                        5
                    ],
                    "texture": "#1"
                },
                "east": {
                    "uv": [
                        0,
                        0,
                        10.5,
                        1
                    ],
                    "texture": "#1"
                },
                "south": {
                    "uv": [
                        6,
                        11.5,
                        7,
                        12.5
                    ],
                    "texture": "#1"
                },
                "west": {
                    "uv": [
                        0,
                        1,
                        10.5,
                        2
                    ],
                    "texture": "#1"
                },
                "up": {
                    "uv": [
                        1,
                        12.5,
                        0,
                        2
                    ],
                    "texture": "#1"
                },
                "down": {
                    "uv": [
                        2,
                        2,
                        1,
                        12.5
                    ],
                    "texture": "#1"
                }
            }
        },
        {
            "from": [
                6.5,
                9.15,
                12.25
            ],
            "to": [
                7,
                11.15,
                17.25
            ],
            "rotation": {
                "angle": 22.5,
                "axis": "z",
                "origin": [
                    6.75,
                    10.75,
                    15.25
                ]
            },
            "faces": {
                "north": {
                    "uv": [
                        4.5,
                        12.5,
                        5,
                        13.5
                    ],
                    "texture": "#1"
                },
                "east": {
                    "uv": [
                        9,
                        7,
                        11.5,
                        8
                    ],
                    "texture": "#1"
                },
                "south": {
                    "uv": [
                        7,
                        12.5,
                        7.5,
                        13.5
                    ],
                    "texture": "#1"
                },
                "west": {
                    "uv": [
                        9,
                        9,
                        11.5,
                        10
                    ],
                    "texture": "#1"
                },
                "up": {
                    "uv": [
                        2.5,
                        14,
                        2,
                        11.5
                    ],
                    "texture": "#1"
                },
                "down": {
                    "uv": [
                        3,
                        11.5,
                        2.5,
                        14
                    ],
                    "texture": "#1"
                }
            }
        },
        {
            "from": [
                7.75,
                7.25,
                5.75
            ],
            "to": [
                8.25,
                7.75,
                7.75
            ],
            "rotation": {
                "angle": 0,
                "axis": "y",
                "origin": [
                    7.75,
                    1.25,
                    9.5
                ]
            },
            "faces": {
                "north": {
                    "uv": [
                        12.5,
                        10,
                        13,
                        10.5
                    ],
                    "texture": "#1"
                },
                "east": {
                    "uv": [
                        1,
                        12.5,
                        2,
                        13
                    ],
                    "texture": "#1"
                },
                "south": {
                    "uv": [
                        10.5,
                        12.5,
                        11,
                        13
                    ],
                    "texture": "#1"
                },
                "west": {
                    "uv": [
                        12.5,
                        1,
                        13.5,
                        1.5
                    ],
                    "texture": "#1"
                },
                "up": {
                    "uv": [
                        13,
                        2.5,
                        12.5,
                        1.5
                    ],
                    "texture": "#1"
                },
                "down": {
                    "uv": [
                        13,
                        2.5,
                        12.5,
                        3.5
                    ],
                    "texture": "#1"
                }
            }
        },
        {
            "from": [
                7.75,
                7.25,
                5.25
            ],
            "to": [
                8.25,
                8.75,
                5.75
            ],
            "rotation": {
                "angle": 0,
                "axis": "y",
                "origin": [
                    7.75,
                    1.25,
                    9.5
                ]
            },
            "faces": {
                "north": {
                    "uv": [
                        3,
                        12.5,
                        3.5,
                        13.5
                    ],
                    "texture": "#1"
                },
                "east": {
                    "uv": [
                        3.5,
                        12.5,
                        4,
                        13.5
                    ],
                    "texture": "#1"
                },
                "south": {
                    "uv": [
                        12.5,
                        3.5,
                        13,
                        4.5
                    ],
                    "texture": "#1"
                },
                "west": {
                    "uv": [
                        4,
                        12.5,
                        4.5,
                        13.5
                    ],
                    "texture": "#1"
                },
                "up": {
                    "uv": [
                        13,
                        11,
                        12.5,
                        10.5
                    ],
                    "texture": "#1"
                },
                "down": {
                    "uv": [
                        11.5,
                        12.5,
                        11,
                        13
                    ],
                    "texture": "#1"
                }
            }
        }
    ],
    "display": {
        "thirdperson_righthand": {
            "translation": [
                -0.75,
                -1.5,
                0.75
            ],
            "scale": [
                1.13,
                1.13,
                1.13
            ]
        },
        "thirdperson_lefthand": {
            "translation": [
                -0.75,
                -1.5,
                0.75
            ],
            "scale": [
                1.13,
                1.13,
                1.13
            ]
        },
        "firstperson_righthand": {
            "translation": [
                -0.25,
                3.5,
                3.5
            ],
            "scale": [
                1.28,
                1.28,
                1.28
            ]
        },
        "firstperson_lefthand": {
            "translation": [
                -0.25,
                3.5,
                3.5
            ],
            "scale": [
                1.28,
                1.28,
                1.28
            ]
        },
        "ground": {
            "rotation": [
                45,
                0,
                0
            ],
            "translation": [
                0,
                0.5,
                0
            ],
            "scale": [
                0.7,
                0.7,
                0.7
            ]
        },
        "gui": {
            "rotation": [
                -90,
                -132,
                -90
            ],
            "translation": [
                0,
                -3,
                0
            ],
            "scale": [
                0.79,
                0.79,
                0.79
            ]
        },
        "fixed": {
            "rotation": [
                -90,
                130,
                90
            ],
            "translation": [
                0,
                -3,
                0
            ],
            "scale": [
                0.82,
                0.82,
                0.82
            ]
        }
    },
    "groups": [
        0,
        1,
        2,
        3,
        4,
        5,
        6,
        7,
        8,
        9,
        10,
        11,
        12,
        13,
        {
            "name": "group",
            "origin": [
                8.5,
                2.25,
                9.5
            ],
            "color": 0,
            "children": []
        }
    ]
}