{
	"credit": "Made with Blockbench",
	"texture_size": [48, 48],
	"textures": {
		"2": "item/sacred_treasure/carrot_on_a_stick/976/sword",
		"particle": "item/sacred_treasure/carrot_on_a_stick/976/sword"
	},
	"elements": [
		{
			"from": [7.5, 20, 8.5],
			"to": [8.5, 22, 9.5],
			"rotation": {"angle": 0, "axis": "y", "origin": [8, 3, 8]},
			"faces": {
				"north": {"uv": [7.33333, 0.66667, 7.66667, 1.33333], "texture": "#2"},
				"east": {"uv": [6, 9, 6.33333, 9.66667], "texture": "#2"},
				"south": {"uv": [6.33333, 9, 6.66667, 9.66667], "texture": "#2"},
				"west": {"uv": [6.66667, 9, 7, 9.66667], "texture": "#2"},
				"up": {"uv": [1, 10.33333, 0.66667, 10], "texture": "#2"},
				"down": {"uv": [10.33333, 0.66667, 10, 1], "texture": "#2"}
			}
		},
		{
			"from": [7.5, 20, 6.5],
			"to": [8.5, 22, 7.5],
			"rotation": {"angle": 0, "axis": "y", "origin": [8, 3, 8]},
			"faces": {
				"north": {"uv": [7.66667, 9, 8, 9.66667], "texture": "#2"},
				"east": {"uv": [8, 9, 8.33333, 9.66667], "texture": "#2"},
				"south": {"uv": [9, 8, 9.33333, 8.66667], "texture": "#2"},
				"west": {"uv": [8.33333, 9, 8.66667, 9.66667], "texture": "#2"},
				"up": {"uv": [1.33333, 10.33333, 1, 10], "texture": "#2"},
				"down": {"uv": [10.33333, 1, 10, 1.33333], "texture": "#2"}
			}
		},
		{
			"from": [7.5, 22, 7.5],
			"to": [8.5, 23, 8.5],
			"rotation": {"angle": 0, "axis": "y", "origin": [8, 3, 8]},
			"faces": {
				"north": {"uv": [1.33333, 10, 1.66667, 10.33333], "texture": "#2"},
				"east": {"uv": [1.66667, 10, 2, 10.33333], "texture": "#2"},
				"south": {"uv": [2, 10, 2.33333, 10.33333], "texture": "#2"},
				"west": {"uv": [10, 2, 10.33333, 2.33333], "texture": "#2"},
				"up": {"uv": [10.33333, 2.66667, 10, 2.33333], "texture": "#2"},
				"down": {"uv": [10.33333, 2.66667, 10, 3], "texture": "#2"}
			}
		},
		{
			"from": [7.5, 5, 9.5],
			"to": [8.5, 20, 10.5],
			"rotation": {"angle": 0, "axis": "y", "origin": [8, 3, 8]},
			"faces": {
				"north": {"uv": [2.33333, 5.66667, 2.66667, 10.66667], "texture": "#2"},
				"east": {"uv": [2.66667, 5.66667, 3, 10.66667], "texture": "#2"},
				"south": {"uv": [5.66667, 2.66667, 6, 7.66667], "texture": "#2"},
				"west": {"uv": [3, 5.66667, 3.33333, 10.66667], "texture": "#2"},
				"up": {"uv": [10.33333, 3.33333, 10, 3], "texture": "#2"},
				"down": {"uv": [10.33333, 3.33333, 10, 3.66667], "texture": "#2"}
			}
		},
		{
			"from": [7.5, 5, 5.5],
			"to": [8.5, 20, 6.5],
			"rotation": {"angle": 0, "axis": "y", "origin": [8, 3, 8]},
			"faces": {
				"north": {"uv": [3.33333, 5.66667, 3.66667, 10.66667], "texture": "#2"},
				"east": {"uv": [3.66667, 5.66667, 4, 10.66667], "texture": "#2"},
				"south": {"uv": [5, 5.66667, 5.33333, 10.66667], "texture": "#2"},
				"west": {"uv": [5.33333, 5.66667, 5.66667, 10.66667], "texture": "#2"},
				"up": {"uv": [10.33333, 4, 10, 3.66667], "texture": "#2"},
				"down": {"uv": [10.33333, 4, 10, 4.33333], "texture": "#2"}
			}
		},
		{
			"from": [7, 3, 6.5],
			"to": [9, 20, 7.5],
			"rotation": {"angle": 0, "axis": "y", "origin": [8, 3, 8]},
			"faces": {
				"north": {"uv": [0, 0, 0.66667, 5.66667], "texture": "#2"},
				"east": {"uv": [5, 0, 5.33333, 5.66667], "texture": "#2"},
				"south": {"uv": [0.66667, 0, 1.33333, 5.66667], "texture": "#2"},
				"west": {"uv": [5.33333, 0, 5.66667, 5.66667], "texture": "#2"},
				"up": {"uv": [7, 2.66667, 6.33333, 2.33333], "texture": "#2"},
				"down": {"uv": [9.66667, 4.33333, 9, 4.66667], "texture": "#2"}
			}
		},
		{
			"from": [7, 3, 8.5],
			"to": [9, 20, 9.5],
			"rotation": {"angle": 0, "axis": "y", "origin": [8, 3, 8]},
			"faces": {
				"north": {"uv": [1.33333, 0, 2, 5.66667], "texture": "#2"},
				"east": {"uv": [4, 5.33333, 4.33333, 11], "texture": "#2"},
				"south": {"uv": [2, 0, 2.66667, 5.66667], "texture": "#2"},
				"west": {"uv": [4.33333, 5.33333, 4.66667, 11], "texture": "#2"},
				"up": {"uv": [9.33333, 9.33333, 8.66667, 9], "texture": "#2"},
				"down": {"uv": [10, 0.66667, 9.33333, 1], "texture": "#2"}
			}
		},
		{
			"from": [7, 5, 7.5],
			"to": [9, 22, 8.5],
			"rotation": {"angle": 0, "axis": "y", "origin": [8, 3, 8]},
			"faces": {
				"north": {"uv": [2.66667, 0, 3.33333, 5.66667], "texture": "#2"},
				"east": {"uv": [4.66667, 5.33333, 5, 11], "texture": "#2"},
				"south": {"uv": [3.33333, 0, 4, 5.66667], "texture": "#2"},
				"west": {"uv": [0, 5.66667, 0.33333, 11.33333], "texture": "#2"},
				"up": {"uv": [10, 1.33333, 9.33333, 1], "texture": "#2"},
				"down": {"uv": [10, 8, 9.33333, 8.33333], "texture": "#2"}
			}
		},
		{
			"from": [7, 0, 6.5],
			"to": [9, 1, 9.5],
			"rotation": {"angle": 0, "axis": "y", "origin": [8, 3, 8]},
			"faces": {
				"north": {"uv": [9.33333, 8.33333, 10, 8.66667], "texture": "#2"},
				"east": {"uv": [8.66667, 1.33333, 9.66667, 1.66667], "texture": "#2"},
				"south": {"uv": [8.66667, 9.33333, 9.33333, 9.66667], "texture": "#2"},
				"west": {"uv": [8.66667, 1.66667, 9.66667, 2], "texture": "#2"},
				"up": {"uv": [7, 2.33333, 6.33333, 1.33333], "texture": "#2"},
				"down": {"uv": [6.66667, 7.33333, 6, 8.33333], "texture": "#2"}
			}
		},
		{
			"from": [7.5, 1, 6.5],
			"to": [8.5, 6, 9.5],
			"rotation": {"angle": 0, "axis": "y", "origin": [8, 3, 8]},
			"faces": {
				"north": {"uv": [6.66667, 7.33333, 7, 9], "texture": "#2"},
				"east": {"uv": [6, 2.66667, 7, 4.33333], "texture": "#2"},
				"south": {"uv": [5.66667, 7.66667, 6, 9.33333], "texture": "#2"},
				"west": {"uv": [6, 4.33333, 7, 6], "texture": "#2"},
				"up": {"uv": [9, 3, 8.66667, 2], "texture": "#2"},
				"down": {"uv": [9, 3, 8.66667, 4], "texture": "#2"}
			}
		},
		{
			"from": [7.5, 0, 4.5],
			"to": [8.5, 5, 5.5],
			"rotation": {"angle": 0, "axis": "y", "origin": [8, 3, 8]},
			"faces": {
				"north": {"uv": [7.66667, 7.33333, 8, 9], "texture": "#2"},
				"east": {"uv": [7, 8, 7.33333, 9.66667], "texture": "#2"},
				"south": {"uv": [7.33333, 8, 7.66667, 9.66667], "texture": "#2"},
				"west": {"uv": [8, 7.33333, 8.33333, 9], "texture": "#2"},
				"up": {"uv": [10.33333, 5.66667, 10, 5.33333], "texture": "#2"},
				"down": {"uv": [6, 10, 5.66667, 10.33333], "texture": "#2"}
			}
		},
		{
			"from": [7.5, 0, 10.5],
			"to": [8.5, 5, 11.5],
			"rotation": {"angle": 0, "axis": "y", "origin": [8, 3, 8]},
			"faces": {
				"north": {"uv": [0.33333, 8.33333, 0.66667, 10], "texture": "#2"},
				"east": {"uv": [0.66667, 8.33333, 1, 10], "texture": "#2"},
				"south": {"uv": [8.33333, 0.66667, 8.66667, 2.33333], "texture": "#2"},
				"west": {"uv": [1, 8.33333, 1.33333, 10], "texture": "#2"},
				"up": {"uv": [10.33333, 6, 10, 5.66667], "texture": "#2"},
				"down": {"uv": [6.33333, 10, 6, 10.33333], "texture": "#2"}
			}
		},
		{
			"from": [7, 0, 9.5],
			"to": [9, 5, 10.5],
			"rotation": {"angle": 0, "axis": "y", "origin": [8, 3, 8]},
			"faces": {
				"north": {"uv": [7, 1.33333, 7.66667, 3], "texture": "#2"},
				"east": {"uv": [1.33333, 8.33333, 1.66667, 10], "texture": "#2"},
				"south": {"uv": [7, 3, 7.66667, 4.66667], "texture": "#2"},
				"west": {"uv": [1.66667, 8.33333, 2, 10], "texture": "#2"},
				"up": {"uv": [10, 9, 9.33333, 8.66667], "texture": "#2"},
				"down": {"uv": [10, 9, 9.33333, 9.33333], "texture": "#2"}
			}
		},
		{
			"from": [7, 0, 5.5],
			"to": [9, 5, 6.5],
			"rotation": {"angle": 0, "axis": "y", "origin": [8, 3, 8]},
			"faces": {
				"north": {"uv": [7, 4.66667, 7.66667, 6.33333], "texture": "#2"},
				"east": {"uv": [2, 8.33333, 2.33333, 10], "texture": "#2"},
				"south": {"uv": [7, 6.33333, 7.66667, 8], "texture": "#2"},
				"west": {"uv": [8.33333, 2.33333, 8.66667, 4], "texture": "#2"},
				"up": {"uv": [10, 9.66667, 9.33333, 9.33333], "texture": "#2"},
				"down": {"uv": [10.33333, 1.33333, 9.66667, 1.66667], "texture": "#2"}
			}
		},
		{
			"name": "hilt",
			"from": [7, -10, 7],
			"to": [9, -2, 9],
			"rotation": {"angle": 0, "axis": "y", "origin": [8, 3, 8]},
			"faces": {
				"north": {"uv": [5.66667, 0, 6.33333, 2.66667], "texture": "#2"},
				"east": {"uv": [0.33333, 5.66667, 1, 8.33333], "texture": "#2"},
				"south": {"uv": [1, 5.66667, 1.66667, 8.33333], "texture": "#2"},
				"west": {"uv": [1.66667, 5.66667, 2.33333, 8.33333], "texture": "#2"},
				"up": {"uv": [9, 4.66667, 8.33333, 4], "texture": "#2"},
				"down": {"uv": [6.66667, 8.33333, 6, 9], "texture": "#2"}
			}
		},
		{
			"name": "hilt",
			"from": [6.5, -2, 6],
			"to": [9.5, -1, 10],
			"rotation": {"angle": 0, "axis": "y", "origin": [8, 3, 8]},
			"faces": {
				"north": {"uv": [8.66667, 4.66667, 9.66667, 5], "texture": "#2"},
				"east": {"uv": [8.33333, 7.33333, 9.66667, 7.66667], "texture": "#2"},
				"south": {"uv": [8.66667, 5, 9.66667, 5.33333], "texture": "#2"},
				"west": {"uv": [8.33333, 7.66667, 9.66667, 8], "texture": "#2"},
				"up": {"uv": [7, 7.33333, 6, 6], "texture": "#2"},
				"down": {"uv": [7.33333, 0, 6.33333, 1.33333], "texture": "#2"}
			}
		},
		{
			"name": "hilt",
			"from": [6.5, -1, 4],
			"to": [9.5, 0, 12],
			"rotation": {"angle": 0, "axis": "y", "origin": [8, 3, 8]},
			"faces": {
				"north": {"uv": [8.66667, 5.33333, 9.66667, 5.66667], "texture": "#2"},
				"east": {"uv": [7.33333, 0, 10, 0.33333], "texture": "#2"},
				"south": {"uv": [8.66667, 5.66667, 9.66667, 6], "texture": "#2"},
				"west": {"uv": [7.33333, 0.33333, 10, 0.66667], "texture": "#2"},
				"up": {"uv": [5, 2.66667, 4, 0], "texture": "#2"},
				"down": {"uv": [5, 2.66667, 4, 5.33333], "texture": "#2"}
			}
		},
		{
			"name": "hilt",
			"from": [7, -2, 10],
			"to": [9, -1, 13],
			"rotation": {"angle": 0, "axis": "y", "origin": [8, 3, 8]},
			"faces": {
				"north": {"uv": [9.66667, 1.66667, 10.33333, 2], "texture": "#2"},
				"east": {"uv": [8.66667, 6, 9.66667, 6.33333], "texture": "#2"},
				"south": {"uv": [9.66667, 4.33333, 10.33333, 4.66667], "texture": "#2"},
				"west": {"uv": [8.66667, 6.33333, 9.66667, 6.66667], "texture": "#2"},
				"up": {"uv": [8.33333, 1.66667, 7.66667, 0.66667], "texture": "#2"},
				"down": {"uv": [8.33333, 1.66667, 7.66667, 2.66667], "texture": "#2"}
			}
		},
		{
			"name": "hilt",
			"from": [7.5, -3, 9],
			"to": [8.5, -2, 11],
			"rotation": {"angle": 0, "axis": "y", "origin": [8, 3, 8]},
			"faces": {
				"north": {"uv": [6.33333, 10, 6.66667, 10.33333], "texture": "#2"},
				"east": {"uv": [9.66667, 4.66667, 10.33333, 5], "texture": "#2"},
				"south": {"uv": [10, 6.33333, 10.33333, 6.66667], "texture": "#2"},
				"west": {"uv": [9.66667, 5, 10.33333, 5.33333], "texture": "#2"},
				"up": {"uv": [6, 10, 5.66667, 9.33333], "texture": "#2"},
				"down": {"uv": [10, 5.33333, 9.66667, 6], "texture": "#2"}
			}
		},
		{
			"name": "hilt",
			"from": [7.5, -3, 5],
			"to": [8.5, -2, 7],
			"rotation": {"angle": 0, "axis": "y", "origin": [8, 3, 8]},
			"faces": {
				"north": {"uv": [10, 6.66667, 10.33333, 7], "texture": "#2"},
				"east": {"uv": [6, 9.66667, 6.66667, 10], "texture": "#2"},
				"south": {"uv": [7, 10, 7.33333, 10.33333], "texture": "#2"},
				"west": {"uv": [9.66667, 6, 10.33333, 6.33333], "texture": "#2"},
				"up": {"uv": [10, 7, 9.66667, 6.33333], "texture": "#2"},
				"down": {"uv": [7, 9.66667, 6.66667, 10.33333], "texture": "#2"}
			}
		},
		{
			"name": "hilt",
			"from": [7, -2, 3],
			"to": [9, -1, 6],
			"rotation": {"angle": 0, "axis": "y", "origin": [8, 3, 8]},
			"faces": {
				"north": {"uv": [7, 9.66667, 7.66667, 10], "texture": "#2"},
				"east": {"uv": [8.66667, 6.66667, 9.66667, 7], "texture": "#2"},
				"south": {"uv": [9.66667, 7, 10.33333, 7.33333], "texture": "#2"},
				"west": {"uv": [8.66667, 7, 9.66667, 7.33333], "texture": "#2"},
				"up": {"uv": [8.33333, 3.66667, 7.66667, 2.66667], "texture": "#2"},
				"down": {"uv": [8.33333, 3.66667, 7.66667, 4.66667], "texture": "#2"}
			}
		},
		{
			"name": "hilt",
			"from": [6.5, -13, 7.5],
			"to": [9.5, -12, 8.5],
			"rotation": {"angle": 0, "axis": "y", "origin": [8, 3, 8]},
			"faces": {
				"north": {"uv": [8.33333, 8.66667, 9.33333, 9], "texture": "#2"},
				"east": {"uv": [7.33333, 10, 7.66667, 10.33333], "texture": "#2"},
				"south": {"uv": [9, 2, 10, 2.33333], "texture": "#2"},
				"west": {"uv": [10, 7.33333, 10.33333, 7.66667], "texture": "#2"},
				"up": {"uv": [10, 2.66667, 9, 2.33333], "texture": "#2"},
				"down": {"uv": [10, 2.66667, 9, 3], "texture": "#2"}
			}
		},
		{
			"name": "hilt",
			"from": [6.5, -12, 6.5],
			"to": [9.5, -10, 7.5],
			"rotation": {"angle": 0, "axis": "y", "origin": [8, 3, 8]},
			"faces": {
				"north": {"uv": [7.66667, 4.66667, 8.66667, 5.33333], "texture": "#2"},
				"east": {"uv": [9.66667, 7.33333, 10, 8], "texture": "#2"},
				"south": {"uv": [7.66667, 5.33333, 8.66667, 6], "texture": "#2"},
				"west": {"uv": [7.66667, 9.66667, 8, 10.33333], "texture": "#2"},
				"up": {"uv": [10, 3.33333, 9, 3], "texture": "#2"},
				"down": {"uv": [10, 3.33333, 9, 3.66667], "texture": "#2"}
			}
		},
		{
			"name": "hilt",
			"from": [7, -12, 7.5],
			"to": [9, -10, 8.5],
			"rotation": {"angle": 0, "axis": "y", "origin": [8, 3, 8]},
			"faces": {
				"north": {"uv": [8.33333, 8, 9, 8.66667], "texture": "#2"},
				"east": {"uv": [8, 9.66667, 8.33333, 10.33333], "texture": "#2"},
				"south": {"uv": [8.66667, 0.66667, 9.33333, 1.33333], "texture": "#2"},
				"west": {"uv": [8.33333, 9.66667, 8.66667, 10.33333], "texture": "#2"},
				"up": {"uv": [9.33333, 10, 8.66667, 9.66667], "texture": "#2"},
				"down": {"uv": [10, 9.66667, 9.33333, 10], "texture": "#2"}
			}
		},
		{
			"name": "hilt",
			"from": [6.5, -12, 8.5],
			"to": [9.5, -10, 9.5],
			"rotation": {"angle": 0, "axis": "y", "origin": [8, 3, 8]},
			"faces": {
				"north": {"uv": [7.66667, 6, 8.66667, 6.66667], "texture": "#2"},
				"east": {"uv": [10, 0, 10.33333, 0.66667], "texture": "#2"},
				"south": {"uv": [7.66667, 6.66667, 8.66667, 7.33333], "texture": "#2"},
				"west": {"uv": [0.33333, 10, 0.66667, 10.66667], "texture": "#2"},
				"up": {"uv": [10, 4, 9, 3.66667], "texture": "#2"},
				"down": {"uv": [10, 4, 9, 4.33333], "texture": "#2"}
			}
		}
	],
	"gui_light": "front",
	"display": {
		"thirdperson_righthand": {
			"rotation": [-10, 0, 0],
			"translation": [0, 8.5, -0.5],
			"scale": [0.75, 0.75, 0.75]
		},
		"thirdperson_lefthand": {
			"rotation": [-10, 0, 0],
			"translation": [0, 8.5, -0.5],
			"scale": [0.75, 0.75, 0.75]
		},
		"firstperson_righthand": {
			"rotation": [5, 10, 0],
			"translation": [2.5, 6.5, -1.5],
			"scale": [0.7, 0.7, 0.7]
		},
		"firstperson_lefthand": {
			"rotation": [5, 15, 0],
			"translation": [2.5, 6.5, -1.5],
			"scale": [0.7, 0.7, 0.7]
		},
		"ground": {
			"rotation": [45, 0, 0],
			"translation": [0, 5, 0],
			"scale": [0.35, 0.35, 0.35]
		},
		"gui": {
			"rotation": [-90, 135, 90],
			"translation": [0.75, 0.75, 0],
			"scale": [0.5, 0.5, 0.5]
		},
		"fixed": {
			"rotation": [-90, 45, 90],
			"translation": [-0.5, 0.5, 0],
			"scale": [0.5, 0.5, 0.5]
		}
	},
	"groups": [
		{
			"name": "blade",
			"origin": [8, 7, 8],
			"color": 0,
			"children": [0, 1, 2, 3, 4, 5, 6, 7, 8, 9, 10, 11, 12, 13]
		},
		{
			"name": "hilt",
			"origin": [8, 7, 8],
			"color": 0,
			"children": [14, 15, 16, 17, 18, 19, 20, 21, 22, 23, 24]
		}
	]
}