{
    "parent": "item/handheld_tsb_32",
    "textures": {
        "layer0": "item/sacred_treasure/carrot_on_a_stick/985"
    },
    "display": {
        "thirdperson_righthand": {
            "rotation": [0, 90, 35],
            "translation": [0, 7, 0.5],
            "scale": [1.25, 1.25, 0.637]
        },
        "thirdperson_lefthand": {
            "rotation": [0, -90, -35],
            "translation": [0, 7, 0.5],
            "scale": [1.25, 1.25, 0.637]
        },
        "firstperson_righthand": {
            "rotation": [0, 90, 70],
            "translation": [0, 7, 2],
            "scale": [1.02, 1.02, 0.51]
        },
        "firstperson_lefthand": {
            "rotation": [0, -90, -70],
            "translation": [0, 7, 2],
            "scale": [1.02, 1.02, 0.51]
        }
    }
}