{
	"parent": "block/block",
	"textures": {
		"particle": "block/stonecutter_bottom",
		"bottom": "block/stonecutter_bottom",
		"top": "block/stonecutter_top",
		"side": "block/stonecutter_side",
		"saw": "block/stonecutter_saw"
	},
	"elements": [
		{
			"from": [9.6, 11.2, 5.6],
			"to": [12.3, 16, 10.4],
			"faces": {
				"north": {"uv": [0, 7, 16, 16], "rotation": 270, "texture": "#side", "cullface": "north"},
				"east": {"uv": [0, 0, 16, 16], "rotation": 90, "texture": "#top"},
				"south": {"uv": [0, 7, 16, 16], "rotation": 90, "texture": "#side", "cullface": "south"},
				"west": {"uv": [0, 0, 16, 16], "rotation": 90, "texture": "#bottom", "cullface": "down"},
				"up": {"uv": [0, 7, 16, 16], "rotation": 90, "texture": "#side", "cullface": "west"},
				"down": {"uv": [0, 7, 16, 16], "rotation": 90, "texture": "#side", "cullface": "east"}
			}
		},
		{
			"from": [12.3, 11.5, 8],
			"to": [14.4, 15.7, 8],
			"faces": {
				"north": {"uv": [1, 9, 15, 16], "rotation": 270, "texture": "#saw", "tintindex": 0},
				"south": {"uv": [1, 9, 15, 16], "rotation": 90, "texture": "#saw", "tintindex": 0}
			}
		},
		{
			"from": [3.7, 11.2, 5.6],
			"to": [6.4, 16, 10.4],
			"faces": {
				"north": {"uv": [0, 16, 16, 7], "rotation": 270, "texture": "#side", "cullface": "north"},
				"east": {"uv": [0, 16, 16, 0], "rotation": 90, "texture": "#bottom", "cullface": "down"},
				"south": {"uv": [0, 16, 16, 7], "rotation": 90, "texture": "#side", "cullface": "south"},
				"west": {"uv": [0, 16, 16, 0], "rotation": 90, "texture": "#top"},
				"up": {"uv": [0, 16, 16, 7], "rotation": 90, "texture": "#side", "cullface": "west"},
				"down": {"uv": [0, 16, 16, 7], "rotation": 90, "texture": "#side", "cullface": "east"}
			}
		},
		{
			"from": [1.6, 11.5, 8],
			"to": [3.7, 15.7, 8],
			"faces": {
				"north": {"uv": [1, 16, 15, 9], "rotation": 270, "texture": "#saw", "tintindex": 0},
				"south": {"uv": [1, 16, 15, 9], "rotation": 90, "texture": "#saw", "tintindex": 0}
			}
		},
		{
			"from": [7.5, -0.15, 7.5],
			"to": [8.5, 13.85, 8.5],
			"faces": {
				"north": {"uv": [1, 0, 2, 16], "texture": "#bottom"},
				"east": {"uv": [1, 0, 2, 16], "texture": "#bottom"},
				"south": {"uv": [1, 0, 2, 16], "texture": "#bottom"},
				"west": {"uv": [1, 0, 2, 16], "texture": "#bottom"},
				"up": {"uv": [0, 0, 1, 1], "texture": "#bottom"},
				"down": {"uv": [0, 0, 1, 1], "texture": "#bottom"}
			}
		},
		{
			"from": [6.05624, 11.67138, 6.05656],
			"to": [9.94344, 15.55858, 9.94376],
			"faces": {
				"north": {"uv": [0, 0, 16, 16], "texture": "#top"},
				"east": {"uv": [0, 0, 16, 16], "texture": "#top"},
				"south": {"uv": [0, 0, 16, 16], "texture": "#top"},
				"west": {"uv": [0, 0, 16, 16], "texture": "#top"},
				"up": {"uv": [0, 0, 16, 16], "texture": "#top"},
				"down": {"uv": [0, 0, 16, 16], "texture": "#top"}
			}
		}
	],
	"gui_light": "front",
	"display": {
		"thirdperson_righthand": {
			"rotation": [0, 90, 0],
			"translation": [-1, 7.5, 1.25],
			"scale": [1.83, 1.83, 1.83]
		},
		"thirdperson_lefthand": {
			"rotation": [0, -90, 0],
			"translation": [-1, 7.5, 1.25],
			"scale": [1.83, 1.83, 1.83]
		},
		"firstperson_righthand": {
			"rotation": [0, 90, -26],
			"translation": [0.25, 3.75, 2.25],
			"scale": [1.5, 1.5, 1.5]
		},
		"firstperson_lefthand": {
			"rotation": [0, -90, 26],
			"translation": [0.25, 3.75, 2.25],
			"scale": [1.5, 1.5, 1.5]
		},
		"ground": {
			"translation": [0, 2, 0],
			"scale": [0.75, 0.75, 0.75]
		},
		"gui": {
			"rotation": [0, 0, -45],
			"translation": [-1.25, -1.5, 0]
		},
		"head": {
			"translation": [0, -13.75, 0],
			"scale": [2.51, 2.51, 2.51]
		}
	},
	"groups": [
		{
			"name": "group",
			"origin": [8, 8, 8],
			"color": 0,
			"children": [0, 1]
		},
		{
			"name": "group2",
			"origin": [8, 8, 8],
			"color": 0,
			"children": [2, 3, 4, 5]
		}
	]
}