{
	"textures": {
		"0": "item/sacred_treasure/stick/364/redknight",
		"particle": "item/sacred_treasure/stick/364/redknight"
	},
	"elements": [
		{
			"from": [4.36763, -0.18724, 7.86],
			"to": [6.16763, 2.58776, 8.14],
			"rotation": {"angle": 0, "axis": "z", "origin": [6.12044, 5.88649, 8]},
			"faces": {
				"north": {"uv": [0, 0, 1, 3], "texture": "#0"},
				"east": {"uv": [0, 0, 1, 3], "texture": "#0"},
				"south": {"uv": [0, 0, 1, 3], "texture": "#0"},
				"west": {"uv": [0, 4, 1, 7], "texture": "#0"},
				"up": {"uv": [0, 0, 1, 3], "texture": "#0"},
				"down": {"uv": [0, 0, 1, 3], "texture": "#0"}
			}
		},
		{
			"from": [3.56763, 2.16276, 7.86],
			"to": [6.09263, 15.11276, 8.14],
			"rotation": {"angle": 0, "axis": "z", "origin": [6.12044, 5.88649, 8]},
			"faces": {
				"north": {"uv": [7, 1, 15, 16], "texture": "#0"},
				"east": {"uv": [0, 0, 1, 3], "texture": "#0"},
				"south": {"uv": [7, 1, 15, 16], "texture": "#0"},
				"west": {"uv": [14, 1, 15, 16], "texture": "#0"},
				"up": {"uv": [0, 0, 1, 3], "texture": "#0"},
				"down": {"uv": [0, 0, 1, 3], "texture": "#0"}
			}
		},
		{
			"from": [5.94263, 3.83776, 7.86],
			"to": [8.94263, 6.21276, 8.14],
			"rotation": {"angle": 0, "axis": "z", "origin": [6.12044, 5.88649, 8]},
			"faces": {
				"north": {"uv": [0, 0, 1, 3], "texture": "#0"},
				"east": {"uv": [0, 0, 1, 3], "texture": "#0"},
				"south": {"uv": [0, 0, 1, 3], "texture": "#0"},
				"west": {"uv": [0, 0, 1, 3], "texture": "#0"},
				"up": {"uv": [0, 0, 1, 3], "texture": "#0"},
				"down": {"uv": [0, 0, 1, 3], "texture": "#0"}
			}
		},
		{
			"from": [7.75266, 2.80792, 7.86],
			"to": [9.85266, 5.10792, 8.14],
			"rotation": {"angle": 22.5, "axis": "z", "origin": [6.12044, 5.88649, 8]},
			"faces": {
				"north": {"uv": [0, 0, 1, 3], "rotation": 90, "texture": "#0"},
				"east": {"uv": [0, 0, 1, 3], "rotation": 90, "texture": "#0"},
				"south": {"uv": [0, 0, 1, 3], "rotation": 90, "texture": "#0"},
				"west": {"uv": [0, 0, 1, 3], "rotation": 90, "texture": "#0"},
				"up": {"uv": [0, 0, 1, 3], "rotation": 90, "texture": "#0"},
				"down": {"uv": [0, 0, 1, 3], "rotation": 90, "texture": "#0"}
			}
		},
		{
			"from": [8.87766, 5.10792, 7.86],
			"to": [9.85266, 6.35792, 8.14],
			"rotation": {"angle": 22.5, "axis": "z", "origin": [6.12044, 5.88649, 8]},
			"faces": {
				"north": {"uv": [0, 0, 1, 3], "rotation": 90, "texture": "#0"},
				"east": {"uv": [0, 0, 1, 3], "rotation": 90, "texture": "#0"},
				"south": {"uv": [0, 0, 1, 3], "rotation": 90, "texture": "#0"},
				"west": {"uv": [0, 0, 1, 3], "rotation": 90, "texture": "#0"},
				"up": {"uv": [0, 0, 1, 3], "rotation": 90, "texture": "#0"},
				"down": {"uv": [0, 0, 1, 3], "rotation": 90, "texture": "#0"}
			}
		},
		{
			"from": [8.48738, 6.12718, 7.86],
			"to": [9.46238, 7.37718, 8.14],
			"rotation": {"angle": 0, "axis": "z", "origin": [6.12044, 5.88649, 8]},
			"faces": {
				"north": {"uv": [0, 0, 1, 3], "rotation": 90, "texture": "#0"},
				"east": {"uv": [0, 0, 1, 3], "rotation": 90, "texture": "#0"},
				"south": {"uv": [0, 0, 1, 3], "rotation": 90, "texture": "#0"},
				"west": {"uv": [0, 0, 1, 3], "rotation": 90, "texture": "#0"},
				"up": {"uv": [0, 0, 1, 3], "rotation": 90, "texture": "#0"},
				"down": {"uv": [0, 0, 1, 3], "rotation": 90, "texture": "#0"}
			}
		},
		{
			"from": [0.23121, 13.43353, 7.86],
			"to": [1.38121, 18.18353, 8.14],
			"rotation": {"angle": -22.5, "axis": "z", "origin": [6.12044, 5.88649, 8]},
			"faces": {
				"north": {"uv": [0, 0, 1, 3], "texture": "#0"},
				"east": {"uv": [0, 0, 1, 3], "texture": "#0"},
				"south": {"uv": [0, 0, 1, 3], "texture": "#0"},
				"west": {"uv": [0, 0, 1, 3], "texture": "#0"},
				"up": {"uv": [0, 0, 1, 3], "texture": "#0"},
				"down": {"uv": [0, 0, 1, 3], "texture": "#0"}
			}
		},
		{
			"from": [0.53121, 18.18353, 7.86],
			"to": [1.38121, 18.80853, 8.14],
			"rotation": {"angle": -22.5, "axis": "z", "origin": [6.12044, 5.88649, 8]},
			"faces": {
				"north": {"uv": [0, 0, 1, 3], "texture": "#0"},
				"east": {"uv": [0, 0, 1, 3], "texture": "#0"},
				"south": {"uv": [0, 0, 1, 3], "texture": "#0"},
				"west": {"uv": [0, 0, 1, 3], "texture": "#0"},
				"up": {"uv": [0, 0, 1, 3], "texture": "#0"},
				"down": {"uv": [0, 0, 1, 3], "texture": "#0"}
			}
		},
		{
			"from": [0.80621, 18.75853, 7.86],
			"to": [1.38121, 19.53353, 8.14],
			"rotation": {"angle": -22.5, "axis": "z", "origin": [6.12044, 5.88649, 8]},
			"faces": {
				"north": {"uv": [0, 0, 1, 3], "texture": "#0"},
				"east": {"uv": [0, 0, 1, 3], "texture": "#0"},
				"south": {"uv": [0, 0, 1, 3], "texture": "#0"},
				"west": {"uv": [0, 0, 1, 3], "texture": "#0"},
				"up": {"uv": [0, 0, 1, 3], "texture": "#0"},
				"down": {"uv": [0, 0, 1, 3], "texture": "#0"}
			}
		},
		{
			"from": [-4.02637, 14.99377, 7.86],
			"to": [-3.72637, 17.36877, 8.14],
			"rotation": {"angle": -45, "axis": "z", "origin": [6.12044, 5.88649, 8]},
			"faces": {
				"north": {"uv": [0, 0, 1, 3], "texture": "#0"},
				"east": {"uv": [0, 0, 1, 3], "texture": "#0"},
				"south": {"uv": [0, 0, 1, 3], "texture": "#0"},
				"west": {"uv": [0, 0, 1, 3], "texture": "#0"},
				"up": {"uv": [0, 0, 1, 3], "texture": "#0"},
				"down": {"uv": [0, 0, 1, 3], "texture": "#0"}
			}
		},
		{
			"from": [1.05621, 18.18353, 7.86],
			"to": [1.38121, 20.15853, 8.14],
			"rotation": {"angle": -22.5, "axis": "z", "origin": [6.12044, 5.88649, 8]},
			"faces": {
				"north": {"uv": [0, 0, 1, 3], "texture": "#0"},
				"east": {"uv": [0, 0, 1, 3], "texture": "#0"},
				"south": {"uv": [0, 0, 1, 3], "texture": "#0"},
				"west": {"uv": [0, 0, 1, 3], "texture": "#0"},
				"up": {"uv": [0, 0, 1, 3], "texture": "#0"},
				"down": {"uv": [0, 0, 1, 3], "texture": "#0"}
			}
		},
		{
			"from": [5.25203, 15.48323, 7.86],
			"to": [5.90203, 17.90823, 8.14],
			"rotation": {"angle": 0, "axis": "z", "origin": [6.12044, 5.88649, 8]},
			"faces": {
				"north": {"uv": [0, 0, 1, 3], "texture": "#0"},
				"east": {"uv": [0, 0, 1, 3], "texture": "#0"},
				"south": {"uv": [0, 0, 1, 3], "texture": "#0"},
				"west": {"uv": [0, 0, 1, 3], "texture": "#0"},
				"up": {"uv": [0, 0, 1, 3], "texture": "#0"},
				"down": {"uv": [0, 0, 1, 3], "texture": "#0"}
			}
		},
		{
			"from": [8.32549, 14.42109, 7.86],
			"to": [9.62549, 16.17109, 8.14],
			"rotation": {"angle": 22.5, "axis": "z", "origin": [6.12044, 5.88649, 8]},
			"faces": {
				"north": {"uv": [0, 0, 1, 3], "texture": "#0"},
				"east": {"uv": [0, 0, 1, 3], "texture": "#0"},
				"south": {"uv": [0, 0, 1, 3], "texture": "#0"},
				"west": {"uv": [0, 0, 1, 3], "texture": "#0"},
				"up": {"uv": [0, 0, 1, 3], "texture": "#0"},
				"down": {"uv": [0, 0, 1, 3], "texture": "#0"}
			}
		},
		{
			"from": [1.68226, 3.50852, 7.86],
			"to": [3.03226, 5.05852, 8.14],
			"rotation": {"angle": 45, "axis": "z", "origin": [6.12044, 5.88649, 8]},
			"faces": {
				"north": {"uv": [0, 4, 1, 7], "texture": "#0"},
				"east": {"uv": [0, 4, 1, 7], "texture": "#0"},
				"south": {"uv": [0, 4, 1, 7], "texture": "#0"},
				"west": {"uv": [0, 4, 1, 7], "texture": "#0"},
				"up": {"uv": [0, 4, 1, 7], "texture": "#0"},
				"down": {"uv": [0, 4, 1, 7], "texture": "#0"}
			}
		},
		{
			"from": [6.61124, -2.35554, 7.86],
			"to": [7.96124, 0.19446, 8.14],
			"rotation": {"angle": -22.5, "axis": "z", "origin": [6.12044, 5.88649, 8]},
			"faces": {
				"north": {"uv": [0, 4, 1, 7], "texture": "#0"},
				"east": {"uv": [0, 4, 1, 7], "texture": "#0"},
				"south": {"uv": [0, 4, 1, 7], "texture": "#0"},
				"west": {"uv": [0, 4, 1, 7], "texture": "#0"},
				"up": {"uv": [0, 4, 1, 7], "texture": "#0"},
				"down": {"uv": [0, 4, 1, 7], "texture": "#0"}
			}
		},
		{
			"from": [3.41979, -3.44097, 7.86],
			"to": [4.76979, -1.91597, 8.14],
			"rotation": {"angle": 0, "axis": "z", "origin": [6.12044, 5.88649, 8]},
			"faces": {
				"north": {"uv": [0, 4, 1, 7], "texture": "#0"},
				"east": {"uv": [0, 4, 1, 7], "texture": "#0"},
				"south": {"uv": [0, 4, 1, 7], "texture": "#0"},
				"west": {"uv": [0, 4, 1, 7], "texture": "#0"},
				"up": {"uv": [0, 4, 1, 7], "texture": "#0"},
				"down": {"uv": [0, 4, 1, 7], "texture": "#0"}
			}
		},
		{
			"from": [3.41979, -4.74097, 7.86],
			"to": [3.96979, -3.44097, 8.14],
			"rotation": {"angle": 0, "axis": "z", "origin": [6.12044, 5.88649, 8]},
			"faces": {
				"north": {"uv": [0, 4, 1, 7], "texture": "#0"},
				"east": {"uv": [0, 4, 1, 7], "texture": "#0"},
				"south": {"uv": [0, 4, 1, 7], "texture": "#0"},
				"west": {"uv": [0, 4, 1, 7], "texture": "#0"},
				"up": {"uv": [0, 4, 1, 7], "texture": "#0"},
				"down": {"uv": [0, 4, 1, 7], "texture": "#0"}
			}
		},
		{
			"from": [7.65045, -4.75503, 7.86],
			"to": [8.20045, -3.45503, 8.14],
			"rotation": {"angle": -22.5, "axis": "z", "origin": [6.12044, 5.88649, 8]},
			"faces": {
				"north": {"uv": [0, 4, 1, 7], "texture": "#0"},
				"east": {"uv": [0, 4, 1, 7], "texture": "#0"},
				"south": {"uv": [0, 4, 1, 7], "texture": "#0"},
				"west": {"uv": [0, 4, 1, 7], "texture": "#0"},
				"up": {"uv": [0, 4, 1, 7], "texture": "#0"},
				"down": {"uv": [0, 4, 1, 7], "texture": "#0"}
			}
		},
		{
			"from": [11.2109, -2.83908, 7.86],
			"to": [11.7609, -1.66408, 8.14],
			"rotation": {"angle": -45, "axis": "z", "origin": [6.12044, 5.88649, 8]},
			"faces": {
				"north": {"uv": [0, 4, 1, 7], "texture": "#0"},
				"east": {"uv": [0, 4, 1, 7], "texture": "#0"},
				"south": {"uv": [0, 4, 1, 7], "texture": "#0"},
				"west": {"uv": [0, 4, 1, 7], "texture": "#0"},
				"up": {"uv": [0, 4, 1, 7], "texture": "#0"},
				"down": {"uv": [0, 4, 1, 7], "texture": "#0"}
			}
		},
		{
			"from": [5.36586, 9.71929, 7.75],
			"to": [6.26586, 14.09429, 8.25],
			"rotation": {"angle": 0, "axis": "z", "origin": [6.12044, 5.88649, 8]},
			"faces": {
				"north": {"uv": [2, 0, 3, 4], "texture": "#0"},
				"east": {"uv": [2, 0, 3, 4], "texture": "#0"},
				"south": {"uv": [2, 0, 3, 4], "texture": "#0"},
				"west": {"uv": [2, 0, 3, 4], "texture": "#0"},
				"up": {"uv": [2, 0, 3, 4], "texture": "#0"},
				"down": {"uv": [2, 0, 3, 4], "texture": "#0"}
			}
		},
		{
			"from": [4.96586, 6.41929, 7.66],
			"to": [6.39086, 10.01929, 8.34],
			"rotation": {"angle": 0, "axis": "z", "origin": [6.12044, 5.88649, 8]},
			"faces": {
				"north": {"uv": [2, 0, 3, 4], "texture": "#0"},
				"east": {"uv": [2, 0, 3, 4], "texture": "#0"},
				"south": {"uv": [2, 0, 3, 4], "texture": "#0"},
				"west": {"uv": [2, 0, 3, 4], "texture": "#0"},
				"up": {"uv": [2, 0, 3, 4], "texture": "#0"},
				"down": {"uv": [2, 0, 3, 4], "texture": "#0"}
			}
		},
		{
			"from": [4.86586, 3.61929, 7.5],
			"to": [6.69086, 6.74429, 8.5],
			"rotation": {"angle": 0, "axis": "z", "origin": [6.12044, 5.88649, 8]},
			"faces": {
				"north": {"uv": [2, 0, 3, 4], "texture": "#0"},
				"east": {"uv": [2, 0, 3, 4], "texture": "#0"},
				"south": {"uv": [2, 0, 3, 4], "texture": "#0"},
				"west": {"uv": [2, 0, 3, 4], "texture": "#0"},
				"up": {"uv": [2, 0, 3, 4], "texture": "#0"},
				"down": {"uv": [2, 0, 3, 4], "texture": "#0"}
			}
		},
		{
			"from": [2.78539, 2.94156, 7.5],
			"to": [5.91039, 4.76656, 8.5],
			"rotation": {"angle": 45, "axis": "z", "origin": [6.12044, 5.88649, 8]},
			"faces": {
				"north": {"uv": [2, 0, 3, 4], "rotation": 90, "texture": "#0"},
				"east": {"uv": [2, 0, 3, 4], "rotation": 90, "texture": "#0"},
				"south": {"uv": [2, 0, 3, 4], "rotation": 90, "texture": "#0"},
				"west": {"uv": [2, 0, 3, 4], "rotation": 90, "texture": "#0"},
				"up": {"uv": [2, 0, 3, 4], "rotation": 90, "texture": "#0"},
				"down": {"uv": [2, 0, 3, 4], "rotation": 90, "texture": "#0"}
			}
		},
		{
			"from": [6.76382, 3.12105, 7.5],
			"to": [9.88882, 4.94605, 8.5],
			"rotation": {"angle": 0, "axis": "z", "origin": [6.12044, 5.88649, 8]},
			"faces": {
				"north": {"uv": [2, 0, 3, 4], "rotation": 90, "texture": "#0"},
				"east": {"uv": [2, 0, 3, 4], "rotation": 90, "texture": "#0"},
				"south": {"uv": [2, 0, 3, 4], "rotation": 90, "texture": "#0"},
				"west": {"uv": [2, 0, 3, 4], "rotation": 90, "texture": "#0"},
				"up": {"uv": [2, 0, 3, 4], "rotation": 90, "texture": "#0"},
				"down": {"uv": [2, 0, 3, 4], "rotation": 90, "texture": "#0"}
			}
		},
		{
			"from": [4.55411, -0.18866, 7.5],
			"to": [6.35411, 2.73634, 8.5],
			"rotation": {"angle": 0, "axis": "z", "origin": [6.12044, 5.88649, 8]},
			"faces": {
				"north": {"uv": [2, 0, 3, 4], "texture": "#0"},
				"east": {"uv": [2, 0, 3, 4], "texture": "#0"},
				"south": {"uv": [2, 0, 3, 4], "texture": "#0"},
				"west": {"uv": [2, 0, 3, 4], "texture": "#0"},
				"up": {"uv": [2, 0, 3, 4], "texture": "#0"},
				"down": {"uv": [2, 0, 3, 4], "texture": "#0"}
			}
		},
		{
			"from": [9.60968, 1.06118, 7.5],
			"to": [13.00968, 2.31118, 8.5],
			"rotation": {"angle": -45, "axis": "z", "origin": [6.12044, 5.88649, 8]},
			"faces": {
				"north": {"uv": [2, 0, 3, 4], "rotation": 270, "texture": "#0"},
				"east": {"uv": [2, 0, 3, 4], "rotation": 270, "texture": "#0"},
				"south": {"uv": [2, 0, 3, 4], "rotation": 270, "texture": "#0"},
				"west": {"uv": [2, 0, 3, 4], "rotation": 270, "texture": "#0"},
				"up": {"uv": [2, 0, 3, 4], "rotation": 270, "texture": "#0"},
				"down": {"uv": [2, 0, 3, 4], "rotation": 270, "texture": "#0"}
			}
		},
		{
			"from": [-2.18127, -4.43042, 7.5],
			"to": [-0.53127, -3.13042, 8.5],
			"rotation": {"angle": 45, "axis": "z", "origin": [6.12044, 5.88649, 8]},
			"faces": {
				"north": {"uv": [2, 0, 3, 4], "texture": "#0"},
				"east": {"uv": [2, 0, 3, 4], "texture": "#0"},
				"south": {"uv": [2, 0, 3, 4], "texture": "#0"},
				"west": {"uv": [2, 0, 3, 4], "texture": "#0"},
				"up": {"uv": [2, 0, 3, 4], "texture": "#0"},
				"down": {"uv": [2, 0, 3, 4], "texture": "#0"}
			}
		},
		{
			"from": [6.24541, -7.27886, 7.5],
			"to": [7.54541, -6.20386, 8.5],
			"rotation": {"angle": 0, "axis": "z", "origin": [6.12044, 5.88649, 8]},
			"faces": {
				"north": {"uv": [2, 0, 3, 4], "rotation": 270, "texture": "#0"},
				"east": {"uv": [2, 0, 3, 4], "rotation": 270, "texture": "#0"},
				"south": {"uv": [2, 0, 3, 4], "rotation": 270, "texture": "#0"},
				"west": {"uv": [2, 0, 3, 4], "rotation": 270, "texture": "#0"},
				"up": {"uv": [2, 0, 3, 4], "rotation": 270, "texture": "#0"},
				"down": {"uv": [2, 0, 3, 4], "rotation": 270, "texture": "#0"}
			}
		},
		{
			"from": [7.5, -6.25, 7.5],
			"to": [8.5, 4.95, 8.5],
			"rotation": {"angle": 0, "axis": "y", "origin": [6.12044, 5.88649, 8]},
			"faces": {
				"north": {"uv": [2, 0, 3, 4], "texture": "#0"},
				"east": {"uv": [2, 0, 3, 4], "texture": "#0"},
				"south": {"uv": [2, 0, 3, 4], "texture": "#0"},
				"west": {"uv": [2, 0, 3, 4], "texture": "#0"},
				"up": {"uv": [2, 0, 3, 4], "texture": "#0"},
				"down": {"uv": [2, 0, 3, 4], "texture": "#0"}
			}
		}
	],
	"gui_light": "front",
	"display": {
		"thirdperson_righthand": {
			"rotation": [0, -90, 0],
			"translation": [-0.25, 8.25, 1],
			"scale": [1.57, 1.57, 1.57]
		},
		"thirdperson_lefthand": {
			"rotation": [0, 90, 0],
			"translation": [-0.25, 8.25, 1],
			"scale": [1.57, 1.57, 1.57]
		},
		"firstperson_righthand": {
			"rotation": [0, -90, -16],
			"translation": [0, 9, 3.5]
		},
		"firstperson_lefthand": {
			"rotation": [0, 90, 16],
			"translation": [0, 9, 3.5]
		},
		"ground": {
			"translation": [0, 2, 0],
			"scale": [0.5, 0.5, 0.5]
		},
		"gui": {
			"rotation": [0, -180, 45],
			"translation": [0, 1, 0],
			"scale": [0.65, 0.65, 0.65]
		},
		"head": {
			"rotation": [0, 0, 120],
			"translation": [9, 11.25, 0]
		},
		"fixed": {
			"rotation": [0, 0, 45],
			"scale": [0.65, 0.65, 0.65]
		}
	},
	"groups": [
		0,
		1,
		2,
		3,
		4,
		5,
		6,
		7,
		8,
		9,
		10,
		11,
		12,
		13,
		14,
		15,
		16,
		17,
		18,
		{
			"name": "group",
			"origin": [5.77836, 5.18179, 8],
			"color": 0,
			"children": [19, 20, 21, 22, 23, 24, 25, 26, 27, 28]
		}
	]
}