{
	"credit": "Made with Blockbench",
	"textures": {
        "2": "item/sacred_treasure/stick/608/texture"
	},
	"elements": [
		{
			"from": [7.75112, 4.38243, 8.80071],
			"to": [8.25054, 7.92243, 10.20111],
			"rotation": {"angle": -22.5, "axis": "x", "origin": [8, 8, 10]},
			"faces": {
				"north": {"uv": [0, 0, 1, 1], "texture": "#2"},
				"east": {"uv": [0, 0, 1, 1], "texture": "#2"},
				"south": {"uv": [0, 0, 1, 1], "texture": "#2"},
				"west": {"uv": [0, 0, 1, 1], "texture": "#2"},
				"up": {"uv": [0, 0, 1, 1], "texture": "#2"},
				"down": {"uv": [0, 0, 1, 1], "texture": "#2"}
			}
		},
		{
			"from": [7.75112, 5.75071, 10.30257],
			"to": [8.25054, 6.32611, 11.06757],
			"rotation": {"angle": 22.5, "axis": "x", "origin": [8, 8, 10]},
			"faces": {
				"north": {"uv": [0, 0, 1, 1], "rotation": 270, "texture": "#2"},
				"east": {"uv": [0, 0, 1, 1], "rotation": 270, "texture": "#2"},
				"south": {"uv": [0, 0, 1, 1], "rotation": 270, "texture": "#2"},
				"west": {"uv": [0, 0, 1, 1], "rotation": 270, "texture": "#2"},
				"up": {"uv": [0, 0, 1, 1], "rotation": 270, "texture": "#2"},
				"down": {"uv": [0, 0, 1, 1], "rotation": 270, "texture": "#2"}
			}
		},
		{
			"from": [7.75112, 6.07571, 11.17757],
			"to": [8.25054, 6.20111, 11.54257],
			"rotation": {"angle": 45, "axis": "x", "origin": [8, 8, 10]},
			"faces": {
				"north": {"uv": [0, 0, 1, 1], "rotation": 270, "texture": "#2"},
				"east": {"uv": [0, 0, 1, 1], "rotation": 270, "texture": "#2"},
				"south": {"uv": [0, 0, 1, 1], "rotation": 270, "texture": "#2"},
				"west": {"uv": [0, 0, 1, 1], "rotation": 270, "texture": "#2"},
				"up": {"uv": [0, 0, 1, 1], "rotation": 270, "texture": "#2"},
				"down": {"uv": [0, 0, 1, 1], "rotation": 270, "texture": "#2"}
			}
		},
		{
			"from": [7.75112, 5.89889, 9.48243],
			"to": [8.25054, 6.14929, 9.62243],
			"faces": {
				"north": {"uv": [0, 0, 1, 1], "rotation": 90, "texture": "#2"},
				"east": {"uv": [0, 0, 1, 1], "rotation": 90, "texture": "#2"},
				"south": {"uv": [0, 0, 1, 1], "rotation": 90, "texture": "#2"},
				"west": {"uv": [0, 0, 1, 1], "rotation": 90, "texture": "#2"},
				"up": {"uv": [0, 0, 1, 1], "rotation": 90, "texture": "#2"},
				"down": {"uv": [0, 0, 1, 1], "rotation": 90, "texture": "#2"}
			}
		},
		{
			"from": [7.75112, 5.44889, 9.68243],
			"to": [8.25054, 5.69929, 9.82243],
			"faces": {
				"north": {"uv": [0, 0, 1, 1], "rotation": 90, "texture": "#2"},
				"east": {"uv": [0, 0, 1, 1], "rotation": 90, "texture": "#2"},
				"south": {"uv": [0, 0, 1, 1], "rotation": 90, "texture": "#2"},
				"west": {"uv": [0, 0, 1, 1], "rotation": 90, "texture": "#2"},
				"up": {"uv": [0, 0, 1, 1], "rotation": 90, "texture": "#2"},
				"down": {"uv": [0, 0, 1, 1], "rotation": 90, "texture": "#2"}
			}
		},
		{
			"from": [7.75112, 5.62571, 11.37757],
			"to": [8.25054, 5.75111, 11.74257],
			"rotation": {"angle": 45, "axis": "x", "origin": [8, 7.55, 10.2]},
			"faces": {
				"north": {"uv": [0, 0, 1, 1], "rotation": 270, "texture": "#2"},
				"east": {"uv": [0, 0, 1, 1], "rotation": 270, "texture": "#2"},
				"south": {"uv": [0, 0, 1, 1], "rotation": 270, "texture": "#2"},
				"west": {"uv": [0, 0, 1, 1], "rotation": 270, "texture": "#2"},
				"up": {"uv": [0, 0, 1, 1], "rotation": 270, "texture": "#2"},
				"down": {"uv": [0, 0, 1, 1], "rotation": 270, "texture": "#2"}
			}
		},
		{
			"from": [7.75112, 5.30071, 10.50257],
			"to": [8.25054, 5.87611, 11.26757],
			"rotation": {"angle": 22.5, "axis": "x", "origin": [8, 7.55, 10.2]},
			"faces": {
				"north": {"uv": [0, 0, 1, 1], "rotation": 270, "texture": "#2"},
				"east": {"uv": [0, 0, 1, 1], "rotation": 270, "texture": "#2"},
				"south": {"uv": [0, 0, 1, 1], "rotation": 270, "texture": "#2"},
				"west": {"uv": [0, 0, 1, 1], "rotation": 270, "texture": "#2"},
				"up": {"uv": [0, 0, 1, 1], "rotation": 270, "texture": "#2"},
				"down": {"uv": [0, 0, 1, 1], "rotation": 270, "texture": "#2"}
			}
		},
		{
			"from": [7.75112, 4.84889, 9.90743],
			"to": [8.25054, 5.09929, 10.04743],
			"faces": {
				"north": {"uv": [0, 0, 1, 1], "rotation": 90, "texture": "#2"},
				"east": {"uv": [0, 0, 1, 1], "rotation": 90, "texture": "#2"},
				"south": {"uv": [0, 0, 1, 1], "rotation": 90, "texture": "#2"},
				"west": {"uv": [0, 0, 1, 1], "rotation": 90, "texture": "#2"},
				"up": {"uv": [0, 0, 1, 1], "rotation": 90, "texture": "#2"},
				"down": {"uv": [0, 0, 1, 1], "rotation": 90, "texture": "#2"}
			}
		},
		{
			"from": [7.75112, 5.02571, 11.60257],
			"to": [8.25054, 5.15111, 11.96757],
			"rotation": {"angle": 45, "axis": "x", "origin": [8, 6.95, 10.425]},
			"faces": {
				"north": {"uv": [0, 0, 1, 1], "rotation": 270, "texture": "#2"},
				"east": {"uv": [0, 0, 1, 1], "rotation": 270, "texture": "#2"},
				"south": {"uv": [0, 0, 1, 1], "rotation": 270, "texture": "#2"},
				"west": {"uv": [0, 0, 1, 1], "rotation": 270, "texture": "#2"},
				"up": {"uv": [0, 0, 1, 1], "rotation": 270, "texture": "#2"},
				"down": {"uv": [0, 0, 1, 1], "rotation": 270, "texture": "#2"}
			}
		},
		{
			"from": [7.75112, 4.70071, 10.72757],
			"to": [8.25054, 5.27611, 11.49257],
			"rotation": {"angle": 22.5, "axis": "x", "origin": [8, 6.95, 10.425]},
			"faces": {
				"north": {"uv": [0, 0, 1, 1], "rotation": 270, "texture": "#2"},
				"east": {"uv": [0, 0, 1, 1], "rotation": 270, "texture": "#2"},
				"south": {"uv": [0, 0, 1, 1], "rotation": 270, "texture": "#2"},
				"west": {"uv": [0, 0, 1, 1], "rotation": 270, "texture": "#2"},
				"up": {"uv": [0, 0, 1, 1], "rotation": 270, "texture": "#2"},
				"down": {"uv": [0, 0, 1, 1], "rotation": 270, "texture": "#2"}
			}
		},
		{
			"from": [7.85244, 6.28991, 8.69792],
			"to": [8.15042, 6.38287, 9.05479],
			"rotation": {"angle": -22.5, "axis": "x", "origin": [8.00063, 6.74339, 8.31965]},
			"faces": {
				"north": {"uv": [0, 0, 1, 1], "texture": "#2"},
				"east": {"uv": [0, 0, 1, 1], "texture": "#2"},
				"south": {"uv": [0, 0, 1, 1], "texture": "#2"},
				"west": {"uv": [0, 0, 1, 1], "texture": "#2"},
				"up": {"uv": [0, 0, 1, 1], "texture": "#2"},
				"down": {"uv": [0, 0, 1, 1], "texture": "#2"}
			}
		},
		{
			"from": [7.95935, 6.78897, 8.43676],
			"to": [8.04177, 7.48937, 8.63566],
			"rotation": {"angle": 22.5, "axis": "x", "origin": [8.00063, 6.66839, 8.31965]},
			"faces": {
				"north": {"uv": [0, 0, 1, 1], "rotation": 90, "texture": "#2"},
				"east": {"uv": [0, 0, 1, 1], "rotation": 90, "texture": "#2"},
				"south": {"uv": [0, 0, 1, 1], "rotation": 90, "texture": "#2"},
				"west": {"uv": [0, 0, 1, 1], "rotation": 90, "texture": "#2"},
				"up": {"uv": [0, 0, 1, 1], "rotation": 90, "texture": "#2"},
				"down": {"uv": [0, 0, 1, 1], "rotation": 90, "texture": "#2"}
			}
		},
		{
			"from": [7.85265, 6.6459, 7.92801],
			"to": [8.15064, 6.78677, 8.02098],
			"rotation": {"angle": -22.5, "axis": "x", "origin": [8.00072, 6.63932, 8.38879]},
			"faces": {
				"north": {"uv": [0, 0, 1, 1], "rotation": 90, "texture": "#2"},
				"east": {"uv": [0, 0, 1, 1], "rotation": 90, "texture": "#2"},
				"south": {"uv": [0, 0, 1, 1], "rotation": 90, "texture": "#2"},
				"west": {"uv": [0, 0, 1, 1], "rotation": 90, "texture": "#2"},
				"up": {"uv": [0, 0, 1, 1], "rotation": 90, "texture": "#2"},
				"down": {"uv": [0, 0, 1, 1], "rotation": 90, "texture": "#2"}
			}
		},
		{
			"from": [7.85247, 6.46919, 7.96075],
			"to": [8.15046, 6.56216, 8.84262],
			"faces": {
				"north": {"uv": [0, 0, 1, 1], "texture": "#2"},
				"east": {"uv": [0, 0, 1, 1], "texture": "#2"},
				"south": {"uv": [0, 0, 1, 1], "texture": "#2"},
				"west": {"uv": [0, 0, 1, 1], "texture": "#2"},
				"up": {"uv": [0, 0, 1, 1], "texture": "#2"},
				"down": {"uv": [0, 0, 1, 1], "texture": "#2"}
			}
		},
		{
			"from": [7.8512, 6.60659, 9.08114],
			"to": [8.14918, 7.12397, 9.1741],
			"faces": {
				"north": {"uv": [0, 0, 1, 1], "rotation": 90, "texture": "#2"},
				"east": {"uv": [0, 0, 1, 1], "rotation": 90, "texture": "#2"},
				"south": {"uv": [0, 0, 1, 1], "rotation": 90, "texture": "#2"},
				"west": {"uv": [0, 0, 1, 1], "rotation": 90, "texture": "#2"},
				"up": {"uv": [0, 0, 1, 1], "rotation": 90, "texture": "#2"},
				"down": {"uv": [0, 0, 1, 1], "rotation": 90, "texture": "#2"}
			}
		},
		{
			"from": [7.85284, 6.59925, 7.90631],
			"to": [8.15083, 7.34012, 7.99928],
			"faces": {
				"north": {"uv": [0, 0, 1, 1], "rotation": 90, "texture": "#2"},
				"east": {"uv": [0, 0, 1, 1], "rotation": 90, "texture": "#2"},
				"south": {"uv": [0, 0, 1, 1], "rotation": 90, "texture": "#2"},
				"west": {"uv": [0, 0, 1, 1], "rotation": 90, "texture": "#2"},
				"up": {"uv": [0, 0, 1, 1], "rotation": 90, "texture": "#2"},
				"down": {"uv": [0, 0, 1, 1], "rotation": 90, "texture": "#2"}
			}
		},
		{
			"from": [7.95921, 7.13807, 8.78789],
			"to": [8.04163, 7.43847, 8.98679],
			"rotation": {"angle": 45, "axis": "x", "origin": [8.00042, 7.31327, 8.83734]},
			"faces": {
				"north": {"uv": [0, 0, 1, 1], "rotation": 90, "texture": "#2"},
				"east": {"uv": [0, 0, 1, 1], "rotation": 90, "texture": "#2"},
				"south": {"uv": [0, 0, 1, 1], "rotation": 90, "texture": "#2"},
				"west": {"uv": [0, 0, 1, 1], "rotation": 90, "texture": "#2"},
				"up": {"uv": [0, 0, 1, 1], "rotation": 90, "texture": "#2"},
				"down": {"uv": [0, 0, 1, 1], "rotation": 90, "texture": "#2"}
			}
		},
		{
			"from": [7.95921, 7.16382, 8.68714],
			"to": [8.04163, 7.31272, 8.98754],
			"rotation": {"angle": -22.5, "axis": "x", "origin": [8.00042, 7.31327, 8.83734]},
			"faces": {
				"north": {"uv": [0, 0, 1, 1], "rotation": 180, "texture": "#2"},
				"east": {"uv": [0, 0, 1, 1], "rotation": 180, "texture": "#2"},
				"south": {"uv": [0, 0, 1, 1], "rotation": 180, "texture": "#2"},
				"west": {"uv": [0, 0, 1, 1], "rotation": 180, "texture": "#2"},
				"up": {"uv": [0, 0, 1, 1], "rotation": 180, "texture": "#2"},
				"down": {"uv": [0, 0, 1, 1], "rotation": 180, "texture": "#2"}
			}
		},
		{
			"from": [7.7106, 7.27389, 6.38243],
			"to": [8.29133, 7.92429, 10.52243],
			"faces": {
				"north": {"uv": [0, 0, 1, 1], "rotation": 90, "texture": "#2"},
				"east": {"uv": [0, 0, 1, 1], "rotation": 90, "texture": "#2"},
				"south": {"uv": [0, 0, 1, 1], "rotation": 90, "texture": "#2"},
				"west": {"uv": [0, 0, 1, 1], "rotation": 90, "texture": "#2"},
				"up": {"uv": [0, 0, 1, 1], "rotation": 90, "texture": "#2"},
				"down": {"uv": [0, 0, 1, 1], "rotation": 90, "texture": "#2"}
			}
		},
		{
			"from": [7.64635, 7.54929, 6.33291],
			"to": [8.35483, 8.39969, 11.92291],
			"rotation": {"angle": 0, "axis": "y", "origin": [0, 0, 1]},
			"faces": {
				"north": {"uv": [0, 0, 1, 1], "rotation": 90, "texture": "#2"},
				"east": {"uv": [0, 0, 1, 1], "rotation": 90, "texture": "#2"},
				"south": {"uv": [0, 0, 1, 1], "rotation": 90, "texture": "#2"},
				"west": {"uv": [0, 0, 1, 1], "rotation": 90, "texture": "#2"},
				"up": {"uv": [0, 0, 1, 1], "rotation": 90, "texture": "#2"},
				"down": {"uv": [0, 0, 1, 1], "rotation": 90, "texture": "#2"}
			}
		},
		{
			"from": [7.7106, 7.39889, 5.35743],
			"to": [8.29133, 7.92429, 10.57243],
			"faces": {
				"north": {"uv": [0, 0, 1, 1], "rotation": 90, "texture": "#2"},
				"east": {"uv": [0, 0, 1, 1], "rotation": 90, "texture": "#2"},
				"south": {"uv": [0, 0, 1, 1], "rotation": 90, "texture": "#2"},
				"west": {"uv": [0, 0, 1, 1], "rotation": 90, "texture": "#2"},
				"up": {"uv": [0, 0, 1, 1], "rotation": 90, "texture": "#2"},
				"down": {"uv": [0, 0, 1, 1], "rotation": 90, "texture": "#2"}
			}
		},
		{
			"from": [7.75691, 7.29889, 5.45743],
			"to": [8.24472, 7.92429, 10.57243],
			"faces": {
				"north": {"uv": [0, 0, 1, 1], "rotation": 90, "texture": "#2"},
				"east": {"uv": [0, 0, 1, 1], "rotation": 90, "texture": "#2"},
				"south": {"uv": [0, 0, 1, 1], "rotation": 90, "texture": "#2"},
				"west": {"uv": [0, 0, 1, 1], "rotation": 90, "texture": "#2"},
				"up": {"uv": [0, 0, 1, 1], "rotation": 90, "texture": "#2"},
				"down": {"uv": [0, 0, 1, 1], "rotation": 90, "texture": "#2"}
			}
		},
		{
			"from": [7.70867, 7.97285, 10.17082],
			"to": [8.28939, 8.62325, 10.53582],
			"rotation": {"angle": -22.5, "axis": "x", "origin": [7.99806, 8.69896, 11.81339]},
			"faces": {
				"north": {"uv": [0, 0, 1, 1], "rotation": 90, "texture": "#2"},
				"east": {"uv": [0, 0, 1, 1], "rotation": 90, "texture": "#2"},
				"south": {"uv": [0, 0, 1, 1], "rotation": 90, "texture": "#2"},
				"west": {"uv": [0, 0, 1, 1], "rotation": 90, "texture": "#2"},
				"up": {"uv": [0, 0, 1, 1], "rotation": 90, "texture": "#2"},
				"down": {"uv": [0, 0, 1, 1], "rotation": 90, "texture": "#2"}
			}
		},
		{
			"from": [7.7082, 7.44671, 10.18376],
			"to": [8.28893, 8.09711, 10.57376],
			"rotation": {"angle": -45, "axis": "x", "origin": [7.99856, 7.77191, 10.61626]},
			"faces": {
				"north": {"uv": [0, 0, 1, 1], "rotation": 90, "texture": "#2"},
				"east": {"uv": [0, 0, 1, 1], "rotation": 90, "texture": "#2"},
				"south": {"uv": [0, 0, 1, 1], "rotation": 90, "texture": "#2"},
				"west": {"uv": [0, 0, 1, 1], "rotation": 90, "texture": "#2"},
				"up": {"uv": [0, 0, 1, 1], "rotation": 90, "texture": "#2"},
				"down": {"uv": [0, 0, 1, 1], "rotation": 90, "texture": "#2"}
			}
		},
		{
			"name": "hexadecagon",
			"from": [7.9584, 8.26889, 5.2029],
			"to": [8.0416, 8.32865, 8.3591],
			"rotation": {"angle": -45, "axis": "z", "origin": [8, 8.11951, 4.5665]},
			"faces": {
				"north": {"uv": [1, 0, 2, 1], "rotation": 90, "texture": "#2"},
				"east": {"uv": [0, 0, 1, 1], "rotation": 90, "texture": "#2"},
				"south": {"uv": [0, 0, 1, 1], "rotation": 90, "texture": "#2"},
				"west": {"uv": [0, 0, 1, 1], "rotation": 90, "texture": "#2"},
				"up": {"uv": [0, 0, 1, 1], "rotation": 90, "texture": "#2"},
				"down": {"uv": [0, 0, 1, 1], "rotation": 90, "texture": "#2"}
			}
		},
		{
			"name": "hexadecagon",
			"from": [7.9584, 8.26889, 5.2029],
			"to": [8.0416, 8.32865, 8.3591],
			"rotation": {"angle": -22.5, "axis": "z", "origin": [8, 8.11951, 4.5665]},
			"faces": {
				"north": {"uv": [1, 0, 2, 1], "rotation": 90, "texture": "#2"},
				"east": {"uv": [0, 0, 1, 1], "rotation": 90, "texture": "#2"},
				"south": {"uv": [0, 0, 1, 1], "rotation": 90, "texture": "#2"},
				"west": {"uv": [0, 0, 1, 1], "rotation": 90, "texture": "#2"},
				"up": {"uv": [0, 0, 1, 1], "rotation": 90, "texture": "#2"},
				"down": {"uv": [0, 0, 1, 1], "rotation": 90, "texture": "#2"}
			}
		},
		{
			"name": "hexadecagon",
			"from": [7.9584, 8.26889, 5.2029],
			"to": [8.0416, 8.32865, 8.3591],
			"faces": {
				"north": {"uv": [1, 0, 2, 1], "rotation": 90, "texture": "#2"},
				"east": {"uv": [0, 0, 1, 1], "rotation": 90, "texture": "#2"},
				"south": {"uv": [0, 0, 1, 1], "rotation": 90, "texture": "#2"},
				"west": {"uv": [0, 0, 1, 1], "rotation": 90, "texture": "#2"},
				"up": {"uv": [0, 0, 1, 1], "rotation": 90, "texture": "#2"},
				"down": {"uv": [0, 0, 1, 1], "rotation": 90, "texture": "#2"}
			}
		},
		{
			"name": "hexadecagon",
			"from": [7.9584, 8.26889, 5.2029],
			"to": [8.0416, 8.32865, 8.3591],
			"rotation": {"angle": 22.5, "axis": "z", "origin": [8, 8.11951, 4.5665]},
			"faces": {
				"north": {"uv": [1, 0, 2, 1], "rotation": 90, "texture": "#2"},
				"east": {"uv": [0, 0, 1, 1], "rotation": 90, "texture": "#2"},
				"south": {"uv": [0, 0, 1, 1], "rotation": 90, "texture": "#2"},
				"west": {"uv": [0, 0, 1, 1], "rotation": 90, "texture": "#2"},
				"up": {"uv": [0, 0, 1, 1], "rotation": 90, "texture": "#2"},
				"down": {"uv": [0, 0, 1, 1], "rotation": 90, "texture": "#2"}
			}
		},
		{
			"name": "hexadecagon",
			"from": [7.9584, 8.26889, 5.2029],
			"to": [8.0416, 8.32865, 8.3591],
			"rotation": {"angle": 45, "axis": "z", "origin": [8, 8.11951, 4.5665]},
			"faces": {
				"north": {"uv": [1, 0, 2, 1], "rotation": 90, "texture": "#2"},
				"east": {"uv": [0, 0, 1, 1], "rotation": 90, "texture": "#2"},
				"south": {"uv": [0, 0, 1, 1], "rotation": 90, "texture": "#2"},
				"west": {"uv": [0, 0, 1, 1], "rotation": 90, "texture": "#2"},
				"up": {"uv": [0, 0, 1, 1], "rotation": 90, "texture": "#2"},
				"down": {"uv": [0, 0, 1, 1], "rotation": 90, "texture": "#2"}
			}
		},
		{
			"name": "hexadecagon",
			"from": [7.9584, 7.91037, 5.2029],
			"to": [8.0416, 7.97012, 8.3591],
			"rotation": {"angle": -45, "axis": "z", "origin": [8, 8.11951, 4.5665]},
			"faces": {
				"north": {"uv": [1, 0, 2, 1], "rotation": 90, "texture": "#2"},
				"east": {"uv": [0, 0, 1, 1], "rotation": 90, "texture": "#2"},
				"south": {"uv": [0, 0, 1, 1], "rotation": 90, "texture": "#2"},
				"west": {"uv": [0, 0, 1, 1], "rotation": 90, "texture": "#2"},
				"up": {"uv": [0, 0, 1, 1], "rotation": 90, "texture": "#2"},
				"down": {"uv": [0, 0, 1, 1], "rotation": 90, "texture": "#2"}
			}
		},
		{
			"name": "hexadecagon",
			"from": [7.9584, 7.91037, 5.2029],
			"to": [8.0416, 7.97012, 8.3591],
			"rotation": {"angle": -22.5, "axis": "z", "origin": [8, 8.11951, 4.5665]},
			"faces": {
				"north": {"uv": [1, 0, 2, 1], "rotation": 90, "texture": "#2"},
				"east": {"uv": [0, 0, 1, 1], "rotation": 90, "texture": "#2"},
				"south": {"uv": [0, 0, 1, 1], "rotation": 90, "texture": "#2"},
				"west": {"uv": [0, 0, 1, 1], "rotation": 90, "texture": "#2"},
				"up": {"uv": [0, 0, 1, 1], "rotation": 90, "texture": "#2"},
				"down": {"uv": [0, 0, 1, 1], "rotation": 90, "texture": "#2"}
			}
		},
		{
			"name": "hexadecagon",
			"from": [7.9584, 7.91037, 5.2029],
			"to": [8.0416, 7.97012, 8.3591],
			"faces": {
				"north": {"uv": [1, 0, 2, 1], "rotation": 90, "texture": "#2"},
				"east": {"uv": [0, 0, 1, 1], "rotation": 90, "texture": "#2"},
				"south": {"uv": [0, 0, 1, 1], "rotation": 90, "texture": "#2"},
				"west": {"uv": [0, 0, 1, 1], "rotation": 90, "texture": "#2"},
				"up": {"uv": [0, 0, 1, 1], "rotation": 90, "texture": "#2"},
				"down": {"uv": [0, 0, 1, 1], "rotation": 90, "texture": "#2"}
			}
		},
		{
			"name": "hexadecagon",
			"from": [7.9584, 7.91037, 5.2029],
			"to": [8.0416, 7.97012, 8.3591],
			"rotation": {"angle": 22.5, "axis": "z", "origin": [8, 8.11951, 4.5665]},
			"faces": {
				"north": {"uv": [1, 0, 2, 1], "rotation": 90, "texture": "#2"},
				"east": {"uv": [0, 0, 1, 1], "rotation": 90, "texture": "#2"},
				"south": {"uv": [0, 0, 1, 1], "rotation": 90, "texture": "#2"},
				"west": {"uv": [0, 0, 1, 1], "rotation": 90, "texture": "#2"},
				"up": {"uv": [0, 0, 1, 1], "rotation": 90, "texture": "#2"},
				"down": {"uv": [0, 0, 1, 1], "rotation": 90, "texture": "#2"}
			}
		},
		{
			"name": "hexadecagon",
			"from": [7.9584, 7.91037, 5.2029],
			"to": [8.0416, 7.97012, 8.3591],
			"rotation": {"angle": 45, "axis": "z", "origin": [8, 8.11951, 4.5665]},
			"faces": {
				"north": {"uv": [1, 0, 2, 1], "rotation": 90, "texture": "#2"},
				"east": {"uv": [0, 0, 1, 1], "rotation": 90, "texture": "#2"},
				"south": {"uv": [0, 0, 1, 1], "rotation": 90, "texture": "#2"},
				"west": {"uv": [0, 0, 1, 1], "rotation": 90, "texture": "#2"},
				"up": {"uv": [0, 0, 1, 1], "rotation": 90, "texture": "#2"},
				"down": {"uv": [0, 0, 1, 1], "rotation": 90, "texture": "#2"}
			}
		},
		{
			"name": "hexadecagon",
			"from": [7.79086, 8.07791, 5.2029],
			"to": [7.85061, 8.16111, 8.3591],
			"rotation": {"angle": -22.5, "axis": "z", "origin": [8, 8.11951, 4.5665]},
			"faces": {
				"north": {"uv": [1, 0, 2, 1], "rotation": 90, "texture": "#2"},
				"east": {"uv": [0, 0, 1, 1], "rotation": 90, "texture": "#2"},
				"south": {"uv": [0, 0, 1, 1], "rotation": 90, "texture": "#2"},
				"west": {"uv": [0, 0, 1, 1], "rotation": 90, "texture": "#2"},
				"up": {"uv": [0, 0, 1, 1], "rotation": 90, "texture": "#2"},
				"down": {"uv": [0, 0, 1, 1], "rotation": 90, "texture": "#2"}
			}
		},
		{
			"name": "hexadecagon",
			"from": [7.79086, 8.07791, 5.2029],
			"to": [7.85061, 8.16111, 8.3591],
			"faces": {
				"north": {"uv": [1, 0, 2, 1], "rotation": 90, "texture": "#2"},
				"east": {"uv": [0, 0, 1, 1], "rotation": 90, "texture": "#2"},
				"south": {"uv": [0, 0, 1, 1], "rotation": 90, "texture": "#2"},
				"west": {"uv": [0, 0, 1, 1], "rotation": 90, "texture": "#2"},
				"up": {"uv": [0, 0, 1, 1], "rotation": 90, "texture": "#2"},
				"down": {"uv": [0, 0, 1, 1], "rotation": 90, "texture": "#2"}
			}
		},
		{
			"name": "hexadecagon",
			"from": [7.79086, 8.07791, 5.2029],
			"to": [7.85061, 8.16111, 8.3591],
			"rotation": {"angle": 22.5, "axis": "z", "origin": [8, 8.11951, 4.5665]},
			"faces": {
				"north": {"uv": [1, 0, 2, 1], "rotation": 90, "texture": "#2"},
				"east": {"uv": [0, 0, 1, 1], "rotation": 90, "texture": "#2"},
				"south": {"uv": [0, 0, 1, 1], "rotation": 90, "texture": "#2"},
				"west": {"uv": [0, 0, 1, 1], "rotation": 90, "texture": "#2"},
				"up": {"uv": [0, 0, 1, 1], "rotation": 90, "texture": "#2"},
				"down": {"uv": [0, 0, 1, 1], "rotation": 90, "texture": "#2"}
			}
		},
		{
			"name": "hexadecagon",
			"from": [8.14939, 8.07791, 5.2029],
			"to": [8.20914, 8.16111, 8.3591],
			"rotation": {"angle": -22.5, "axis": "z", "origin": [8, 8.11951, 4.5665]},
			"faces": {
				"north": {"uv": [1, 0, 2, 1], "rotation": 90, "texture": "#2"},
				"east": {"uv": [0, 0, 1, 1], "rotation": 90, "texture": "#2"},
				"south": {"uv": [0, 0, 1, 1], "rotation": 90, "texture": "#2"},
				"west": {"uv": [0, 0, 1, 1], "rotation": 90, "texture": "#2"},
				"up": {"uv": [0, 0, 1, 1], "rotation": 90, "texture": "#2"},
				"down": {"uv": [0, 0, 1, 1], "rotation": 90, "texture": "#2"}
			}
		},
		{
			"name": "hexadecagon",
			"from": [8.14939, 8.07791, 5.2029],
			"to": [8.20914, 8.16111, 8.3591],
			"faces": {
				"north": {"uv": [1, 0, 2, 1], "rotation": 90, "texture": "#2"},
				"east": {"uv": [0, 0, 1, 1], "rotation": 90, "texture": "#2"},
				"south": {"uv": [0, 0, 1, 1], "rotation": 90, "texture": "#2"},
				"west": {"uv": [0, 0, 1, 1], "rotation": 90, "texture": "#2"},
				"up": {"uv": [0, 0, 1, 1], "rotation": 90, "texture": "#2"},
				"down": {"uv": [0, 0, 1, 1], "rotation": 90, "texture": "#2"}
			}
		},
		{
			"name": "hexadecagon",
			"from": [8.14939, 8.07791, 5.2029],
			"to": [8.20914, 8.16111, 8.3591],
			"rotation": {"angle": 22.5, "axis": "z", "origin": [8, 8.11951, 4.5665]},
			"faces": {
				"north": {"uv": [1, 0, 2, 1], "rotation": 90, "texture": "#2"},
				"east": {"uv": [0, 0, 1, 1], "rotation": 90, "texture": "#2"},
				"south": {"uv": [0, 0, 1, 1], "rotation": 90, "texture": "#2"},
				"west": {"uv": [0, 0, 1, 1], "rotation": 90, "texture": "#2"},
				"up": {"uv": [0, 0, 1, 1], "rotation": 90, "texture": "#2"},
				"down": {"uv": [0, 0, 1, 1], "rotation": 90, "texture": "#2"}
			}
		},
		{
			"name": "hexadecagon",
			"from": [7.602, 8.00584, 10.923],
			"to": [7.664, 8.09216, 11.557],
			"rotation": {"angle": 45, "axis": "x", "origin": [7.633, 8.049, 11.34]},
			"faces": {
				"north": {"uv": [1, 0, 2, 1], "rotation": 270, "texture": "#2"},
				"east": {"uv": [1, 0, 2, 1], "rotation": 270, "texture": "#2"},
				"south": {"uv": [1, 0, 2, 1], "rotation": 270, "texture": "#2"},
				"west": {"uv": [1, 0, 2, 1], "rotation": 270, "texture": "#2"},
				"up": {"uv": [1, 0, 2, 1], "rotation": 270, "texture": "#2"},
				"down": {"uv": [1, 0, 2, 1], "rotation": 270, "texture": "#2"}
			}
		},
		{
			"name": "hexadecagon",
			"from": [7.602, 8.00584, 11.123],
			"to": [7.664, 8.09216, 11.557],
			"rotation": {"angle": 22.5, "axis": "x", "origin": [7.633, 8.049, 11.34]},
			"faces": {
				"north": {"uv": [1, 0, 2, 1], "rotation": 270, "texture": "#2"},
				"east": {"uv": [1, 0, 2, 1], "rotation": 270, "texture": "#2"},
				"south": {"uv": [1, 0, 2, 1], "rotation": 270, "texture": "#2"},
				"west": {"uv": [1, 0, 2, 1], "rotation": 270, "texture": "#2"},
				"up": {"uv": [1, 0, 2, 1], "rotation": 270, "texture": "#2"},
				"down": {"uv": [1, 0, 2, 1], "rotation": 270, "texture": "#2"}
			}
		},
		{
			"name": "hexadecagon",
			"from": [7.602, 8.00584, 11.123],
			"to": [7.664, 8.09216, 11.557],
			"rotation": {"angle": 0, "axis": "y", "origin": [0, 0, 1]},
			"faces": {
				"north": {"uv": [1, 0, 2, 1], "rotation": 270, "texture": "#2"},
				"east": {"uv": [1, 0, 2, 1], "rotation": 270, "texture": "#2"},
				"south": {"uv": [1, 0, 2, 1], "rotation": 270, "texture": "#2"},
				"west": {"uv": [1, 0, 2, 1], "rotation": 270, "texture": "#2"},
				"up": {"uv": [1, 0, 2, 1], "rotation": 270, "texture": "#2"},
				"down": {"uv": [1, 0, 2, 1], "rotation": 270, "texture": "#2"}
			}
		},
		{
			"name": "hexadecagon",
			"from": [7.602, 8.00584, 11.123],
			"to": [7.664, 8.09216, 11.557],
			"rotation": {"angle": -22.5, "axis": "x", "origin": [7.633, 8.049, 11.34]},
			"faces": {
				"north": {"uv": [1, 0, 2, 1], "rotation": 270, "texture": "#2"},
				"east": {"uv": [1, 0, 2, 1], "rotation": 270, "texture": "#2"},
				"south": {"uv": [1, 0, 2, 1], "rotation": 270, "texture": "#2"},
				"west": {"uv": [1, 0, 2, 1], "rotation": 270, "texture": "#2"},
				"up": {"uv": [1, 0, 2, 1], "rotation": 270, "texture": "#2"},
				"down": {"uv": [1, 0, 2, 1], "rotation": 270, "texture": "#2"}
			}
		},
		{
			"name": "hexadecagon",
			"from": [7.602, 8.00584, 11.123],
			"to": [7.664, 8.09216, 11.557],
			"rotation": {"angle": -45, "axis": "x", "origin": [7.633, 8.049, 11.34]},
			"faces": {
				"north": {"uv": [1, 0, 2, 1], "rotation": 270, "texture": "#2"},
				"east": {"uv": [1, 0, 2, 1], "rotation": 270, "texture": "#2"},
				"south": {"uv": [1, 0, 2, 1], "rotation": 270, "texture": "#2"},
				"west": {"uv": [1, 0, 2, 1], "rotation": 270, "texture": "#2"},
				"up": {"uv": [1, 0, 2, 1], "rotation": 270, "texture": "#2"},
				"down": {"uv": [1, 0, 2, 1], "rotation": 270, "texture": "#2"}
			}
		},
		{
			"name": "hexadecagon",
			"from": [7.602, 7.832, 11.29684],
			"to": [7.664, 8.266, 11.38316],
			"rotation": {"angle": 22.5, "axis": "x", "origin": [7.633, 8.049, 11.34]},
			"faces": {
				"north": {"uv": [1, 0, 2, 1], "rotation": 270, "texture": "#2"},
				"east": {"uv": [1, 0, 2, 1], "rotation": 270, "texture": "#2"},
				"south": {"uv": [1, 0, 2, 1], "rotation": 270, "texture": "#2"},
				"west": {"uv": [1, 0, 2, 1], "rotation": 270, "texture": "#2"},
				"up": {"uv": [1, 0, 2, 1], "rotation": 270, "texture": "#2"},
				"down": {"uv": [1, 0, 2, 1], "rotation": 270, "texture": "#2"}
			}
		},
		{
			"name": "hexadecagon",
			"from": [7.602, 7.832, 11.29684],
			"to": [7.664, 8.266, 11.38316],
			"rotation": {"angle": 0, "axis": "y", "origin": [0, 0, 1]},
			"faces": {
				"north": {"uv": [1, 0, 2, 1], "rotation": 270, "texture": "#2"},
				"east": {"uv": [1, 0, 2, 1], "rotation": 270, "texture": "#2"},
				"south": {"uv": [1, 0, 2, 1], "rotation": 270, "texture": "#2"},
				"west": {"uv": [1, 0, 2, 1], "rotation": 270, "texture": "#2"},
				"up": {"uv": [1, 0, 2, 1], "rotation": 270, "texture": "#2"},
				"down": {"uv": [1, 0, 2, 1], "rotation": 270, "texture": "#2"}
			}
		},
		{
			"name": "hexadecagon",
			"from": [7.602, 7.832, 11.29684],
			"to": [7.664, 8.266, 11.38316],
			"rotation": {"angle": -22.5, "axis": "x", "origin": [7.633, 8.049, 11.34]},
			"faces": {
				"north": {"uv": [1, 0, 2, 1], "rotation": 270, "texture": "#2"},
				"east": {"uv": [1, 0, 2, 1], "rotation": 270, "texture": "#2"},
				"south": {"uv": [1, 0, 2, 1], "rotation": 270, "texture": "#2"},
				"west": {"uv": [1, 0, 2, 1], "rotation": 270, "texture": "#2"},
				"up": {"uv": [1, 0, 2, 1], "rotation": 270, "texture": "#2"},
				"down": {"uv": [1, 0, 2, 1], "rotation": 270, "texture": "#2"}
			}
		},
		{
			"from": [7.79881, 3.93243, 8.88329],
			"to": [8.20254, 7.47243, 10.01538],
			"rotation": {"angle": -22.5, "axis": "x", "origin": [8, 8, 9.6168]},
			"faces": {
				"north": {"uv": [0, 0, 1, 1], "texture": "#2"},
				"east": {"uv": [0, 0, 1, 1], "texture": "#2"},
				"south": {"uv": [0, 0, 1, 1], "texture": "#2"},
				"west": {"uv": [0, 0, 1, 1], "texture": "#2"},
				"up": {"uv": [0, 0, 1, 1], "texture": "#2"},
				"down": {"uv": [0, 0, 1, 1], "texture": "#2"}
			}
		},
		{
			"from": [7.73056, 3.89202, 8.87896],
			"to": [8.27124, 4.04322, 10.10161],
			"rotation": {"angle": -22.5, "axis": "x", "origin": [8, 8, 9.74614]},
			"faces": {
				"north": {"uv": [0, 0, 1, 1], "texture": "#2"},
				"east": {"uv": [0, 0, 1, 1], "texture": "#2"},
				"south": {"uv": [0, 0, 1, 1], "texture": "#2"},
				"west": {"uv": [0, 0, 1, 1], "texture": "#2"},
				"up": {"uv": [0, 0, 1, 1], "texture": "#2"},
				"down": {"uv": [0, 0, 1, 1], "texture": "#2"}
			}
		}
	],
	"display": {
		"thirdperson_righthand": {
			"translation": [-0.25, 1.25, -2.25],
			"scale": [1.62, 1.62, 1.62]
		},
		"thirdperson_lefthand": {
			"translation": [-0.25, 1.25, -2.25],
			"scale": [1.62, 1.62, 1.62]
		},
		"firstperson_righthand": {
			"translation": [-4, 6.25, 3],
			"scale": [1.59, 1.59, 1.59]
		},
		"firstperson_lefthand": {
			"translation": [-4, 6.25, 3],
			"scale": [1.59, 1.59, 1.59]
		},
		"gui": {
			"rotation": [90, -45, 90],
			"translation": [0, 3, 0],
			"scale": [2.13, 2.13, 2.13]
		},
		"fixed": {
			"rotation": [90, 90, -90],
			"translation": [0, 3, 0],
			"scale": [2.01, 2.01, 2.01]
		}
	},
	"groups": [
		{
			"name": "fr-01pistolsgrip",
			"origin": [8, 8, 8],
			"children": [
				{
					"name": "group",
					"origin": [8, 8, 8],
					"children": [0, 1, 2, 3, 4, 5, 6, 7, 8, 9]
				}
			]
		},
		{
			"name": "fr-01trigger",
			"origin": [8, 8, 8],
			"children": [10, 11, 12, 13, 14, 15, 16, 17]
		},
		{
			"name": "group",
			"origin": [8, 8, 8],
			"children": [18, 19, 20, 21, 22, 23]
		},
		{
			"name": "hexadecagon",
			"origin": [8, 8, 8],
			"children": [24, 25, 26, 27, 28, 29, 30, 31, 32, 33, 34, 35, 36, 37, 38, 39]
		},
		{
			"name": "hexadecagon",
			"origin": [8, 8, 8],
			"children": [40, 41, 42, 43, 44, 45, 46, 47]
		},
		{
			"name": "group",
			"origin": [8, 8, 8],
			"children": [48, 49]
		},
		{
			"name": "group",
			"origin": [8, 8, 8],
			"children": []
		}
	]
}