{
    "credit": "Made with Blockbench",
    "textures": {
        "0": "block/oak_log",
        "1": "block/oak_log_top",
        "particle": "block/oak_log"
    },
    "elements": [
        {
            "from": [
                4,
                -16,
                4
            ],
            "to": [
                12,
                0,
                12
            ],
            "rotation": {
                "angle": 0,
                "axis": "y",
                "origin": [
                    8,
                    8,
                    8
                ]
            },
            "faces": {
                "north": {
                    "uv": [
                        0,
                        0,
                        16,
                        16
                    ],
                    "texture": "#0"
                },
                "east": {
                    "uv": [
                        0,
                        0,
                        16,
                        16
                    ],
                    "texture": "#0"
                },
                "south": {
                    "uv": [
                        0,
                        0,
                        16,
                        16
                    ],
                    "texture": "#0"
                },
                "west": {
                    "uv": [
                        0,
                        0,
                        16,
                        16
                    ],
                    "texture": "#0"
                },
                "up": {
                    "uv": [
                        0,
                        0,
                        16,
                        16
                    ],
                    "texture": "#1"
                },
                "down": {
                    "uv": [
                        0,
                        0,
                        16,
                        16
                    ],
                    "texture": "#1"
                }
            }
        },
        {
            "from": [
                4,
                0,
                4
            ],
            "to": [
                12,
                16,
                12
            ],
            "rotation": {
                "angle": 0,
                "axis": "y",
                "origin": [
                    8,
                    8,
                    8
                ]
            },
            "faces": {
                "north": {
                    "uv": [
                        0,
                        0,
                        16,
                        16
                    ],
                    "texture": "#0"
                },
                "east": {
                    "uv": [
                        0,
                        0,
                        16,
                        16
                    ],
                    "texture": "#0"
                },
                "south": {
                    "uv": [
                        0,
                        0,
                        16,
                        16
                    ],
                    "texture": "#0"
                },
                "west": {
                    "uv": [
                        0,
                        0,
                        16,
                        16
                    ],
                    "texture": "#0"
                },
                "up": {
                    "uv": [
                        0,
                        0,
                        16,
                        16
                    ],
                    "texture": "#1"
                },
                "down": {
                    "uv": [
                        0,
                        0,
                        16,
                        16
                    ],
                    "texture": "#1"
                }
            }
        },
        {
            "from": [
                4,
                16,
                4
            ],
            "to": [
                12,
                32,
                12
            ],
            "rotation": {
                "angle": 0,
                "axis": "y",
                "origin": [
                    8,
                    8,
                    8
                ]
            },
            "faces": {
                "north": {
                    "uv": [
                        0,
                        0,
                        16,
                        16
                    ],
                    "texture": "#0"
                },
                "east": {
                    "uv": [
                        0,
                        0,
                        16,
                        16
                    ],
                    "texture": "#0"
                },
                "south": {
                    "uv": [
                        0,
                        0,
                        16,
                        16
                    ],
                    "texture": "#0"
                },
                "west": {
                    "uv": [
                        0,
                        0,
                        16,
                        16
                    ],
                    "texture": "#0"
                },
                "up": {
                    "uv": [
                        0,
                        0,
                        16,
                        16
                    ],
                    "texture": "#1"
                },
                "down": {
                    "uv": [
                        0,
                        0,
                        16,
                        16
                    ],
                    "texture": "#1"
                }
            }
        }
    ],
    "display": {
        "thirdperson_righthand": {
            "rotation": [
                8,
                0,
                -16
            ],
            "translation": [
                1,
                3,
                1
            ],
            "scale": [
                0.8,
                0.8,
                0.8
            ]
        },
        "thirdperson_lefthand": {
            "rotation": [
                8,
                0,
                -16
            ],
            "translation": [
                1,
                3,
                1
            ],
            "scale": [
                0.8,
                0.8,
                0.8
            ]
        },
        "firstperson_righthand": {
            "rotation": [
                -15,
                -120,
                45
            ],
            "translation": [
                1.13,
                3.2,
                1.13
            ],
            "scale": [
                0.68,
                0.68,
                0.68
            ]
        },
        "firstperson_lefthand": {
            "rotation": [
                -15,
                -120,
                45
            ],
            "translation": [
                1.13,
                3.2,
                1.13
            ],
            "scale": [
                0.68,
                0.68,
                0.68
            ]
        },
        "ground": {
            "rotation": [
                90,
                0,
                0
            ],
            "translation": [
                0,
                2,
                0
            ],
            "scale": [
                0.5,
                0.5,
                0.5
            ]
        },
        "gui": {
            "rotation": [
                30,
                -135,
                70
            ],
            "scale": [
                0.41,
                0.41,
                0.41
            ]
        },
        "head": {
            "rotation": [
                0,
                180,
                0
            ],
            "translation": [
                0,
                -4,
                0
            ],
            "scale": [
                1.7,
                1.7,
                1.7
            ]
        },
        "fixed": {
            "rotation": [
                0,
                180,
                0
            ]
        }
    }
}