{
	"credit": "Made with Blockbench",
	"parent": "item/generated_24",
	"textures": {
		"layer0": "item/sacred_treasure/stick/910"
	},
	"display": {
		"thirdperson_righthand": {
			"rotation": [0, 90, 35],
			"translation": [0, 7.5, 0.5],
			"scale": [1.8, 1.8, 0.9]
		},
		"thirdperson_lefthand": {
			"rotation": [0, -90, -35],
			"translation": [0, 7.5, 0.5],
			"scale": [1.8, 1.8, 0.9]
		},
		"firstperson_righthand": {
			"rotation": [0, 90, 70],
			"translation": [0, 4, 2],
			"scale": [1.5, 1.5, 0.75]
		},
		"firstperson_lefthand": {
			"rotation": [0, -90, -70],
			"translation": [0, 4, 2],
			"scale": [1.5, 1.5, 0.75]
		},
		"ground": {
			"scale": [1, 1, 0.5]
		},
		"gui": {
			"scale": [1.25, 1.25, 0.75]
		},
		"head": {
			"scale": [1.5, 1.5, 0.75]
		},
		"fixed": {
			"scale": [1.5, 1.5, 0.75]
		}
	}
}