{
    "parent": "item/generated_32",
    "textures": {
        "layer0": "item/sacred_treasure/stick/959"
	},
	"display": {
		"thirdperson_righthand": {
			"rotation": [60, -90, -100],
			"translation": [-0.5, -7.75, -2.5],
            "scale": [ 0.85, 0.85, 0.425 ]
		},
		"thirdperson_lefthand": {
			"rotation": [0, 90, 160],
			"translation": [-0.5, -7.75, -2.5],
            "scale": [ 0.85, 0.85, 0.425 ]
		},
		"firstperson_righthand": {
			"rotation": [0, 90, -180],
			"translation": [6.25, -1.75, -2.5],
            "scale": [ 0.85, 0.85, 0.425 ]
		},
		"firstperson_lefthand": {
			"rotation": [0, -90, -180],
			"translation": [6.25, -1.75, -2.5],
            "scale": [ 0.85, 0.85, 0.425 ]
		},
		"ground": {
			"rotation": [-180, 0, 21],
			"translation": [0, 2, 0],
            "scale":[ 0.5, 0.5, 0.25 ]
		}
	}
}