{
	"credit": "Made with Blockbench",
	"texture_size": [64, 64],
	"textures": {
		"0": "item/sacred_treasure/ender_eye/876/uni",
		"particle": "item/sacred_treasure/ender_eye/876/uni"
	},
	"elements": [
		{
			"from": [7, 4.5, 6],
			"to": [9, 11.5, 9],
			"rotation": {"angle": 0, "axis": "y", "origin": [7, 4.5, 9]},
			"faces": {
				"north": {"uv": [5.25, 0, 5.75, 1.75], "texture": "#0"},
				"east": {"uv": [2.75, 4.5, 3.5, 6.25], "texture": "#0"},
				"south": {"uv": [5.25, 4.5, 5.75, 6.25], "texture": "#0"},
				"west": {"uv": [3.5, 4.5, 4.25, 6.25], "texture": "#0"},
				"up": {"uv": [6.25, 3.25, 5.75, 2.5], "texture": "#0"},
				"down": {"uv": [6.25, 4.5, 5.75, 5.25], "texture": "#0"}
			}
		},
		{
			"from": [6.5, 11.5, 5.5],
			"to": [9.5, 19.5, 9.5],
			"rotation": {"angle": 0, "axis": "y", "origin": [7.5, 4.5, 9]},
			"faces": {
				"north": {"uv": [4.5, 0, 5.25, 2], "texture": "#0"},
				"east": {"uv": [2, 2, 3, 4], "texture": "#0"},
				"south": {"uv": [2, 4.5, 2.75, 6.5], "texture": "#0"},
				"west": {"uv": [3, 2, 4, 4], "texture": "#0"},
				"up": {"uv": [5.75, 3.5, 5, 2.5], "texture": "#0"},
				"down": {"uv": [6.25, 3.5, 5.5, 4.5], "texture": "#0"}
			}
		},
		{
			"from": [7.5, 18.5, 2.5],
			"to": [8.5, 22.5, 3.5],
			"rotation": {"angle": 45, "axis": "x", "origin": [8, 17.5, 3]},
			"faces": {
				"north": {"uv": [4.5, 0, 5.25, 2], "texture": "#0"},
				"east": {"uv": [2, 2, 3, 4], "texture": "#0"},
				"south": {"uv": [2, 4.5, 2.75, 6.5], "texture": "#0"},
				"west": {"uv": [3, 2, 4, 4], "texture": "#0"},
				"up": {"uv": [5.75, 3.5, 5, 2.5], "texture": "#0"},
				"down": {"uv": [6.25, 3.5, 5.5, 4.5], "texture": "#0"}
			}
		},
		{
			"from": [6, 19.5, -4.5],
			"to": [10, 23.5, 13.5],
			"rotation": {"angle": 0, "axis": "y", "origin": [9, 4.5, 9]},
			"faces": {
				"north": {"uv": [4, 2.5, 5, 3.5], "texture": "#0"},
				"east": {"uv": [0, 0, 4.5, 1], "texture": "#0"},
				"south": {"uv": [4.25, 4.5, 5.25, 5.5], "texture": "#0"},
				"west": {"uv": [0, 1, 4.5, 2], "texture": "#0"},
				"up": {"uv": [1, 6.5, 0, 2], "texture": "#0"},
				"down": {"uv": [2, 2, 1, 6.5], "texture": "#0"}
			}
		},
		{
			"from": [9, 23.5, -4.5],
			"to": [10, 25.5, -3.5],
			"rotation": {"angle": 0, "axis": "y", "origin": [9, 4.5, 9]},
			"faces": {
				"north": {"uv": [0, 6.5, 0.25, 7], "texture": "#0"},
				"east": {"uv": [0.25, 6.5, 0.5, 7], "texture": "#0"},
				"south": {"uv": [6.5, 0.25, 6.75, 0.75], "texture": "#0"},
				"west": {"uv": [0.5, 6.5, 0.75, 7], "texture": "#0"},
				"up": {"uv": [6.5, 6.75, 6.25, 6.5], "texture": "#0"},
				"down": {"uv": [6.75, 6.5, 6.5, 6.75], "texture": "#0"}
			}
		},
		{
			"from": [6, 23.5, -4.5],
			"to": [7, 25.5, -3.5],
			"rotation": {"angle": 0, "axis": "y", "origin": [9, 4.5, 9]},
			"faces": {
				"north": {"uv": [0.75, 6.5, 1, 7], "texture": "#0"},
				"east": {"uv": [6.5, 0.75, 6.75, 1.25], "texture": "#0"},
				"south": {"uv": [1, 6.5, 1.25, 7], "texture": "#0"},
				"west": {"uv": [1.25, 6.5, 1.5, 7], "texture": "#0"},
				"up": {"uv": [7, 0.5, 6.75, 0.25], "texture": "#0"},
				"down": {"uv": [7, 0.5, 6.75, 0.75], "texture": "#0"}
			}
		},
		{
			"from": [6, 23.5, 10.5],
			"to": [7, 25.5, 13.5],
			"rotation": {"angle": 0, "axis": "y", "origin": [9, 4.5, 9]},
			"faces": {
				"north": {"uv": [6.5, 3.5, 6.75, 4], "texture": "#0"},
				"east": {"uv": [5.75, 1.5, 6.5, 2], "texture": "#0"},
				"south": {"uv": [6.5, 4, 6.75, 4.5], "texture": "#0"},
				"west": {"uv": [5.75, 5.25, 6.5, 5.75], "texture": "#0"},
				"up": {"uv": [5.75, 7, 5.5, 6.25], "texture": "#0"},
				"down": {"uv": [6.5, 5.75, 6.25, 6.5], "texture": "#0"}
			}
		},
		{
			"from": [9, 23.5, 10.5],
			"to": [10, 25.5, 13.5],
			"rotation": {"angle": 0, "axis": "y", "origin": [9, 4.5, 9]},
			"faces": {
				"north": {"uv": [2.25, 6.5, 2.5, 7], "texture": "#0"},
				"east": {"uv": [4, 3.5, 4.75, 4], "texture": "#0"},
				"south": {"uv": [2.5, 6.5, 2.75, 7], "texture": "#0"},
				"west": {"uv": [4.75, 3.5, 5.5, 4], "texture": "#0"},
				"up": {"uv": [6.5, 5, 6.25, 4.25], "texture": "#0"},
				"down": {"uv": [5.5, 6.25, 5.25, 7], "texture": "#0"}
			}
		},
		{
			"from": [7.5, 22.5, 0.5],
			"to": [8.5, 24.5, 1.5],
			"rotation": {"angle": 0, "axis": "y", "origin": [9.5, 4.5, 9]},
			"faces": {
				"north": {"uv": [6.5, 1.25, 6.75, 1.75], "texture": "#0"},
				"east": {"uv": [1.5, 6.5, 1.75, 7], "texture": "#0"},
				"south": {"uv": [1.75, 6.5, 2, 7], "texture": "#0"},
				"west": {"uv": [2, 6.5, 2.25, 7], "texture": "#0"},
				"up": {"uv": [7, 1, 6.75, 0.75], "texture": "#0"},
				"down": {"uv": [7, 1, 6.75, 1.25], "texture": "#0"}
			}
		},
		{
			"from": [7.5, 20.9, -9.5],
			"to": [8.5, 21.9, -4.5],
			"rotation": {"angle": 0, "axis": "y", "origin": [8.5, 4.5, 9]},
			"faces": {
				"north": {"uv": [6.5, 1.75, 6.75, 2], "texture": "#0"},
				"east": {"uv": [5.75, 3.25, 7, 3.5], "texture": "#0"},
				"south": {"uv": [6.5, 3, 6.75, 3.25], "texture": "#0"},
				"west": {"uv": [6.25, 0, 7.5, 0.25], "texture": "#0"},
				"up": {"uv": [6.5, 1.5, 6.25, 0.25], "texture": "#0"},
				"down": {"uv": [3, 6.25, 2.75, 7.5], "texture": "#0"}
			}
		},
		{
			"from": [7.5, 19.9, 13.5],
			"to": [8.5, 21.9, 27.5],
			"rotation": {"angle": 0, "axis": "y", "origin": [8.5, 4.5, 9]},
			"faces": {
				"north": {"uv": [6.5, 4.5, 6.75, 5], "texture": "#0"},
				"east": {"uv": [2, 4, 5.5, 4.5], "texture": "#0"},
				"south": {"uv": [6.5, 5, 6.75, 5.5], "texture": "#0"},
				"west": {"uv": [4, 2, 7.5, 2.5], "texture": "#0"},
				"up": {"uv": [4.5, 9, 4.25, 5.5], "texture": "#0"},
				"down": {"uv": [4.75, 5.5, 4.5, 9], "texture": "#0"}
			}
		},
		{
			"from": [7.5, 15.9, 27.5],
			"to": [8.5, 21.9, 29.5],
			"rotation": {"angle": 0, "axis": "y", "origin": [8.5, 4.5, 9]},
			"faces": {
				"north": {"uv": [5.75, 5.75, 6, 7.25], "texture": "#0"},
				"east": {"uv": [4.75, 5.5, 5.25, 7], "texture": "#0"},
				"south": {"uv": [6, 5.75, 6.25, 7.25], "texture": "#0"},
				"west": {"uv": [5.75, 0, 6.25, 1.5], "texture": "#0"},
				"up": {"uv": [6.75, 6, 6.5, 5.5], "texture": "#0"},
				"down": {"uv": [6.75, 6, 6.5, 6.5], "texture": "#0"}
			}
		},
		{
			"from": [7.5, 16.5, 1.5],
			"to": [8.5, 17.5, 5.5],
			"rotation": {"angle": 0, "axis": "y", "origin": [7.5, 4.5, 9]},
			"faces": {
				"north": {"uv": [5.25, 1.75, 5.5, 2], "texture": "#0"},
				"east": {"uv": [6.25, 2.5, 7.25, 2.75], "texture": "#0"},
				"south": {"uv": [5.5, 1.75, 5.75, 2], "texture": "#0"},
				"west": {"uv": [6.25, 2.75, 7.25, 3], "texture": "#0"},
				"up": {"uv": [3.25, 7.25, 3, 6.25], "texture": "#0"},
				"down": {"uv": [3.5, 6.25, 3.25, 7.25], "texture": "#0"}
			}
		},
		{
			"from": [7.5, 16.5, 0.5],
			"to": [8.5, 19.5, 1.5],
			"rotation": {"angle": 0, "axis": "y", "origin": [7.5, 4.5, 9]},
			"faces": {
				"north": {"uv": [3.5, 6.25, 3.75, 7], "texture": "#0"},
				"east": {"uv": [6.25, 3.5, 6.5, 4.25], "texture": "#0"},
				"south": {"uv": [3.75, 6.25, 4, 7], "texture": "#0"},
				"west": {"uv": [4, 6.25, 4.25, 7], "texture": "#0"},
				"up": {"uv": [6.5, 3.25, 6.25, 3], "texture": "#0"},
				"down": {"uv": [6.5, 5, 6.25, 5.25], "texture": "#0"}
			}
		}
	],
	"display": {
		"thirdperson_righthand": {
			"translation": [-0.75, -2.5, 0.75],
			"scale": [0.37, 0.37, 0.37]
		},
		"thirdperson_lefthand": {
			"translation": [-0.75, -2.5, 0.75],
			"scale": [0.37, 0.37, 0.37]
		},
		"firstperson_righthand": {
			"translation": [-0.25, 9.8, 1.5],
			"scale": [0.43, 0.43, 0.43]
		},
		"firstperson_lefthand": {
			"translation": [-0.25, 0, 1.5],
			"scale": [0.43, 0.43, 0.43]
		},
		"ground": {
			"translation": [0, -2.5, 0],
			"scale": [0.24, 0.24, 0.24]
		},
		"gui": {
			"rotation": [-90, -125, -90],
			"translation": [4.75, -3.5, 0],
			"scale": [0.47, 0.47, 0.47]
		},
		"fixed": {
			"rotation": [-90, 125, 90],
			"translation": [-2.5, -3, 0],
			"scale": [0.47, 0.47, 0.47]
		}
	}
}