{
	"credit": "Made with Blockbench",
	"texture_size": [32, 32],
	"textures": {
		"1": "item/sacred_treasure/ender_eye/948/guntex"
	},
	"elements": [
		{
			"from": [7, 3, -1],
			"to": [9, 5, 5],
			"rotation": {"angle": 0, "axis": "y", "origin": [7.5, 3, 2]},
			"faces": {
				"north": {"uv": [13, 0, 14, 1], "texture": "#1"},
				"east": {"uv": [9, 7.5, 12, 8.5], "texture": "#1"},
				"south": {"uv": [1, 13, 2, 14], "texture": "#1"},
				"west": {"uv": [9, 8.5, 12, 9.5], "texture": "#1"},
				"up": {"uv": [10, 12.5, 9, 9.5], "texture": "#1"},
				"down": {"uv": [1, 10, 0, 13], "texture": "#1"}
			}
		},
		{
			"from": [7, 3, 5],
			"to": [9, 4.5, 6.5],
			"rotation": {"angle": 0, "axis": "y", "origin": [7.5, 3, 8.5]},
			"faces": {
				"north": {"uv": [13, 1, 14, 2], "texture": "#1"},
				"east": {"uv": [2, 13, 3, 14], "texture": "#1"},
				"south": {"uv": [13, 2, 14, 3], "texture": "#1"},
				"west": {"uv": [13, 3, 14, 4], "texture": "#1"},
				"up": {"uv": [5.5, 14, 4.5, 13], "texture": "#1"},
				"down": {"uv": [6.5, 13, 5.5, 14], "texture": "#1"}
			}
		},
		{
			"from": [7.001, -0.06482, 7.09917],
			"to": [8.999, 1.93318, 7.59867],
			"rotation": {"angle": -45, "axis": "x", "origin": [6.75125, 1.45626, 4.81793]},
			"faces": {
				"north": {"uv": [6.5, 13, 7.5, 14], "texture": "#1"},
				"east": {"uv": [8.5, 10, 9, 11], "texture": "#1"},
				"south": {"uv": [13, 6.5, 14, 7.5], "texture": "#1"},
				"west": {"uv": [5.5, 11.5, 6, 12.5], "texture": "#1"},
				"up": {"uv": [7, 14.5, 6, 14], "texture": "#1"},
				"down": {"uv": [15, 6, 14, 6.5], "texture": "#1"}
			}
		},
		{
			"from": [7, 2.33751, 7.23965],
			"to": [9, 2.83752, 9.23965],
			"rotation": {"angle": -22.5, "axis": "x", "origin": [8, 2.83752, 8.23965]},
			"faces": {
				"north": {"uv": [14, 6.5, 15, 7], "texture": "#1"},
				"east": {"uv": [7, 14, 8, 14.5], "texture": "#1"},
				"south": {"uv": [14, 7, 15, 7.5], "texture": "#1"},
				"west": {"uv": [14, 7.5, 15, 8], "texture": "#1"},
				"up": {"uv": [8.5, 14, 7.5, 13], "texture": "#1"},
				"down": {"uv": [14, 7.5, 13, 8.5], "texture": "#1"}
			}
		},
		{
			"from": [7.5, 2.83752, 7.61465],
			"to": [8.5, 4.83752, 8.11465],
			"rotation": {"angle": 22.5, "axis": "x", "origin": [8, 2.83752, 8.23965]},
			"faces": {
				"north": {"uv": [8.5, 13, 9, 14], "texture": "#1"},
				"east": {"uv": [8, 14, 8.5, 15], "texture": "#1"},
				"south": {"uv": [14, 8, 14.5, 9], "texture": "#1"},
				"west": {"uv": [8.5, 14, 9, 15], "texture": "#1"},
				"up": {"uv": [6, 13, 5.5, 12.5], "texture": "#1"},
				"down": {"uv": [13.5, 11, 13, 11.5], "texture": "#1"}
			}
		},
		{
			"from": [7, 4, 6.5],
			"to": [9, 5, 9.5],
			"rotation": {"angle": 0, "axis": "y", "origin": [7.5, 3, 9.5]},
			"faces": {
				"north": {"uv": [9, 14, 10, 14.5], "texture": "#1"},
				"east": {"uv": [14, 5, 15.5, 5.5], "texture": "#1"},
				"south": {"uv": [14, 9, 15, 9.5], "texture": "#1"},
				"west": {"uv": [14, 5.5, 15.5, 6], "texture": "#1"},
				"up": {"uv": [12, 11.5, 11, 10], "texture": "#1"},
				"down": {"uv": [3, 11.5, 2, 13], "texture": "#1"}
			}
		},
		{
			"from": [7.001, 3.27083, 8.34486],
			"to": [8.999, 4.76933, 9.84336],
			"rotation": {"angle": -22.5, "axis": "x", "origin": [8.24975, 4.02008, 9.09411]},
			"faces": {
				"north": {"uv": [13, 8.5, 14, 9.5], "texture": "#1"},
				"east": {"uv": [13, 10, 14, 11], "texture": "#1"},
				"south": {"uv": [11, 13, 12, 14], "texture": "#1"},
				"west": {"uv": [3, 13.5, 4, 14.5], "texture": "#1"},
				"up": {"uv": [14.5, 5, 13.5, 4], "texture": "#1"},
				"down": {"uv": [11, 13.5, 10, 14.5], "texture": "#1"}
			}
		},
		{
			"from": [7.001, 5.0536, 9.71889],
			"to": [8.999, 7.1728, 10.21839],
			"rotation": {"angle": 45, "axis": "x", "origin": [8.249, 6.6723, 9.96839]},
			"faces": {
				"north": {"uv": [13.5, 11, 14.5, 12], "texture": "#1"},
				"east": {"uv": [14, 9.5, 14.5, 10.5], "texture": "#1"},
				"south": {"uv": [12, 13.5, 13, 14.5], "texture": "#1"},
				"west": {"uv": [11, 14, 11.5, 15], "texture": "#1"},
				"up": {"uv": [15, 11, 14, 10.5], "texture": "#1"},
				"down": {"uv": [15, 13.5, 14, 14], "texture": "#1"}
			}
		},
		{
			"from": [7, 5.35, -3],
			"to": [9, 7.35, 5],
			"rotation": {"angle": 0, "axis": "y", "origin": [7.5, 7.35, 2.5]},
			"faces": {
				"north": {"uv": [13.5, 12, 14.5, 13], "texture": "#1"},
				"east": {"uv": [7, 1, 11, 2], "texture": "#1"},
				"south": {"uv": [13, 13.5, 14, 14.5], "texture": "#1"},
				"west": {"uv": [7, 2, 11, 3], "texture": "#1"},
				"up": {"uv": [3, 11.5, 2, 7.5], "texture": "#1"},
				"down": {"uv": [4, 7.5, 3, 11.5], "texture": "#1"}
			}
		},
		{
			"from": [7.5, 6, -3.25],
			"to": [8.5, 7, -2.25],
			"rotation": {"angle": 0, "axis": "y", "origin": [7, 9.5, 2.5]},
			"faces": {
				"north": {"uv": [11.5, 14.5, 12, 15], "texture": "#1"},
				"east": {"uv": [14.5, 11.5, 15, 12], "texture": "#1"},
				"south": {"uv": [12, 14.5, 12.5, 15], "texture": "#1"},
				"west": {"uv": [14.5, 12, 15, 12.5], "texture": "#1"},
				"up": {"uv": [13, 15, 12.5, 14.5], "texture": "#1"},
				"down": {"uv": [15, 12.5, 14.5, 13], "texture": "#1"}
			}
		},
		{
			"from": [7, 6.85, 5],
			"to": [9, 7.35, 10.5],
			"rotation": {"angle": 0, "axis": "y", "origin": [7.5, 7.35, 9]},
			"faces": {
				"north": {"uv": [14, 14, 15, 14.5], "texture": "#1"},
				"east": {"uv": [11, 5, 14, 5.5], "texture": "#1"},
				"south": {"uv": [0, 14.5, 1, 15], "texture": "#1"},
				"west": {"uv": [11, 5.5, 14, 6], "texture": "#1"},
				"up": {"uv": [2, 13, 1, 10], "texture": "#1"},
				"down": {"uv": [11, 3, 10, 6], "texture": "#1"}
			}
		},
		{
			"from": [7, 5.35, 6],
			"to": [9, 6.85, 9],
			"rotation": {"angle": 0, "axis": "y", "origin": [7.5, 7.35, 9]},
			"faces": {
				"north": {"uv": [14, 0, 15, 1], "texture": "#1"},
				"east": {"uv": [11.5, 0, 13, 1], "texture": "#1"},
				"south": {"uv": [1, 14, 2, 15], "texture": "#1"},
				"west": {"uv": [3, 11.5, 4.5, 12.5], "texture": "#1"},
				"up": {"uv": [5.5, 13, 4.5, 11.5], "texture": "#1"},
				"down": {"uv": [12, 11.5, 11, 13], "texture": "#1"}
			}
		},
		{
			"from": [7, 6.35, 9],
			"to": [9, 6.85, 10],
			"rotation": {"angle": 0, "axis": "y", "origin": [7.5, 7.35, 12]},
			"faces": {
				"north": {"uv": [3, 14.5, 4, 15], "texture": "#1"},
				"east": {"uv": [4, 13.5, 4.5, 14], "texture": "#1"},
				"south": {"uv": [4, 14.5, 5, 15], "texture": "#1"},
				"west": {"uv": [11.5, 14, 12, 14.5], "texture": "#1"},
				"up": {"uv": [15.5, 4.5, 14.5, 4], "texture": "#1"},
				"down": {"uv": [15.5, 4.5, 14.5, 5], "texture": "#1"}
			}
		},
		{
			"from": [7, 5.85, 9],
			"to": [9, 6.35, 9.5],
			"rotation": {"angle": 0, "axis": "y", "origin": [7.5, 6.85, 12]},
			"faces": {
				"north": {"uv": [5, 14.5, 6, 15], "texture": "#1"},
				"east": {"uv": [14.5, 10, 15, 10.5], "texture": "#1"},
				"south": {"uv": [6, 14.5, 7, 15], "texture": "#1"},
				"west": {"uv": [14.5, 11, 15, 11.5], "texture": "#1"},
				"up": {"uv": [8, 15, 7, 14.5], "texture": "#1"},
				"down": {"uv": [15.5, 8, 14.5, 8.5], "texture": "#1"}
			}
		},
		{
			"from": [7.25075, 1.35131, 9.50079],
			"to": [8.74925, 4.84781, 11.49879],
			"rotation": {"angle": -22.5, "axis": "x", "origin": [7.25075, 2.35031, 11.49879]},
			"faces": {
				"north": {"uv": [12, 1, 13, 2.5], "texture": "#1"},
				"east": {"uv": [13, 1, 12, 2.5], "texture": "#1"},
				"south": {"uv": [12, 6.5, 13, 8], "texture": "#1"},
				"west": {"uv": [12, 8, 13, 9.5], "texture": "#1"},
				"up": {"uv": [15, 2, 14, 1], "texture": "#1"},
				"down": {"uv": [3, 14, 2, 15], "texture": "#1"}
			}
		},
		{
			"from": [7.25, 0.85, 2.25],
			"to": [8.75, 7.35, 5.25],
			"rotation": {"angle": -22.5, "axis": "x", "origin": [7.25, 2.35, 11.5]},
			"faces": {
				"north": {"uv": [8, 3, 9, 6.5], "texture": "#1"},
				"east": {"uv": [5, 3, 6.5, 6.5], "texture": "#1"},
				"south": {"uv": [9, 3, 10, 6.5], "texture": "#1"},
				"west": {"uv": [6.5, 3, 8, 6.5], "texture": "#1"},
				"up": {"uv": [10, 14, 9, 12.5], "texture": "#1"},
				"down": {"uv": [1, 13, 0, 14.5], "texture": "#1"}
			}
		},
		{
			"from": [7.25, 4.35, -0.5],
			"to": [8.75, 6.85, 13],
			"rotation": {"angle": 0, "axis": "x", "origin": [7.25, 3.85, 7.75]},
			"faces": {
				"north": {"uv": [10, 12, 11, 13.5], "texture": "#1"},
				"east": {"uv": [7, 1.5, 0, 3], "texture": "#1"},
				"south": {"uv": [12, 10, 13, 11.5], "texture": "#1"},
				"west": {"uv": [0, 1.5, 7, 3], "texture": "#1"},
				"up": {"uv": [1, 10, 0, 3], "texture": "#1"},
				"down": {"uv": [2, 3, 1, 10], "texture": "#1"}
			}
		},
		{
			"from": [7, 2.42764, 9.50631],
			"to": [9, 2.92764, 18.00631],
			"rotation": {"angle": -22.5, "axis": "x", "origin": [8, 2.42764, 15.56697]},
			"faces": {
				"north": {"uv": [14.5, 8.5, 15.5, 9], "texture": "#1"},
				"east": {"uv": [10, 6, 14, 6.5], "texture": "#1"},
				"south": {"uv": [9, 14.5, 10, 15], "texture": "#1"},
				"west": {"uv": [10, 9.5, 14, 10], "texture": "#1"},
				"up": {"uv": [5, 11.5, 4, 7.5], "texture": "#1"},
				"down": {"uv": [6, 7.5, 5, 11.5], "texture": "#1"}
			}
		},
		{
			"from": [7, 1.92764, 2.25631],
			"to": [9, 2.42764, 5.75631],
			"rotation": {"angle": -22.5, "axis": "x", "origin": [8, 2.42764, 15.56697]},
			"faces": {
				"north": {"uv": [14.5, 9.5, 15.5, 10], "texture": "#1"},
				"east": {"uv": [13.5, 13, 15.5, 13.5], "texture": "#1"},
				"south": {"uv": [10, 14.5, 11, 15], "texture": "#1"},
				"west": {"uv": [4, 14, 6, 14.5], "texture": "#1"},
				"up": {"uv": [8, 13, 7, 11], "texture": "#1"},
				"down": {"uv": [9, 11, 8, 13], "texture": "#1"}
			}
		},
		{
			"from": [7, 2.92764, 14.50631],
			"to": [9, 6.42764, 17.00631],
			"rotation": {"angle": -22.5, "axis": "x", "origin": [8, 2.42764, 15.56697]},
			"faces": {
				"north": {"uv": [10, 10, 11, 12], "texture": "#1"},
				"east": {"uv": [11, 1, 12, 3], "texture": "#1"},
				"south": {"uv": [11, 3, 12, 5], "texture": "#1"},
				"west": {"uv": [6, 11, 7, 13], "texture": "#1"},
				"up": {"uv": [15, 3, 14, 2], "texture": "#1"},
				"down": {"uv": [15, 3, 14, 4], "texture": "#1"}
			}
		},
		{
			"from": [6.75, 5.29791, 11.1497],
			"to": [9.25, 7.29791, 20.1497],
			"rotation": {"angle": 0, "axis": "y", "origin": [7.25, 7.29791, 13.6497]},
			"faces": {
				"north": {"uv": [12, 4, 13.5, 5], "texture": "#1"},
				"east": {"uv": [5, 6.5, 9.5, 7.5], "texture": "#1"},
				"south": {"uv": [12, 11.5, 13.5, 12.5], "texture": "#1"},
				"west": {"uv": [7, 0, 11.5, 1], "texture": "#1"},
				"up": {"uv": [3.5, 7.5, 2, 3], "texture": "#1"},
				"down": {"uv": [5, 3, 3.5, 7.5], "texture": "#1"}
			}
		},
		{
			"from": [6.75, 3.29791, 15.1497],
			"to": [9.25, 5.29791, 20.1497],
			"rotation": {"angle": 0, "axis": "y", "origin": [7.25, 7.29791, 13.6497]},
			"faces": {
				"north": {"uv": [3, 12.5, 4.5, 13.5], "texture": "#1"},
				"east": {"uv": [9.5, 6.5, 12, 7.5], "texture": "#1"},
				"south": {"uv": [12, 12.5, 13.5, 13.5], "texture": "#1"},
				"west": {"uv": [6, 10, 8.5, 11], "texture": "#1"},
				"up": {"uv": [7.5, 10, 6, 7.5], "texture": "#1"},
				"down": {"uv": [9, 7.5, 7.5, 10], "texture": "#1"}
			}
		}
	],
	"gui_light": "front",
	"display": {
		"thirdperson_righthand": {
			"translation": [-0.75, 3.75, 0],
			"scale": [0.85, 0.85, 0.85]
		},
		"thirdperson_lefthand": {
			"translation": [-0.75, 3.75, 0],
			"scale": [0.85, 0.85, 0.85]
		},
		"firstperson_righthand": {
			"translation": [0.5, 16.3, 2],
			"scale": [0.95, 0.95, 0.95]
		},
		"firstperson_lefthand": {
			"translation": [0.5, 6.5, 2],
			"scale": [0.95, 0.95, 0.95]
		},
		"ground": {
			"rotation": [45, 0, 0],
			"translation": [0, 2.5, 0],
			"scale": [0.51, 0.51, 0.51]
		},
		"gui": {
			"rotation": [-90, -130, -90],
			"translation": [-1, 1.5, 0],
			"scale": [0.76, 0.76, 0.76]
		},
		"fixed": {
			"rotation": [0, 90, 0],
			"translation": [0, 2.5, 0],
			"scale": [0.77, 0.77, 0.77]
		}
	},
	"groups": [
		{
			"name": "group",
			"origin": [7.5, 6, 3],
			"color": 0,
			"children": [0, 1, 2, 3, 4, 5, 6]
		},
		{
			"name": "group",
			"origin": [7.5, 6, 3],
			"color": 0,
			"children": [7, 8, 9, 10, 11, 12, 13]
		},
		14,
		15,
		16,
		{
			"name": "group",
			"origin": [7.5, 6, 3],
			"color": 0,
			"children": [17, 18, 19, 20, 21]
		}
	]
}