{
    "parent": "builtin/generated",
    "gui_light": "front",
    "display": {
        "thirdperson_righthand": {
            "rotation": [ 0, 0, 0 ],
            "translation": [ 0, 3, 1 ],
            "scale": [ 0.825, 0.825, 0.4125 ]
        },
        "firstperson_righthand": {
            "rotation": [ 0, -90, 25 ],
            "translation": [ 1.13, 3.2, 1.13],
            "scale": [ 0.68, 0.68, 0.34 ]
        },
		"ground": {
			"scale": [1, 1, 0.5]
		},
		"gui": {
			"scale": [1.5, 1.5, 0.75]
		},
		"head": {
			"scale": [1.5, 1.5, 0.75]
		},
		"fixed": {
			"scale": [1.5, 1.5, 0.75]
		}
    }
}
