{
    "parent": "item/generated",
    "display": {
        "thirdperson_righthand": {
            "rotation": [0, 90, 35],
            "translation": [0, 4, 0.5],
            "scale": [0.85, 0.85, 0.85]
        },
        "thirdperson_lefthand": {
            "rotation": [0, -90, -35],
            "translation": [0, 4, 0.5],
            "scale": [0.85, 0.85, 0.85]
        },
        "firstperson_righthand": {
            "rotation": [0, 90, 70],
            "translation": [0, 4, 2],
            "scale": [0.68, 0.68, 0.68]
        },
        "firstperson_lefthand": {
            "rotation": [0, -90, -70],
            "translation": [0, 4, 2],
            "scale": [0.68, 0.68, 0.68]
        }
    }
}