{
    "parent": "item/handheld_24",
    "display": {
        "thirdperson_righthand": {
            "rotation": [ 0, 90, 55 ],
            "translation": [ 0, 4.0, 2.5 ],
            "scale": [1.275, 1.275, 0.6375 ]
        },
        "thirdperson_lefthand": {
            "rotation": [ 0, -90, -55 ],
            "translation": [ 0, 4.0, 2.5 ],
            "scale": [1.275, 1.275, 0.6375 ]
        },
        "firstperson_righthand": {
            "rotation": [ 0, 90, 25 ],
            "translation": [ 0, 1.6, 0.8 ],
            "scale": [1.02, 1.02, 0.51 ]
        },
        "firstperson_lefthand": {
            "rotation": [ 0, -90, -25 ],
            "translation": [ 0, 1.6, 0.8 ],
            "scale": [1.02, 1.02, 0.51 ]
        }
    }
}
