{
    "parent": "block/orientable",
    "textures": {
        "top": "minecraft:block/pumpkin_top",
        "front": "minecraft:block/jack_o_lantern",
        "side": "minecraft:block/pumpkin_side"    
    },
    "overrides": [
        {
            "predicate": {
                "custom_model_data": 20017
            },
            "model": "item/sacred_treasure/jack_o_lantern/20017"
        },
        {
            "predicate": {
                "custom_model_data": 20018
            },
            "model": "item/jack_o_lantern"
        }
    ]
}